name,region,lat,lng
Airdrie,AB,51.3001,-114.0353
Ardrossan,AB,53.5501,-113.1353
Athabasca,AB,54.7169,-113.2854
Banff,AB,51.1762,-115.5698
Barrhead,AB,54.1335,-114.4021
Bassano,AB,50.7900,-112.4681
Bearspaw,AB,51.1334,-114.3020
Beaumont,AB,53.3501,-113.4187
Beaverlodge,AB,55.2166,-119.4360
Bentley,AB,52.4654,-114.0501
Black Diamond,AB,50.6877,-114.2324
Blackfalds,AB,52.3834,-113.7853
Blairmore,AB,49.6000,-114.4353
Bon Accord,AB,53.8334,-113.4187
Bonnyville,AB,54.2668,-110.7351
Bow Island,AB,49.8668,-111.3684
Bowden,AB,51.9288,-114.0349
Brooks,AB,50.5834,-111.8851
Calgary,AB,51.0501,-114.0853
Calmar,AB,53.2668,-113.8187
Camrose,AB,53.0168,-112.8353
Canmore,AB,51.0834,-115.3521
Cardston,AB,49.2000,-113.3019
Carstairs,AB,51.5668,-114.1020
Chestermere,AB,51.0334,-113.8187
Clairmont,AB,55.2667,-118.7860
Claresholm,AB,50.0333,-113.5852
Coaldale,AB,49.7167,-112.6185
Coalhurst,AB,49.7464,-112.9325
Cochrane,AB,51.1834,-114.4687
Cold Lake,AB,54.4652,-110.1815
Coleman,AB,49.6333,-114.5020
Crossfield,AB,51.4334,-114.0353
Devon,AB,53.3668,-113.7353
Didsbury,AB,51.6668,-114.1353
Drayton Valley,AB,53.2168,-114.9854
Drumheller,AB,51.4617,-112.7101
Dunmore,AB,49.9668,-110.6016
Eckville,AB,52.3627,-114.3701
Edmonton,AB,53.5501,-113.4687
Edson,AB,53.5834,-116.4356
Elk Point,AB,53.9002,-110.9017
Fairview,AB,56.0667,-118.3861
Falher,AB,55.7334,-117.2026
Fort Macleod,AB,49.7167,-113.4186
Fort McMurray,AB,56.7268,-111.3810
Fort Saskatchewan,AB,53.6981,-113.2138
Fox Creek,AB,54.4001,-116.8024
Gibbons,AB,53.8334,-113.3353
Grand Centre,AB,54.4163,-110.2130
Grande Cache,AB,53.8834,-119.1359
Grande Prairie,AB,55.1667,-118.8027
Grimshaw,AB,56.1834,-117.6027
Hanna,AB,51.6334,-111.9018
Heritage Pointe,AB,50.8421,-114.0049
High Level,AB,58.5169,-117.1360
High Prairie,AB,55.4334,-116.4858
High River,AB,50.5834,-113.8687
Hinton,AB,53.4001,-117.5857
Innisfail,AB,52.0269,-113.9507
Irricana,AB,51.3237,-113.6047
Jasper,AB,52.8795,-118.0804
Jasper Park Lodge,AB,52.8863,-118.0563
Killam,AB,52.7834,-111.8517
La Crete,AB,58.1835,-116.4027
Lac La Biche,AB,54.7669,-111.9686
Lacombe,AB,52.4668,-113.7353
Lamont,AB,53.7669,-112.8020
Leduc,AB,53.2668,-113.5520
Lethbridge,AB,49.7000,-112.8186
Lloydminster,AB,53.2724,-110.0226
Magrath,AB,49.4167,-112.8686
Manning,AB,56.9217,-117.6312
Mayerthorpe,AB,53.9502,-115.1355
Medicine Hat,AB,50.0393,-110.6766
Millet,AB,53.0941,-113.4706
Morinville,AB,53.8001,-113.6520
Nanton,AB,50.3501,-113.7687
Okotoks,AB,50.7289,-113.9828
Olds,AB,51.7834,-114.1020
Peace River,AB,56.2371,-117.2918
Penhold,AB,52.1334,-113.8687
Picture Butte,AB,49.8833,-112.7852
Pincher Creek,AB,49.4833,-113.9519
Ponoka,AB,52.6768,-113.5815
Provost,AB,52.3501,-110.2683
Raymond,AB,49.4638,-112.6602
Red Deer,AB,52.2668,-113.8020
Redcliff,AB,50.0834,-110.7849
Rimbey,AB,52.6334,-114.2353
Rocky Mountain House,AB,52.3668,-114.9188
Sexsmith,AB,55.3500,-118.7860
Sherwood Park,AB,53.5168,-113.3187
Slave Lake,AB,55.2834,-114.7690
Smoky Lake,AB,54.1169,-112.4686
Spirit River,AB,55.7833,-118.8361
Springbrook,AB,52.1792,-113.8798
Spruce Grove,AB,53.5334,-113.9187
St. Albert,AB,53.6334,-113.6353
St. Paul,AB,53.9835,-111.2851
Stettler,AB,52.3168,-112.7186
Stony Plain,AB,53.5334,-114.0020
Strathmore,AB,51.0501,-113.3852
Sundre,AB,51.8001,-114.6353
Swan Hills,AB,54.7168,-115.4023
Sylvan Lake,AB,52.3110,-114.0837
Taber,AB,49.7870,-112.1460
Three Hills,AB,51.7001,-113.2686
Tofield,AB,53.3668,-112.6686
Turner Valley,AB,50.6668,-114.2853
Two Hills,AB,53.7103,-111.7459
Valleyview,AB,55.0667,-117.2858
Vauxhall,AB,50.0668,-112.1185
Vegreville,AB,53.5001,-112.0518
Vermilion,AB,53.3541,-110.8585
Viking,AB,53.0961,-111.7753
Vulcan,AB,50.4001,-113.2519
Wabasca-Desmarais,AB,55.9667,-113.8500
Wainwright,AB,52.8348,-110.8534
Wembley,AB,55.1499,-119.1360
Westlake,AB,55.2223,-118.8042
Westlock,AB,54.1502,-113.8688
Wetaskiwin,AB,52.9668,-113.3687
Whitecourt,AB,54.1501,-115.6855
Akutan,AK,54.1343,-165.7751
Anchor Point,AK,59.7767,-151.8314
Anchorage,AK,61.2181,-149.9003
Badger,AK,64.8000,-147.5333
Bear Creek,AK,60.1642,-149.3950
Bethel,AK,60.7922,-161.7558
Big Lake,AK,61.5214,-149.9544
Butte,AK,61.5422,-149.0333
Chevak,AK,61.5278,-165.5864
Cohoe,AK,60.3686,-151.3064
College,AK,64.8569,-147.8028
Cordova,AK,60.5432,-145.7587
Craig,AK,55.4764,-133.1483
Deltana,AK,63.8722,-145.2177
Diamond Ridge,AK,59.6761,-151.5575
Dillingham,AK,59.0397,-158.4575
Dutch Harbor,AK,53.8898,-166.5422
Eagle River,AK,61.3214,-149.5678
Eielson Air Force Base,AK,64.6633,-147.0544
Elmendorf Air Force Base,AK,61.2570,-149.6314
Ester,AK,64.8472,-148.0144
Fairbanks,AK,64.8378,-147.7164
Farm Loop,AK,61.6389,-149.1421
Farmers Loop,AK,64.9082,-147.6987
Fishhook,AK,61.7440,-149.2361
Fritz Creek,AK,59.7361,-151.2953
Funny River,AK,60.5019,-150.7622
Gateway,AK,61.5728,-149.2408
Girdwood,AK,60.9425,-149.1664
Haines,AK,59.2360,-135.4453
Healy,AK,63.8569,-148.9661
Homer,AK,59.6425,-151.5494
Hooper Bay,AK,61.5311,-166.0967
Houston,AK,61.6303,-149.8181
Juneau,AK,58.3019,-134.4197
Kalifornsky,AK,60.4183,-151.2900
Kenai,AK,60.5544,-151.2583
Ketchikan,AK,55.3418,-131.6476
King Cove,AK,55.0609,-162.3185
Knik-Fairview,AK,61.5126,-149.6001
Kodiak,AK,57.7885,-152.4053
Kodiak Station,AK,57.7659,-152.6000
Kotzebue,AK,66.8985,-162.5981
Lakes,AK,61.6071,-149.3086
Lazy Mountain,AK,61.6261,-148.9456
Meadow Lakes,AK,61.6247,-149.6011
Metlakatla,AK,55.1290,-131.5770
Nikiski,AK,60.6903,-151.2889
Nome,AK,64.5011,-165.4064
North Pole,AK,64.7511,-147.3494
Palmer,AK,61.5994,-149.1146
Petersburg,AK,56.8125,-132.9556
Prudhoe Bay,AK,70.2553,-148.3372
Ridgeway,AK,60.5319,-151.0853
Salcha,AK,64.5240,-146.9021
Sand Point,AK,55.3360,-160.5007
Seward,AK,60.1043,-149.4435
Sitka,AK,57.0532,-135.3309
Skagway,AK,59.4583,-135.3139
Soldotna,AK,60.4878,-151.0583
Sterling,AK,60.5372,-150.7647
Susitna North,AK,62.1613,-149.8508
Sutton-Alpine,AK,61.7104,-148.8941
Tanaina,AK,61.6269,-149.4281
Tok,AK,63.3367,-142.9856
Unalaska,AK,53.8741,-166.5341
Utqiagvik,AK,71.2906,-156.7887
Valdez,AK,61.1308,-146.3483
Wasilla,AK,61.5809,-149.4415
Willow,AK,61.7472,-150.0375
Wrangell,AK,56.4708,-132.3767
Abbeville,AL,31.5718,-85.2505
Adamsville,AL,33.6009,-86.9561
Alabaster,AL,33.2443,-86.8164
Albertville,AL,34.2678,-86.2088
Alexander City,AL,32.9440,-85.9539
Alexandria,AL,33.7740,-85.8855
Aliceville,AL,33.1296,-88.1514
Andalusia,AL,31.3081,-86.4824
Anniston,AL,33.6598,-85.8316
Arab,AL,34.3182,-86.4958
Argo,AL,33.6878,-86.5005
Ashford,AL,31.1830,-85.2363
Ashland,AL,33.2737,-85.8361
Ashville,AL,33.8370,-86.2544
Athens,AL,34.8024,-86.9722
Atmore,AL,31.0238,-87.4939
Attalla,AL,34.0218,-86.0886
Auburn,AL,32.6099,-85.4808
Ballplay,AL,34.0587,-85.8080
Bay Minette,AL,30.8830,-87.7730
Bayou La Batre,AL,30.4035,-88.2485
Bear Creek,AL,34.2748,-87.7006
Berry,AL,33.6598,-87.6000
Bessemer,AL,33.4018,-86.9544
Birmingham,AL,33.5207,-86.8025
Blountsville,AL,34.0815,-86.5911
Blue Ridge,AL,32.4926,-86.1905
Boaz,AL,34.2007,-86.1664
Brent,AL,32.9374,-87.1647
Brewton,AL,31.1052,-87.0722
Bridgeport,AL,34.9476,-85.7144
Brighton,AL,33.4343,-86.9472
Brook Highland,AL,33.4357,-86.6739
Brookside,AL,33.6379,-86.9167
Brookwood,AL,33.2557,-87.3208
Brundidge,AL,31.7202,-85.8161
Butler,AL,32.0896,-88.2220
Bynum,AL,33.6132,-85.9611
Cahaba Heights,AL,33.4640,-86.7319
Calera,AL,33.1029,-86.7536
Camden,AL,31.9910,-87.2905
Carbon Hill,AL,33.8918,-87.5261
Carlisle-Rockledge,AL,34.1144,-86.1241
Carrollton,AL,33.2617,-88.0950
Cedar Bluff,AL,34.2201,-85.6077
Center Point,AL,33.6457,-86.6836
Centre,AL,34.1520,-85.6788
Centreville,AL,32.9462,-87.1167
Chalkville,AL,33.6532,-86.6478
Chatom,AL,31.4652,-88.2545
Chelsea,AL,33.3401,-86.6303
Cherokee,AL,34.7570,-87.9728
Chickasaw,AL,30.7638,-88.0747
Childersburg,AL,33.2782,-86.3550
Choccolocco,AL,33.6593,-85.7036
Citronelle,AL,31.0907,-88.2281
Clanton,AL,32.8387,-86.6294
Clay,AL,33.7026,-86.5997
Clayton,AL,31.8782,-85.4497
Cleveland,AL,33.9909,-86.5775
Clio,AL,31.7088,-85.6105
Coaling,AL,33.1590,-87.3408
Collinsville,AL,34.2640,-85.8605
Columbiana,AL,33.1782,-86.6072
Concord,AL,33.4676,-87.0311
Coosada,AL,32.4979,-86.3314
Cordova,AL,33.7598,-87.1833
Cottonwood,AL,31.0488,-85.3049
Cowarts,AL,31.2002,-85.3046
Creola,AL,30.8919,-88.0397
Crossville,AL,34.2876,-85.9941
Cullman,AL,34.1748,-86.8436
Dadeville,AL,32.8312,-85.7636
Daleville,AL,31.3102,-85.7130
Danville,AL,34.4145,-87.0875
Daphne,AL,30.6035,-87.9036
Dauphin Island,AL,30.2555,-88.1097
Deatsville,AL,32.6082,-86.3958
Decatur,AL,34.6059,-86.9833
Demopolis,AL,32.5176,-87.8364
Dixiana,AL,33.7402,-86.6494
Dora,AL,33.7287,-87.0903
Dothan,AL,31.2232,-85.3905
Double Springs,AL,34.1464,-87.4025
East Brewton,AL,31.0932,-87.0627
East Florence,AL,34.8095,-87.6495
Eclectic,AL,32.6354,-86.0344
Elba,AL,31.4146,-86.0677
Elberta,AL,30.4144,-87.5978
Elmore,AL,32.5387,-86.3150
Emerald Mountain,AL,32.4479,-86.0943
Enterprise,AL,31.3152,-85.8552
Eufaula,AL,31.8913,-85.1455
Eutaw,AL,32.8406,-87.8876
Evergreen,AL,31.4335,-86.9569
Fairfield,AL,33.4859,-86.9119
Fairhope,AL,30.5230,-87.9033
Falkville,AL,34.3684,-86.9086
Fayette,AL,33.6846,-87.8308
Fayetteville,AL,33.1457,-86.4058
Flint City,AL,34.5232,-86.9703
Flomaton,AL,31.0002,-87.2608
Florala,AL,31.0052,-86.3280
Florence,AL,34.7998,-87.6773
Foley,AL,30.4066,-87.6836
Forestdale,AL,33.5701,-86.8964
Fort Deposit,AL,31.9846,-86.5786
Fort Novosel,AL,31.3428,-85.7154
Fort Payne,AL,34.4442,-85.7197
Frisco City,AL,31.4335,-87.4014
Fultondale,AL,33.6048,-86.7939
Fyffe,AL,34.4468,-85.9041
Gadsden,AL,34.0143,-86.0064
Gardendale,AL,33.6601,-86.8128
Geneva,AL,31.0330,-85.8638
Georgiana,AL,31.6371,-86.7419
Glencoe,AL,33.9570,-85.9325
Good Hope,AL,34.1159,-86.8636
Goodwater,AL,33.0657,-86.0533
Gordo,AL,33.3201,-87.9028
Grand Bay,AL,30.4763,-88.3422
Grayson Valley,AL,33.6482,-86.6394
Graysville,AL,33.6207,-86.9714
Greensboro,AL,32.7041,-87.5955
Greenville,AL,31.8296,-86.6178
Grove Hill,AL,31.7088,-87.7772
Guin,AL,33.9657,-87.9147
Gulf Shores,AL,30.2460,-87.7008
Guntersville,AL,34.3582,-86.2945
Hackleburg,AL,34.2773,-87.8286
Haleyville,AL,34.2265,-87.6214
Hamilton,AL,34.1423,-87.9886
Hanceville,AL,34.0607,-86.7675
Harpersville,AL,33.3440,-86.4380
Hartford,AL,31.1024,-85.6969
Hartselle,AL,34.4434,-86.9353
Harvest,AL,34.8556,-86.7508
Hayden,AL,33.8926,-86.7578
Hayneville,AL,32.1840,-86.5803
Hazel Green,AL,34.9323,-86.5719
Headland,AL,31.3513,-85.3422
Heflin,AL,33.6490,-85.5875
Helena,AL,33.2962,-86.8436
Henagar,AL,34.6351,-85.7672
Highland Lakes,AL,33.3984,-86.6513
Hokes Bluff,AL,33.9982,-85.8664
Holt,AL,33.2340,-87.4844
Holtville,AL,32.6362,-86.3266
Homewood,AL,33.4718,-86.8008
Hoover,AL,33.4054,-86.8114
Horton,AL,34.2009,-86.2969
Hueytown,AL,33.4512,-86.9967
Huguley,AL,32.8346,-85.2297
Huntsville,AL,34.7304,-86.5859
Indian Springs Village,AL,33.3554,-86.7544
Inverness,AL,32.0149,-85.7461
Irondale,AL,33.5382,-86.7072
Jack,AL,31.5740,-86.0002
Jackson,AL,31.5090,-87.8944
Jacksonville,AL,33.8138,-85.7613
Jasper,AL,33.8312,-87.2775
Jemison,AL,32.9599,-86.7467
Kimberly,AL,33.7734,-86.8139
Kinsey,AL,31.2991,-85.3444
Ladonia,AL,32.4682,-85.0791
Lafayette,AL,32.8999,-85.4011
Lake Purdy,AL,33.4301,-86.6805
Lake View,AL,33.2807,-87.1375
Lanett,AL,32.8687,-85.1905
Leeds,AL,33.5482,-86.5444
Leesburg,AL,34.1798,-85.7614
Level Plains,AL,31.2996,-85.7780
Lillian,AL,30.4130,-87.4369
Lincoln,AL,33.6132,-86.1183
Linden,AL,32.3062,-87.7981
Lineville,AL,33.3107,-85.7544
Lipscomb,AL,33.4257,-86.9267
Livingston,AL,32.5843,-88.1873
Locust Fork,AL,33.9076,-86.6153
Loxley,AL,30.6182,-87.7531
Luverne,AL,31.7166,-86.2639
Madison,AL,34.6993,-86.7483
Malvern,AL,31.1393,-85.5191
Marbury,AL,32.7012,-86.4711
Margaret,AL,33.6862,-86.4750
Marion,AL,32.6324,-87.3192
Meadowbrook,AL,33.4021,-86.6967
Meridianville,AL,34.8515,-86.5722
Midfield,AL,33.4615,-86.9089
Midland City,AL,31.3191,-85.4938
Millbrook,AL,32.4799,-86.3619
Minor,AL,33.5373,-86.9406
Mobile,AL,30.6944,-88.0430
Monroeville,AL,31.5279,-87.3247
Montevallo,AL,33.1007,-86.8642
Montgomery,AL,32.3668,-86.3000
Moody,AL,33.5909,-86.4908
Moores Mill,AL,34.8440,-86.5183
Morris,AL,33.7482,-86.8086
Moulton,AL,34.4812,-87.2934
Moundville,AL,32.9976,-87.6300
Mount Olive,AL,33.6709,-86.8561
Mount Vernon,AL,31.0852,-88.0133
Mountain Brook,AL,33.5009,-86.7522
Munford,AL,33.5298,-85.9508
Muscle Shoals,AL,34.7448,-87.6675
New Brockton,AL,31.3857,-85.9294
New Hope,AL,34.5371,-86.3943
New Market,AL,34.9100,-86.4278
Newton,AL,31.3352,-85.6052
North Bibb,AL,33.2040,-87.1530
Northport,AL,33.2290,-87.5772
Odenville,AL,33.6773,-86.3966
Ohatchee,AL,33.7834,-86.0025
Oneonta,AL,33.9481,-86.4728
Opelika,AL,32.6454,-85.3783
Opp,AL,31.2827,-86.2555
Orange Beach,AL,30.2944,-87.5736
Owens Cross Roads,AL,34.5881,-86.4589
Oxford,AL,33.6143,-85.8350
Ozark,AL,31.4591,-85.6405
Pelham,AL,33.2857,-86.8100
Pell City,AL,33.5862,-86.2861
Phenix City,AL,32.4710,-85.0008
Phil Campbell,AL,34.3509,-87.7064
Piedmont,AL,33.9246,-85.6114
Pike Road,AL,32.2843,-86.1030
Pine Level,AL,32.5837,-86.4655
Pinson,AL,33.6890,-86.6833
Plateau,AL,30.7356,-88.0606
Pleasant Grove,AL,33.4909,-86.9703
Point Clear,AL,30.4741,-87.9192
Prattville,AL,32.4640,-86.4597
Priceville,AL,34.5251,-86.8947
Prichard,AL,30.7388,-88.0789
Ragland,AL,33.7445,-86.1558
Rainbow City,AL,33.9548,-86.0419
Rainsville,AL,34.4943,-85.8478
Red Bay,AL,34.4398,-88.1409
Redstone Arsenal,AL,34.6839,-86.6476
Reform,AL,33.3785,-88.0153
Rehobeth,AL,31.1230,-85.4527
Riverside,AL,33.6062,-86.2044
Roanoke,AL,33.1512,-85.3722
Robertsdale,AL,30.5538,-87.7119
Rock Creek,AL,33.4770,-87.0803
Rockford,AL,32.8896,-86.2197
Rogersville,AL,34.8258,-87.2968
Russellville,AL,34.5079,-87.7286
Saks,AL,33.6987,-85.8397
Samson,AL,31.1130,-86.0460
Saraland,AL,30.8207,-88.0706
Sardis City,AL,34.1743,-86.1227
Satsuma,AL,30.8532,-88.0561
Scottsboro,AL,34.6723,-86.0341
Selma,AL,32.4074,-87.0211
Selmont-West Selmont,AL,32.3784,-87.0074
Semmes,AL,30.7782,-88.2592
Sheffield,AL,34.7651,-87.6986
Shelby,AL,33.1104,-86.5841
Shoal Creek,AL,33.4308,-86.6109
Slocomb,AL,31.1082,-85.5944
Smiths Station,AL,32.5401,-85.0986
Smoke Rise,AL,33.8918,-86.8203
Southside,AL,33.9245,-86.0225
Spanish Fort,AL,30.6749,-87.9153
Springville,AL,33.7751,-86.4719
Steele,AL,33.9398,-86.2016
Stevenson,AL,34.8687,-85.8394
Stewartville,AL,33.0793,-86.2444
Sulligent,AL,33.9018,-88.1345
Sumiton,AL,33.7557,-87.0500
Summerdale,AL,30.4877,-87.6997
Sylacauga,AL,33.1732,-86.2516
Sylvan Springs,AL,33.5157,-87.0150
Sylvania,AL,34.5623,-85.8125
Talladega,AL,33.4359,-86.1058
Tallassee,AL,32.5360,-85.8933
Tarrant,AL,33.5834,-86.7728
Taylor,AL,31.1649,-85.4683
Taylor,AL,31.9754,-86.2333
Theodore,AL,30.5477,-88.1753
Thomasville,AL,31.9135,-87.7358
Thorsby,AL,32.9157,-86.7158
Tillmans Corner,AL,30.5902,-88.1708
Town Creek,AL,34.6812,-87.4061
Trinity,AL,34.6068,-87.0884
Troy,AL,31.8088,-85.9699
Trussville,AL,33.6198,-86.6089
Tuscaloosa,AL,33.2098,-87.5692
Tuscumbia,AL,34.7312,-87.7025
Tuskegee,AL,32.4241,-85.6910
Underwood-Petersville,AL,34.8770,-87.6972
Union Springs,AL,32.1443,-85.7150
Uniontown,AL,32.4496,-87.5142
Valley,AL,32.8187,-85.1794
Valley Grande,AL,32.5090,-86.9875
Vance,AL,33.1743,-87.2336
Vandiver,AL,33.4707,-86.5133
Vernon,AL,33.7570,-88.1089
Vestavia Hills,AL,33.4487,-86.7878
Vincent,AL,33.3845,-86.4119
Warrior,AL,33.8143,-86.8094
Washington Street Courthouse Annex,AL,34.8026,-86.9730
Weaver,AL,33.7520,-85.8114
Webb,AL,31.2604,-85.2733
Wedowee,AL,33.3090,-85.4847
West Blocton,AL,33.1182,-87.1250
West End-Cobb Town,AL,33.6525,-85.8742
Westover,AL,33.3496,-86.5358
Wetumpka,AL,32.5437,-86.2119
Whitesboro,AL,34.1634,-86.0694
Wilsonville,AL,33.2343,-86.4836
Winfield,AL,33.9290,-87.8173
Woodstock,AL,33.2068,-87.1500
York,AL,32.4862,-88.2964
Alexander,AR,34.6295,-92.4413
Alma,AR,35.4779,-94.2219
Arkadelphia,AR,34.1209,-93.0538
Arkansas City,AR,33.6087,-91.2068
Ash Flat,AR,36.2240,-91.6085
Ashdown,AR,33.6743,-94.1313
Atkins,AR,35.2465,-92.9366
Augusta,AR,35.2823,-91.3654
Austin,AR,34.9984,-91.9838
Bald Knob,AR,35.3098,-91.5679
Barling,AR,35.3257,-94.3016
Batesville,AR,35.7698,-91.6410
Bay,AR,35.7423,-90.5623
Beebe,AR,35.0706,-91.8796
Bella Vista,AR,36.4807,-94.2713
Benton,AR,34.5645,-92.5868
Bentonville,AR,36.3728,-94.2088
Berryville,AR,36.3648,-93.5680
Bethel Heights,AR,36.2142,-94.1294
Blytheville,AR,35.9273,-89.9190
Bono,AR,35.9087,-90.8026
Booneville,AR,35.1401,-93.9216
Brinkley,AR,34.8879,-91.1946
Brookland,AR,35.9001,-90.5820
Bryant,AR,34.5959,-92.4891
Bull Shoals,AR,36.3840,-92.5815
Cabot,AR,34.9745,-92.0165
Calico Rock,AR,36.1195,-92.1360
Camden,AR,33.5846,-92.8343
Caraway,AR,35.7581,-90.3223
Carlisle,AR,34.7831,-91.7465
Cave City,AR,35.9417,-91.5485
Cave Springs,AR,36.2634,-94.2319
Cedarville,AR,35.5698,-94.3669
Centerton,AR,36.3598,-94.2852
Charleston,AR,35.2970,-94.0363
Cherokee Village,AR,36.2978,-91.5160
Clarendon,AR,34.6932,-91.3137
Clarksville,AR,35.4715,-93.4666
Clinton,AR,35.5915,-92.4604
Coal Hill,AR,35.4373,-93.6730
Conway,AR,35.0887,-92.4421
Corning,AR,36.4078,-90.5798
Crossett,AR,33.1282,-91.9612
Danville,AR,35.0540,-93.3935
Dardanelle,AR,35.2231,-93.1579
De Queen,AR,34.0379,-94.3413
De Witt,AR,34.2929,-91.3379
Decatur,AR,36.3359,-94.4608
Dermott,AR,33.5254,-91.4360
Des Arc,AR,34.9770,-91.4951
Diaz,AR,35.6384,-91.2651
Dierks,AR,34.1193,-94.0166
Dover,AR,35.4015,-93.1143
Dumas,AR,33.8871,-91.4918
Earle,AR,35.2751,-90.4668
East End,AR,34.5506,-92.3410
El Dorado,AR,33.2076,-92.6663
Elkins,AR,36.0015,-94.0083
Elm Springs,AR,36.2062,-94.2344
England,AR,34.5443,-91.9690
Eudora,AR,33.1096,-91.2621
Eureka Springs,AR,36.4012,-93.7380
Fairfield Bay,AR,35.5942,-92.2779
Farmington,AR,36.0420,-94.2472
Fayetteville,AR,36.0626,-94.1574
Flippin,AR,36.2790,-92.5971
Fordyce,AR,33.8137,-92.4129
Forrest City,AR,35.0082,-90.7898
Fort Smith,AR,35.3859,-94.3986
Gassville,AR,36.2831,-92.4941
Gentry,AR,36.2676,-94.4847
Gibson,AR,34.8843,-92.2357
Glenwood,AR,34.3268,-93.5507
Goshen,AR,36.1012,-93.9913
Gosnell,AR,35.9598,-89.9720
Gravel Ridge,AR,34.8684,-92.1907
Gravette,AR,36.4220,-94.4536
Green Forest,AR,36.3353,-93.4360
Greenbrier,AR,35.2340,-92.3876
Greenland,AR,35.9943,-94.1752
Greenwood,AR,35.2156,-94.2558
Gurdon,AR,33.9209,-93.1541
Hamburg,AR,33.2282,-91.7976
Hampton,AR,33.5379,-92.4699
Harrisburg,AR,35.5643,-90.7168
Harrison,AR,36.2298,-93.1077
Haskell,AR,34.5015,-92.6365
Hazen,AR,34.7809,-91.5810
Heber Springs,AR,35.4915,-92.0313
Helena,AR,34.5296,-90.5918
Helena-West Helena,AR,34.5291,-90.5900
Highland,AR,36.2759,-91.5240
Holiday Island,AR,36.4853,-93.7321
Hope,AR,33.6671,-93.5916
Horatio,AR,33.9385,-94.3572
Horseshoe Bend,AR,36.2292,-91.7643
Hot Springs,AR,34.5037,-93.0552
Hot Springs Village,AR,34.6720,-92.9988
Hoxie,AR,36.0504,-90.9751
Hughes,AR,34.9493,-90.4715
Huntsville,AR,36.0862,-93.7413
Jacksonville,AR,34.8662,-92.1102
Jasper,AR,36.0081,-93.1866
Johnson,AR,36.1329,-94.1655
Jonesboro,AR,35.8423,-90.7043
Judsonia,AR,35.2701,-91.6399
Kensett,AR,35.2317,-91.6676
Lake City,AR,35.8162,-90.4343
Lake Hamilton,AR,34.4245,-93.0952
Lake Village,AR,33.3287,-91.2818
Lamar,AR,35.4406,-93.3880
Landmark,AR,34.6112,-92.3196
Lavaca,AR,35.3362,-94.1733
Leachville,AR,35.9359,-90.2579
Lepanto,AR,35.6112,-90.3298
Lewisville,AR,33.3585,-93.5777
Lincoln,AR,35.9495,-94.4236
Little Flock,AR,36.3859,-94.1352
Little Rock,AR,34.7465,-92.2896
Little Rock Air Force Base,AR,34.8915,-92.1595
London,AR,35.3290,-93.2530
Lonoke,AR,34.7840,-91.8999
Lowell,AR,36.2553,-94.1308
Luxora,AR,35.7562,-89.9281
Magnolia,AR,33.2671,-93.2393
Malvern,AR,34.3623,-92.8130
Manila,AR,35.8801,-90.1670
Mansfield,AR,35.0595,-94.2527
Marianna,AR,34.7737,-90.7576
Marion,AR,35.2145,-90.1965
Marked Tree,AR,35.5329,-90.4207
Marmaduke,AR,36.1870,-90.3832
Marshall,AR,35.9090,-92.6313
Marvell,AR,34.5557,-90.9129
Maumelle,AR,34.8668,-92.4043
Mayflower,AR,34.9570,-92.4274
McAlmont,AR,34.8084,-92.1818
McCrory,AR,35.2562,-91.2001
McGehee,AR,33.6290,-91.3996
Melbourne,AR,36.0595,-91.9085
Mena,AR,34.5862,-94.2397
Midway,AR,36.3853,-92.4618
Mineral Springs,AR,33.8751,-93.9138
Monette,AR,35.8906,-90.3443
Monticello,AR,33.6290,-91.7910
Morrilton,AR,35.1509,-92.7441
Mount Ida,AR,34.5568,-93.6341
Mountain Home,AR,36.3353,-92.3852
Mountain View,AR,35.8684,-92.1176
Mulberry,AR,35.5006,-94.0516
Murfreesboro,AR,34.0623,-93.6899
Nashville,AR,33.9457,-93.8471
Newark,AR,35.7017,-91.4415
Newport,AR,35.6048,-91.2818
North Crossett,AR,33.1657,-91.9415
North Little Rock,AR,34.7695,-92.2671
Ola,AR,35.0323,-93.2232
Osceola,AR,35.7051,-89.9695
Ozark,AR,35.4870,-93.8277
Paragould,AR,36.0584,-90.4973
Paris,AR,35.2920,-93.7299
Parkin,AR,35.2634,-90.5712
Pea Ridge,AR,33.9207,-91.3368
Pea Ridge,AR,36.4540,-94.1152
Perryville,AR,35.0048,-92.8027
Piggott,AR,36.3828,-90.1907
Pine Bluff,AR,34.2284,-92.0032
Piney,AR,34.5031,-93.1260
Pocahontas,AR,36.2615,-90.9712
Pottsville,AR,35.2481,-93.0491
Prairie Creek,AR,36.3420,-94.0619
Prairie Grove,AR,35.9759,-94.3177
Prescott,AR,33.8026,-93.3810
Rector,AR,36.2631,-90.2926
Redfield,AR,34.4451,-92.1832
Rison,AR,33.9584,-92.1902
Rockwell,AR,34.4643,-93.1338
Rogers,AR,36.3320,-94.1185
Russellville,AR,35.2784,-93.1338
Salem,AR,36.3712,-91.8226
Salem,AR,34.6290,-92.5582
Searcy,AR,35.2506,-91.7362
Shannon Hills,AR,34.6201,-92.3954
Sheridan,AR,34.3070,-92.4013
Sherwood,AR,34.8151,-92.2243
Siloam Springs,AR,36.1881,-94.5405
Smackover,AR,33.3648,-92.7249
Southside,AR,35.6984,-91.6235
Springdale,AR,36.1867,-94.1288
Stamps,AR,33.3654,-93.4952
Star City,AR,33.9429,-91.8435
Stuttgart,AR,34.5004,-91.5526
Sulphur Springs,AR,34.1806,-92.1235
Texarkana,AR,33.4418,-94.0377
Tontitown,AR,36.1779,-94.2335
Trumann,AR,35.6737,-90.5073
Tuckerman,AR,35.7306,-91.1985
Van Buren,AR,35.4368,-94.3483
Vilonia,AR,35.0840,-92.2079
Waldo,AR,33.3515,-93.2957
Waldron,AR,34.8984,-94.0908
Walnut Ridge,AR,36.0684,-90.9560
Ward,AR,35.0304,-91.9504
Warren,AR,33.6126,-92.0646
West Crossett,AR,33.1410,-91.9940
West Fork,AR,35.9243,-94.1885
West Helena,AR,34.5507,-90.6418
West Memphis,AR,35.1465,-90.1845
White Hall,AR,34.2740,-92.0910
Wrightsville,AR,34.6023,-92.2168
Wynne,AR,35.2245,-90.7868
Yellville,AR,36.2262,-92.6849
Ajo,AZ,32.3717,-112.8607
Apache Junction,AZ,33.4151,-111.5496
Arivaca Junction,AZ,31.7273,-111.0612
Arizona City,AZ,32.7559,-111.6710
Avenue B and C,AZ,32.7190,-114.6600
Avondale,AZ,33.4356,-112.3496
Avra Valley,AZ,32.4378,-111.3154
Bagdad,AZ,34.5811,-113.2046
Beaver Dam,AZ,36.8994,-113.9327
Benson,AZ,31.9679,-110.2945
Big Park,AZ,34.7803,-111.7626
Bisbee,AZ,31.4481,-109.9284
Black Canyon City,AZ,34.0709,-112.1507
Blackwater,AZ,33.0312,-111.5826
Buckeye,AZ,33.3703,-112.5838
Bullhead City,AZ,35.1478,-114.5683
Bylas,AZ,33.1343,-110.1200
Cactus Flat,AZ,32.7584,-109.7162
Camp Verde,AZ,34.5636,-111.8543
Canyon Day,AZ,33.7848,-110.0265
Carefree,AZ,33.8223,-111.9182
Casa Blanca,AZ,33.1203,-111.8882
Casa Grande,AZ,32.8795,-111.7574
Casas Adobes,AZ,32.3234,-110.9951
Catalina,AZ,32.5056,-110.9211
Catalina Foothills,AZ,32.2978,-110.9187
Cave Creek,AZ,33.8333,-111.9508
Centennial Park,AZ,36.9538,-112.9813
Central Heights-Midland City,AZ,33.4037,-110.8154
Chandler,AZ,33.3062,-111.8413
Chinle,AZ,36.1544,-109.5526
Chino Valley,AZ,34.7575,-112.4538
Cibecue,AZ,34.0448,-110.4854
Cienega Springs,AZ,34.1886,-114.2247
Citrus Park,AZ,33.5487,-112.4443
Clarkdale,AZ,34.7711,-112.0579
Claypool,AZ,33.4112,-110.8426
Clifton,AZ,33.0509,-109.2962
Colorado City,AZ,36.9903,-112.9758
Congress,AZ,34.1625,-112.8507
Coolidge,AZ,32.9778,-111.5176
Cordes Lakes,AZ,34.3078,-112.1035
Cornville,AZ,34.7178,-111.9215
Corona de Tucson,AZ,31.9654,-110.7756
Cottonwood,AZ,34.7392,-112.0099
Desert Hills,AZ,34.5539,-114.3725
Dewey-Humboldt,AZ,34.5300,-112.2422
Dilkon,AZ,35.3853,-110.3207
Dolan Springs,AZ,35.5919,-114.2733
Donovan Estates,AZ,32.7094,-114.6782
Douglas,AZ,31.3446,-109.5453
Drexel Heights,AZ,32.1412,-111.0284
Eagar,AZ,34.1112,-109.2924
East Sahuarita,AZ,31.9429,-110.9284
Ehrenberg,AZ,33.6042,-114.5252
El Mirage,AZ,33.6131,-112.3246
Eloy,AZ,32.7559,-111.5548
First Mesa,AZ,35.8367,-110.3815
Flagstaff,AZ,35.1981,-111.6513
Florence,AZ,33.0314,-111.3873
Flowing Wells,AZ,32.2940,-111.0098
Fort Defiance,AZ,35.7445,-109.0765
Fortuna Foothills,AZ,32.6578,-114.4119
Fountain Hills,AZ,33.6117,-111.7174
Fredonia,AZ,36.9455,-112.5266
Ganado,AZ,35.7114,-109.5421
Gila Bend,AZ,32.9478,-112.7168
Gilbert,AZ,33.3528,-111.7890
Glendale,AZ,33.5386,-112.1860
Globe,AZ,33.3942,-110.7865
Gold Camp,AZ,33.2937,-111.3043
Gold Canyon,AZ,33.3715,-111.4369
Golden Shores,AZ,34.7819,-114.4778
Golden Valley,AZ,35.2233,-114.2230
Goodyear,AZ,33.4353,-112.3582
Grand Canyon,AZ,36.0544,-112.1393
Grand Canyon Village,AZ,36.0464,-112.1541
Green Valley,AZ,31.8543,-110.9937
Guadalupe,AZ,33.3709,-111.9629
Heber-Overgaard,AZ,34.4141,-110.5696
Holbrook,AZ,34.9023,-110.1582
Houck,AZ,35.2831,-109.2070
Huachuca City,AZ,31.6279,-110.3340
Joseph City,AZ,34.9559,-110.3340
Kachina Village,AZ,35.0970,-111.6927
Kaibito,AZ,36.5972,-111.0743
Kayenta,AZ,36.7278,-110.2546
Kearny,AZ,33.0570,-110.9107
Kingman,AZ,35.1894,-114.0530
Lake Havasu City,AZ,34.4839,-114.3225
Lake Montezuma,AZ,34.6322,-111.7779
Lake of the Woods,AZ,34.1639,-109.9895
LeChee,AZ,35.0322,-110.7529
LeChee,AZ,36.8621,-111.4406
Linden,AZ,34.2850,-110.1571
Litchfield Park,AZ,33.4934,-112.3579
Lukachukai,AZ,36.4169,-109.2287
Mammoth,AZ,32.7226,-110.6406
Many Farms,AZ,36.3528,-109.6179
Marana,AZ,32.4367,-111.2254
Maricopa,AZ,33.0581,-112.0476
Mayer,AZ,34.3978,-112.2363
Meadview,AZ,36.0022,-114.0683
Mesa,AZ,33.4223,-111.8226
Mescal,AZ,31.9901,-110.4353
Miami,AZ,33.3992,-110.8687
Mohave Valley,AZ,34.9331,-114.5888
Morenci,AZ,33.0520,-109.3280
Mountainaire,AZ,35.0853,-111.6660
Naco,AZ,31.3354,-109.9481
New Kingman-Butler,AZ,35.2650,-114.0323
New River,AZ,33.9159,-112.1360
Nogales,AZ,31.3404,-110.9343
North Fork,AZ,34.0017,-109.9635
Oracle,AZ,32.6109,-110.7709
Oro Valley,AZ,32.3909,-110.9665
Page,AZ,36.9147,-111.4558
Paradise Valley,AZ,33.5311,-111.9427
Parker,AZ,34.1500,-114.2891
Parks,AZ,35.2606,-111.9488
Paulden,AZ,34.8856,-112.4682
Payson,AZ,34.2309,-111.3251
Peach Springs,AZ,35.5292,-113.4255
Peoria,AZ,33.5806,-112.2374
Peridot,AZ,33.3103,-110.4554
Phoenix,AZ,33.4484,-112.0740
Picture Rocks,AZ,32.3459,-111.2462
Pima,AZ,32.8966,-109.8284
Pine,AZ,34.3845,-111.4551
Pinetop-Lakeside,AZ,34.1425,-109.9604
Pirtleville,AZ,31.3572,-109.5635
Prescott,AZ,34.5400,-112.4685
Prescott Valley,AZ,34.6100,-112.3157
Quartzsite,AZ,33.6639,-114.2300
Queen Creek,AZ,33.2487,-111.6343
Rio Rico,AZ,31.4715,-110.9765
Rio Verde,AZ,33.7225,-111.6757
Sacaton,AZ,33.0767,-111.7393
Saddlebrooke,AZ,32.5395,-110.9006
Safford,AZ,32.8340,-109.7076
Sahuarita,AZ,31.9576,-110.9557
Saint David,AZ,31.9043,-110.2142
Saint Johns,AZ,34.5059,-109.3609
Saint Michaels,AZ,35.6447,-109.0957
Salome,AZ,33.7811,-113.6146
San Carlos,AZ,33.3456,-110.4550
San Carlos,AZ,33.3459,-111.8507
San Luis,AZ,32.4870,-114.7822
San Manuel,AZ,32.5998,-110.6309
San Tan Valley,AZ,33.1911,-111.5280
Scenic,AZ,36.7936,-114.0127
Scottsdale,AZ,33.5092,-111.8990
Sedona,AZ,34.8697,-111.7610
Sells,AZ,31.9120,-111.8812
Show Low,AZ,34.2542,-110.0298
Sierra Vista,AZ,31.5545,-110.3037
Sierra Vista Southeast,AZ,31.4538,-110.2164
Six Shooter Canyon,AZ,33.3668,-110.7746
Snowflake,AZ,34.5134,-110.0785
Somerton,AZ,32.5964,-114.7097
South Tucson,AZ,32.1995,-110.9684
Spring Valley,AZ,34.3450,-112.1590
Springerville,AZ,34.1335,-109.2883
Star Valley,AZ,34.2550,-111.2585
Summit,AZ,32.0670,-110.9515
Sun City,AZ,33.5975,-112.2718
Sun City West,AZ,33.6620,-112.3413
Sun Lakes,AZ,33.2112,-111.8754
Sun Valley,AZ,34.2542,-111.2613
Superior,AZ,33.2940,-111.0962
Surprise,AZ,33.6306,-112.3332
Swift Trail Junction,AZ,32.7298,-109.7140
Tanque Verde,AZ,32.2517,-110.7373
Taylor,AZ,34.4650,-110.0912
Tempe,AZ,33.4148,-111.9093
Tempe Junction,AZ,33.4142,-111.9435
Thatcher,AZ,32.8492,-109.7592
Three Points,AZ,32.0767,-111.3137
Tolleson,AZ,33.4500,-112.2593
Tombstone,AZ,31.7129,-110.0676
Tonto Basin,AZ,33.8317,-111.2946
Tortolita,AZ,32.4104,-111.0173
Tsaile,AZ,36.3033,-109.2157
Tuba City,AZ,36.1350,-111.2399
Tubac,AZ,31.6126,-111.0459
Tucson,AZ,32.2217,-110.9265
Tucson Estates,AZ,32.1876,-111.0909
Vail,AZ,32.0479,-110.7120
Valencia West,AZ,32.1324,-111.1141
Valle Vista,AZ,35.4109,-113.8627
Verde Village,AZ,34.7105,-112.0115
Village of Oak Creek (Big Park),AZ,34.7809,-111.7623
Wellton,AZ,32.6728,-114.1469
West Sedona,AZ,34.8672,-111.8054
Whetstone,AZ,31.6925,-110.3501
White Mountain Lake,AZ,34.3486,-109.9979
Whiteriver,AZ,33.8370,-109.9643
Wickenburg,AZ,33.9686,-112.7296
Willcox,AZ,32.2529,-109.8320
Williams,AZ,35.2495,-112.1910
Williamson,AZ,34.6900,-112.5410
Willow Valley,AZ,34.9119,-114.6066
Window Rock,AZ,35.6806,-109.0526
Winslow,AZ,35.0242,-110.6974
Youngtown,AZ,33.5939,-112.3029
Yuma,AZ,32.7253,-114.6244
100 Mile House,BC,51.6498,-121.2859
108 Mile Ranch,BC,51.7489,-121.3689
Abbotsford,BC,49.0580,-122.2526
Agassiz,BC,49.2330,-121.7693
Aldergrove,BC,49.0580,-122.4709
Aldergrove East,BC,49.0561,-122.4546
Anahim Lake,BC,52.4665,-125.3066
Anmore,BC,49.3164,-122.8526
Ardmore,BC,48.6385,-123.4693
Armstrong,BC,50.4498,-119.2023
Ashcroft,BC,50.7237,-121.2821
Barriere,BC,51.1831,-120.1192
Bella Bella,BC,52.1631,-128.1440
Bella Coola,BC,52.3718,-126.7539
Big Eddy,BC,51.0000,-118.2167
Blind Bay,BC,50.8831,-119.3857
Bowen Island,BC,49.3847,-123.3362
Bowser,BC,49.4447,-124.6886
Bradner,BC,49.1000,-122.4167
Brentwood Bay,BC,48.5829,-123.4526
Burnaby,BC,49.2664,-122.9526
Burns Lake,BC,54.2297,-125.7608
Burquitlam,BC,49.2667,-122.8833
Cache Creek,BC,50.8101,-121.3246
Campbell River,BC,50.0163,-125.2446
Canoe,BC,50.7500,-119.2333
Castlegar,BC,49.3232,-117.6583
Cawston,BC,49.1825,-119.7596
Cedar,BC,49.1163,-123.8527
Central Saanich,BC,48.5663,-123.4193
Chase,BC,50.8165,-119.6857
Chemainus,BC,48.9163,-123.7194
Chetwynd,BC,55.6999,-121.6363
Chilliwack,BC,49.1664,-121.9526
Christina Lake,BC,49.0397,-118.2085
Clayburn,BC,49.0691,-122.2618
Clearwater,BC,51.6406,-120.0277
Clinton,BC,51.0831,-121.5860
Coldstream,BC,50.2165,-119.2023
Colwood,BC,48.4329,-123.4859
Comox,BC,49.6829,-124.9361
Coombs,BC,49.2996,-124.4195
Coquitlam,BC,49.2846,-122.7822
Courtenay,BC,49.6866,-124.9936
Cowichan Bay,BC,48.7337,-123.6174
Cranbrook,BC,49.4999,-115.7688
Creston,BC,49.0999,-116.5021
Crofton,BC,48.8663,-123.6527
Cultus Lake,BC,49.0667,-121.9667
Cumberland,BC,49.6163,-125.0361
Dawson Creek,BC,55.7598,-120.2403
Deep Cove,BC,48.6833,-123.4667
Delta,BC,49.0892,-123.0532
Denman Island,BC,49.5329,-124.8195
Denman Island Trust Area,BC,49.5519,-124.7988
Duncan,BC,48.7829,-123.7027
East Sooke,BC,48.3664,-123.6836
East Wellington,BC,49.1739,-124.0174
Elkford,BC,50.0153,-114.9235
Ellison,BC,49.9331,-119.3691
Enderby,BC,50.5498,-119.1523
Esquimalt,BC,48.4357,-123.4117
Essondale,BC,49.2297,-122.8111
Fairwinds,BC,49.2759,-124.1278
Fernie,BC,49.5000,-115.0687
Fleetwood,BC,49.1667,-122.8000
Fort Nelson,BC,58.8053,-122.7002
Fort St. James,BC,54.4560,-124.2627
Fort St. John,BC,56.2499,-120.8529
French Creek,BC,49.3412,-124.3554
Fruitvale,BC,49.1165,-117.5522
Gabriola,BC,49.1704,-123.8499
Ganges,BC,48.8534,-123.5003
Gibsons,BC,49.3954,-123.5055
Gold River,BC,49.7809,-126.0501
Golden,BC,51.3000,-116.9689
Grand Forks,BC,49.0331,-118.4356
Greektown,BC,49.2641,-123.1757
Grindrod,BC,50.6331,-119.1191
Halfmoon Bay,BC,49.5129,-123.9087
Hanceville,BC,51.9192,-123.0446
Harewood,BC,49.1474,-123.9474
Harrison Hot Springs,BC,49.2997,-121.7859
Hope,BC,49.3830,-121.4414
Hornby Island,BC,49.5345,-124.6692
Houston,BC,54.3998,-126.6701
Invermere,BC,50.5167,-116.0354
Kaleden,BC,49.3984,-119.6042
Kamloops,BC,50.6665,-120.3192
Kaslo,BC,49.9166,-116.9189
Keating,BC,48.5667,-123.4000
Kelowna,BC,49.8831,-119.4857
Keremeos,BC,49.1998,-119.8357
Kimberley,BC,49.6707,-115.9776
Kitimat,BC,54.0524,-128.6534
Koksilah,BC,48.7667,-123.6833
Ladysmith,BC,48.9902,-123.8170
Lake Country,BC,50.0088,-119.3967
Lake Cowichan,BC,48.8250,-124.0546
Langdale,BC,49.4339,-123.4798
Langford,BC,48.4496,-123.5026
Langley,BC,49.1011,-122.6588
Lantzville,BC,49.2454,-124.0755
Lillooet,BC,50.6856,-121.9420
Lions Bay,BC,49.4522,-123.2376
Logan Lake,BC,50.4922,-120.8149
Lumby,BC,50.2498,-118.9690
Mackenzie,BC,55.3364,-123.0937
Madeira Park,BC,49.6197,-124.0232
Maple Bay,BC,48.8163,-123.6194
Maple Ridge,BC,49.2194,-122.6019
Merritt,BC,50.1123,-120.7942
Metchosin,BC,48.3829,-123.5359
Mill Bay,BC,48.6500,-123.5500
Mission,BC,49.1330,-122.3026
Mount Currie,BC,50.3167,-122.7167
Mount Lehman,BC,49.1167,-122.3833
Nakusp,BC,50.2499,-117.8023
Nanaimo,BC,49.1664,-123.9400
Nanoose Bay,BC,49.2724,-124.1933
Naramata,BC,49.5951,-119.5944
Nelson,BC,49.4999,-117.2855
New Westminster,BC,49.2068,-122.9109
North Cowichan,BC,48.8413,-123.6860
North Oyster/Yellow Point,BC,49.0481,-123.8340
North Saanich,BC,48.6663,-123.4193
North Vancouver,BC,49.3164,-123.0693
Oak Bay,BC,48.4496,-123.3026
Okanagan Falls,BC,49.3500,-119.5667
Oliver,BC,49.1831,-119.5524
Ootischenia,BC,49.2831,-117.6355
Osoyoos,BC,49.0320,-119.4680
Oyster River,BC,49.8667,-125.1333
Parksville,BC,49.3195,-124.3157
Peachland,BC,49.7686,-119.7463
Pemberton,BC,50.3164,-122.8027
Pemberton Heights,BC,49.3306,-123.1083
Penticton,BC,49.4806,-119.5858
Pitt Meadows,BC,49.2212,-122.6897
Popkum,BC,49.2037,-121.7381
Port Alberni,BC,49.2413,-124.8028
Port Coquitlam,BC,49.2664,-122.7693
Port Hardy,BC,50.7209,-127.4923
Port McNeill,BC,50.5900,-127.0864
Port Moody,BC,49.2812,-122.8246
Powell River,BC,49.8328,-124.5237
Prince George,BC,53.9166,-122.7530
Prince Rupert,BC,54.3151,-130.3210
Princeton,BC,49.4580,-120.5108
Pritchard,BC,50.6831,-119.8191
Puntledge,BC,49.6732,-125.0291
Qualicum Beach,BC,49.3478,-124.4423
Quesnel,BC,52.9784,-122.4931
Radium Hot Springs,BC,50.6167,-116.0688
Revelstoke,BC,50.9971,-118.1953
Richmond,BC,49.1700,-123.1368
Riley Park,BC,49.2430,-123.0932
River Springs,BC,49.2833,-122.7667
Roberts Creek,BC,49.4236,-123.6478
Rossland,BC,49.0831,-117.8022
Royston,BC,49.6470,-124.9467
Saanich,BC,48.5496,-123.3693
Saanichton,BC,48.6000,-123.4167
Salmo,BC,49.1955,-117.2770
Salmon Arm,BC,50.6998,-119.2691
Saltair,BC,48.9496,-123.7694
Sechelt,BC,49.4751,-123.7590
Shawnigan Lake,BC,48.6506,-123.6449
Sicamous,BC,50.8331,-118.9857
Sidney,BC,48.6496,-123.4026
Six Mile,BC,48.4577,-123.4609
Smithers,BC,54.7804,-127.1743
Sooke,BC,48.3746,-123.7276
Sorrento,BC,50.8781,-119.4707
South Pender Harbour,BC,49.6220,-124.0248
Spallumcheen,BC,50.4015,-119.2204
Sparwood,BC,49.7333,-114.8853
Squamish,BC,49.6992,-123.1563
Strawberry Hill,BC,49.1333,-122.8833
Summerland,BC,49.5998,-119.6691
Sun Peaks,BC,50.8762,-119.9107
Surrey,BC,49.1063,-122.8251
Taylor,BC,56.1528,-120.6814
Telkwa,BC,54.6970,-127.0535
Terrace,BC,54.5163,-128.6035
Tillicum,BC,48.4500,-123.4000
Tofino,BC,49.1531,-125.9074
Trail,BC,49.0998,-117.7022
Tumbler Ridge,BC,55.1303,-120.9942
Ucluelet,BC,48.9415,-125.5464
Union Bay,BC,49.5838,-124.8861
Valemount,BC,52.8333,-119.2525
Vancouver,BC,49.2497,-123.1193
Vanderhoof,BC,54.0166,-124.0198
Vernon,BC,50.2673,-119.2734
Victoria,BC,48.4359,-123.3516
Victoria-Fraserview,BC,49.2167,-123.0667
View Royal,BC,48.4579,-123.4526
Warfield,BC,49.0956,-117.7453
Welcome Beach,BC,49.4796,-123.8924
West End,BC,49.2000,-122.9333
West Kelowna,BC,49.8625,-119.5833
West Vancouver,BC,49.3286,-123.1602
Westridge,BC,49.2833,-122.9500
Whistler,BC,50.1182,-122.9540
White Rock,BC,49.0205,-122.7951
Williams Lake,BC,52.1415,-122.1445
Yarrow,BC,49.0821,-122.0503
Youbou,BC,48.8663,-124.2027
Acalanes Ridge,CA,37.9047,-122.0786
Acton,CA,34.4700,-118.1967
Adelanto,CA,34.5828,-117.4092
Agoura,CA,34.1431,-118.7379
Agoura Hills,CA,34.1364,-118.7745
Agua Caliente,CA,38.3241,-122.4880
Agua Dulce,CA,34.4964,-118.3256
Aguanga,CA,33.4428,-116.8650
Ahwahnee,CA,37.3655,-119.7263
Alameda,CA,37.7710,-122.2609
Alamo,CA,37.8502,-122.0322
Albany,CA,37.8869,-122.2977
Alhambra,CA,34.0953,-118.1270
Aliso Viejo,CA,33.5650,-117.7271
Allendale,CA,38.4446,-121.9430
Alondra Park,CA,33.8895,-118.3309
Alpaugh,CA,35.8877,-119.4873
Alpine,CA,32.8351,-116.7664
Alta Sierra,CA,35.7313,-118.5539
Alta Sierra,CA,39.1416,-121.0538
Altadena,CA,34.1897,-118.1312
Alturas,CA,41.4871,-120.5435
American Canyon,CA,38.1749,-122.2608
Amesti,CA,36.9636,-121.7791
Anaheim,CA,33.8353,-117.9145
Anderson,CA,40.4482,-122.2978
Angels Camp,CA,38.0683,-120.5396
Angwin,CA,38.5757,-122.4500
Antelope,CA,38.7082,-121.3299
Antioch,CA,38.0049,-121.8058
Anza,CA,33.5550,-116.6736
Apple Valley,CA,34.5008,-117.1859
Aptos,CA,36.9772,-121.8994
Aptos Hills-Larkin Valley,CA,36.9606,-121.8340
Arbuckle,CA,39.0174,-122.0577
Arcadia,CA,34.1397,-118.0353
Arcata,CA,40.8665,-124.0828
Arden-Arcade,CA,38.6025,-121.3785
Armona,CA,36.3158,-119.7085
Arnold,CA,38.2555,-120.3510
Aromas,CA,36.8886,-121.6430
Arroyo Grande,CA,35.1186,-120.5907
Artesia,CA,33.8659,-118.0831
Arvin,CA,35.2091,-118.8284
Ashland,CA,37.6947,-122.1138
Atascadero,CA,35.4894,-120.6707
Atherton,CA,37.4613,-122.1977
Atwater,CA,37.3477,-120.6091
Auberry,CA,37.0808,-119.4854
Auburn,CA,38.8966,-121.0769
Auburn Lake Trails,CA,38.9143,-120.9524
August,CA,37.9788,-121.2622
Avalon,CA,33.3428,-118.3278
Avenal,CA,36.0041,-120.1290
Avila Beach,CA,35.1800,-120.7318
Avocado Heights,CA,34.0361,-117.9912
Azusa,CA,34.1336,-117.9076
Bakersfield,CA,35.3733,-119.0187
Baldwin Park,CA,34.0853,-117.9609
Banning,CA,33.9256,-116.8764
Barstow,CA,34.8986,-117.0228
Barstow Heights,CA,34.8697,-117.0562
Bay Point,CA,38.0291,-121.9616
Bayside,CA,40.8424,-124.0637
Bayview,CA,40.7726,-124.1839
Bayview,CA,38.0070,-122.3188
Bayview-Hunters Point,CA,37.7285,-122.3811
Beale Air Force Base,CA,39.1092,-121.3544
Bear Valley Springs,CA,35.1591,-118.6284
Beaumont,CA,33.9295,-116.9772
Bell,CA,33.9775,-118.1870
Bell Gardens,CA,33.9653,-118.1515
Bella Vista,CA,40.6407,-122.2325
Bellflower,CA,33.8817,-118.1170
Belmont,CA,37.5202,-122.2758
Belvedere,CA,37.8727,-122.4644
Ben Lomond,CA,37.0891,-122.0863
Benicia,CA,38.0494,-122.1586
Berkeley,CA,37.8716,-122.2728
Bermuda Dunes,CA,33.7428,-116.2892
Berry Creek,CA,39.6452,-121.4033
Bertsch-Oceanview,CA,41.7525,-124.1587
Bethel Island,CA,38.0149,-121.6405
Big Bear City,CA,34.2611,-116.8450
Big Bear Lake,CA,34.2439,-116.9114
Big Pine,CA,37.1649,-118.2896
Big River,CA,34.1400,-114.3613
Biggs,CA,39.4124,-121.7127
Biola,CA,36.8022,-120.0163
Bishop,CA,37.3635,-118.3951
Black Point-Green Point,CA,38.1155,-122.5132
Blackhawk,CA,37.8208,-121.9077
Bloomington,CA,34.0703,-117.3959
Blue Lake,CA,40.8829,-123.9839
Blythe,CA,33.6103,-114.5964
Bodega Bay,CA,38.3332,-123.0481
Bodfish,CA,35.5880,-118.4920
Bolinas,CA,37.9094,-122.6864
Bonadelle Ranchos-Madera Ranchos,CA,36.9847,-119.8746
Bonita,CA,32.6578,-117.0300
Bonny Doon,CA,37.0416,-122.1505
Bonsall,CA,33.2889,-117.2256
Boonville,CA,39.0091,-123.3661
Boron,CA,34.9994,-117.6498
Boronda,CA,36.6989,-121.6749
Borrego Springs,CA,33.2559,-116.3750
Bostonia,CA,32.8075,-116.9364
Boulder Creek,CA,37.1261,-122.1222
Boyes Hot Springs,CA,38.3138,-122.4819
Bradbury,CA,34.1469,-117.9709
Brawley,CA,32.9787,-115.5303
Brea,CA,33.9167,-117.9001
Brentwood,CA,37.9319,-121.6958
Bridgeport,CA,38.2557,-119.2313
Brisbane,CA,37.6808,-122.4000
Broadmoor,CA,37.6866,-122.4827
Brookdale,CA,37.1063,-122.1061
Brooktrails,CA,39.4438,-123.3853
Buckhorn,CA,38.4522,-120.5285
Buellton,CA,34.6136,-120.1927
Buena Park,CA,33.8675,-117.9981
Burbank,CA,34.1808,-118.3090
Burlingame,CA,37.5841,-122.3661
Burney,CA,40.8824,-121.6608
Buttonwillow,CA,35.4005,-119.4696
Byron,CA,37.8672,-121.6380
Bystrom,CA,37.6208,-120.9858
Cabazon,CA,33.9175,-116.7872
Calexico,CA,32.6790,-115.4989
California City,CA,35.1258,-117.9859
Calimesa,CA,34.0039,-117.0620
Calipatria,CA,33.1256,-115.5142
Calistoga,CA,38.5788,-122.5797
Callender,CA,35.0530,-120.5963
Camarillo,CA,34.2164,-119.0376
Cambria,CA,35.5641,-121.0807
Cameron Park,CA,38.6688,-120.9872
Camino,CA,38.7382,-120.6749
Camp Meeker,CA,38.4252,-122.9594
Camp Pendleton North,CA,33.3147,-117.3160
Camp Pendleton South,CA,33.2284,-117.3793
Campbell,CA,37.2872,-121.9500
Campo,CA,32.6065,-116.4689
Canyon Lake,CA,33.6850,-117.2731
Capitola,CA,36.9752,-121.9533
Carlsbad,CA,33.1581,-117.3506
Carmel Valley Village,CA,36.5061,-121.7659
Carmel-by-the-Sea,CA,36.5552,-121.9233
Carmichael,CA,38.6171,-121.3283
Carpinteria,CA,34.3989,-119.5185
Carson,CA,33.8314,-118.2820
Caruthers,CA,36.5427,-119.8332
Casa de Oro-Mount Helix,CA,32.7640,-116.9688
Castaic,CA,34.4889,-118.6229
Castro Valley,CA,37.6941,-122.0863
Castroville,CA,36.7658,-121.7580
Cathedral City,CA,33.7797,-116.4653
Cayucos,CA,35.4427,-120.8921
Cedar Ridge,CA,38.0658,-120.2769
Central Valley (historical),CA,40.6804,-122.3711
Ceres,CA,37.5949,-120.9577
Cerritos,CA,33.8584,-118.0648
Challenge-Brownsville,CA,39.4645,-121.2634
Channel Islands Beach,CA,34.1581,-119.2232
Charter Oak,CA,34.1031,-117.8459
Cherry Valley,CA,33.9725,-116.9772
Cherryland,CA,37.6794,-122.1033
Chester,CA,40.3063,-121.2319
Chico,CA,39.7285,-121.8375
China Lake Acres,CA,35.6405,-117.7639
Chino,CA,34.0122,-117.6889
Chino Hills,CA,33.9938,-117.7589
Chowchilla,CA,37.1230,-120.2602
Chualar,CA,36.5705,-121.5186
Chula Vista,CA,32.6401,-117.0842
Citrus,CA,34.1150,-117.8917
Citrus Heights,CA,38.7071,-121.2811
Claremont,CA,34.0967,-117.7198
Clay,CA,38.3360,-121.1594
Clayton,CA,37.9410,-121.9358
Clear Lake Riviera,CA,38.9541,-122.7208
Clearlake,CA,38.9582,-122.6264
Clearlake Oaks,CA,39.0263,-122.6719
Cloverdale,CA,38.8055,-123.0172
Clovis,CA,36.8252,-119.7029
Coachella,CA,33.6803,-116.1739
Coalinga,CA,36.1397,-120.3602
Coarsegold,CA,37.2622,-119.7010
Cobb,CA,38.8221,-122.7231
Colfax,CA,39.1007,-120.9533
Collierville,CA,38.2146,-121.2688
Colma,CA,37.6769,-122.4597
Colton,CA,34.0739,-117.3136
Columbia,CA,38.0363,-120.4013
Colusa,CA,39.2143,-122.0094
Commerce,CA,34.0006,-118.1598
Compton,CA,33.8959,-118.2201
Concord,CA,37.9780,-122.0311
Contra Costa Centre,CA,37.9275,-122.0579
Cool,CA,38.8872,-121.0147
Copperopolis,CA,37.9810,-120.6419
Corcoran,CA,36.0980,-119.5604
Corning,CA,39.9277,-122.1792
Corona,CA,33.8753,-117.5664
Coronado,CA,32.6859,-117.1831
Corralitos,CA,36.9886,-121.8063
Corte Madera,CA,37.9255,-122.5275
Costa Mesa,CA,33.6411,-117.9187
Cotati,CA,38.3269,-122.7072
Coto De Caza,CA,33.6042,-117.5870
Cottonwood,CA,38.6582,-121.9711
Cottonwood,CA,40.3857,-122.2808
Covelo,CA,39.7933,-123.2492
Covina,CA,34.0900,-117.8903
Crescent City,CA,41.7559,-124.2018
Crest,CA,32.8073,-116.8681
Crestline,CA,34.2420,-117.2856
Crockett,CA,38.0524,-122.2130
Cudahy,CA,33.9606,-118.1853
Cupertino,CA,37.3230,-122.0322
Cutler,CA,36.5233,-119.2868
Cutten,CA,40.7698,-124.1428
Cypress,CA,33.8170,-118.0373
Daly City,CA,37.7058,-122.4619
Dana Point,CA,33.4670,-117.6981
Danville,CA,37.8216,-122.0000
Davis,CA,38.5449,-121.7405
Day Valley,CA,37.0358,-121.8625
Death Valley,CA,36.2396,-116.8113
Deer Park,CA,38.5327,-122.4697
Del Aire,CA,33.9161,-118.3695
Del Mar,CA,32.9595,-117.2653
Del Monte Forest,CA,36.5864,-121.9475
Del Rey,CA,36.6591,-119.5937
Del Rey Oaks,CA,36.5933,-121.8350
Del Rio,CA,37.7435,-121.0119
Delano,CA,35.7688,-119.2471
Delhi,CA,37.4322,-120.7785
Denair,CA,37.5263,-120.7969
Descanso,CA,32.8528,-116.6158
Desert Edge,CA,33.9242,-116.4414
Desert Hot Springs,CA,33.9617,-116.5035
Desert Shores,CA,33.4042,-116.0397
Desert View Highlands,CA,34.5908,-118.1526
Diablo,CA,37.8349,-121.9580
Diamond Bar,CA,34.0286,-117.8103
Diamond Springs,CA,38.6946,-120.8149
Dinuba,CA,36.5433,-119.3871
Discovery Bay,CA,37.9085,-121.6002
Dixon,CA,38.4455,-121.8233
Dixon Lane-Meadow Creek,CA,37.3864,-118.4153
Dogtown,CA,38.2138,-121.0885
Dollar Point,CA,39.1880,-120.0999
Dos Palos,CA,36.9861,-120.6266
Downey,CA,33.9400,-118.1326
Downieville,CA,39.5593,-120.8269
Duarte,CA,34.1394,-117.9773
Dublin,CA,37.7022,-121.9358
Dunnigan,CA,38.8852,-121.9697
Dunsmuir,CA,41.2082,-122.2720
Durham,CA,39.6463,-121.8000
Earlimart,CA,35.8841,-119.2723
East Foothills,CA,37.3811,-121.8174
East Hemet,CA,33.7400,-116.9389
East La Mirada,CA,33.9245,-117.9890
East Los Angeles,CA,34.0239,-118.1720
East Oakdale,CA,37.7880,-120.8038
East Palo Alto,CA,37.4688,-122.1411
East Pasadena,CA,34.1381,-118.0738
East Porterville,CA,36.0575,-118.9757
East Quincy,CA,39.9341,-120.8980
East Rancho Dominguez,CA,33.8981,-118.1954
East Richmond Heights,CA,37.9449,-122.3136
East Sonora,CA,37.9777,-120.3613
Easton,CA,36.6502,-119.7907
Eastvale,CA,33.9636,-117.5642
Edwards Air Force Base,CA,34.9164,-117.9353
El Cajon,CA,32.7948,-116.9625
El Centro,CA,32.7920,-115.5631
El Cerrito,CA,37.9158,-122.3116
El Cerrito Corona,CA,33.8406,-117.5228
El Dorado Hills,CA,38.6857,-121.0822
El Granada,CA,37.5027,-122.4694
El Monte,CA,34.0686,-118.0276
El Rio,CA,34.2358,-119.1638
El Segundo,CA,33.9192,-118.4165
El Sobrante,CA,37.9772,-122.2952
El Verano,CA,38.2977,-122.4917
Eldridge,CA,38.3400,-122.5090
Elk Grove,CA,38.4088,-121.3716
Elkhorn,CA,36.8244,-121.7405
Elverta,CA,38.7138,-121.4627
Emerald Lake Hills,CA,37.4647,-122.2680
Emeryville,CA,37.8313,-122.2853
Empire,CA,37.6383,-120.9022
Encinitas,CA,33.0370,-117.2920
Escalon,CA,37.7978,-120.9979
Escondido,CA,33.1192,-117.0864
Esparto,CA,38.6921,-122.0172
Eucalyptus Hills,CA,32.8798,-116.9467
Eureka,CA,40.8021,-124.1637
Exeter,CA,36.2961,-119.1420
Fair Oaks,CA,38.6446,-121.2722
Fairbanks Ranch,CA,32.9939,-117.1873
Fairfax,CA,37.9871,-122.5889
Fairfield,CA,38.2494,-122.0400
Fairmead,CA,37.0763,-120.1929
Fairview,CA,37.6785,-122.0458
Fallbrook,CA,33.3764,-117.2511
Farmersville,CA,36.2977,-119.2068
Felton,CA,37.0513,-122.0733
Ferndale,CA,40.5762,-124.2639
Fetters Hot Springs-Agua Caliente,CA,38.3214,-122.4868
Fillmore,CA,34.3992,-118.9181
Firebaugh,CA,36.8588,-120.4560
Florence-Graham,CA,33.9677,-118.2444
Florin,CA,38.4960,-121.4088
Folsom,CA,38.6780,-121.1761
Fontana,CA,34.0922,-117.4351
Foothill Farms,CA,38.6788,-121.3511
Ford City,CA,35.1544,-119.4562
Forest Meadows,CA,38.1685,-120.4066
Forest Ranch,CA,39.8821,-121.6727
Foresthill,CA,39.0202,-120.8180
Forestville,CA,38.4735,-122.8903
Fort Bragg,CA,39.4457,-123.8053
Fort Dick,CA,41.8679,-124.1490
Fort Irwin,CA,35.2627,-116.6847
Fortuna,CA,40.5982,-124.1573
Foster City,CA,37.5585,-122.2711
Fountain Valley,CA,33.7092,-117.9537
Fowler,CA,36.6305,-119.6785
Frazier Park,CA,34.8228,-118.9448
Fremont,CA,37.5483,-121.9886
French Camp,CA,37.8841,-121.2711
Fresno,CA,36.7477,-119.7724
Fruitridge Pocket,CA,38.5326,-121.4558
Fullerton,CA,33.8703,-117.9253
Galt,CA,38.2546,-121.2999
Garden Acres,CA,37.9638,-121.2294
Garden Grove,CA,33.7739,-117.9415
Gardena,CA,33.8884,-118.3090
Garnet,CA,33.9270,-116.4770
Georgetown,CA,38.9068,-120.8385
Gerber,CA,40.0563,-122.1503
Gilroy,CA,37.0058,-121.5683
Glen Avon,CA,34.0117,-117.4848
Glendale,CA,34.1425,-118.2551
Glendora,CA,34.1361,-117.8653
Gold River,CA,38.6263,-121.2466
Golden Hills,CA,35.1425,-118.4904
Goleta,CA,34.4358,-119.8276
Gonzales,CA,36.5066,-121.4444
Good Hope,CA,33.7647,-117.2670
Goshen,CA,36.3511,-119.4201
Grand Terrace,CA,34.0339,-117.3136
Granite Bay,CA,38.7632,-121.1638
Granite Hills,CA,32.8031,-116.9048
Grass Valley,CA,39.2191,-121.0611
Graton,CA,38.4363,-122.8697
Green Acres,CA,33.7381,-117.0764
Green Valley,CA,34.6217,-118.4140
Green Valley,CA,38.2530,-122.1622
Greenacres,CA,35.3833,-119.1098
Greenfield,CA,35.2689,-119.0029
Greenfield,CA,36.3208,-121.2438
Greenville,CA,40.1396,-120.9511
Gridley,CA,39.3638,-121.6936
Grover Beach,CA,35.1216,-120.6213
Guadalupe,CA,34.9716,-120.5718
Guerneville,CA,38.5019,-122.9961
Gustine,CA,37.2577,-120.9988
Hacienda Heights,CA,33.9931,-117.9687
Half Moon Bay,CA,37.4635,-122.4286
Hamilton City,CA,39.7427,-122.0136
Hanford,CA,36.3274,-119.6457
Happy Camp,CA,41.7927,-123.3808
Harbison Canyon,CA,32.8203,-116.8300
Hartley,CA,38.4171,-121.9469
Hawaiian Gardens,CA,33.8314,-118.0728
Hawthorne,CA,33.9164,-118.3526
Hayfork,CA,40.5543,-123.1831
Hayward,CA,37.6688,-122.0808
Healdsburg,CA,38.6105,-122.8692
Heber,CA,32.7309,-115.5297
Hemet,CA,33.7476,-116.9731
Herald,CA,38.2957,-121.2444
Hercules,CA,38.0171,-122.2886
Hermosa Beach,CA,33.8622,-118.3995
Hesperia,CA,34.4264,-117.3009
Hidden Hills,CA,34.1603,-118.6523
Hidden Meadows,CA,33.2253,-117.1125
Hidden Valley Lake,CA,38.8080,-122.5583
Highgrove,CA,34.0159,-117.3334
Highland,CA,34.1283,-117.2087
Highlands-Baywood Park,CA,37.5227,-122.3451
Hillsborough,CA,37.5741,-122.3794
Hilmar-Irwin,CA,37.4045,-120.8504
Hollister,CA,36.8524,-121.4016
Holtville,CA,32.8112,-115.3803
Home Garden,CA,36.3033,-119.6362
Home Gardens,CA,33.8781,-117.5209
Homeland,CA,33.7431,-117.1092
Hughson,CA,37.5969,-120.8660
Humboldt Hill,CA,40.7260,-124.1898
Huntington Beach,CA,33.6603,-117.9992
Huntington Park,CA,33.9817,-118.2251
Huron,CA,36.2027,-120.1029
Hydesville,CA,40.5476,-124.0973
Idyllwild,CA,33.7400,-116.7189
Idyllwild-Pine Cove,CA,33.7443,-116.7259
Imperial,CA,32.8475,-115.5694
Imperial Beach,CA,32.5839,-117.1131
Indian Wells,CA,33.7179,-116.3431
Indio,CA,33.7207,-116.2168
Inglewood,CA,33.9617,-118.3531
Interlaken,CA,36.9513,-121.7338
Inverness,CA,38.1010,-122.8569
Inyokern,CA,35.6469,-117.8126
Ione,CA,38.3527,-120.9327
Irvine,CA,33.6695,-117.8231
Irwindale,CA,34.1069,-117.9353
Isla Vista,CA,34.4133,-119.8610
Ivanhoe,CA,36.3872,-119.2179
Jackson,CA,38.3488,-120.7741
Jamestown,CA,37.9533,-120.4227
Jamul,CA,32.7170,-116.8761
Janesville,CA,40.2966,-120.5241
Johnstonville,CA,40.3843,-120.5875
Joshua Tree,CA,34.1347,-116.3131
Julian,CA,33.0787,-116.6020
Jurupa Valley,CA,33.9925,-117.5164
Kelseyville,CA,38.9779,-122.8394
Kennedy,CA,37.9299,-121.2527
Kensington,CA,37.9105,-122.2802
Kentfield,CA,37.9522,-122.5572
Kenwood,CA,38.4138,-122.5461
Kerman,CA,36.7236,-120.0599
Kernville,CA,35.7547,-118.4254
Kettleman City,CA,36.0083,-119.9618
Keyes,CA,37.5566,-120.9155
King City,CA,36.2127,-121.1260
Kings Beach,CA,39.2377,-120.0266
Kingsburg,CA,36.5138,-119.5540
Knightsen,CA,37.9688,-121.6680
La Canada Flintridge,CA,34.1992,-118.1878
La Crescenta-Montrose,CA,34.2322,-118.2353
La Habra,CA,33.9320,-117.9462
La Habra Heights,CA,33.9609,-117.9506
La Mesa,CA,32.7678,-117.0231
La Mirada,CA,33.9172,-118.0120
La Palma,CA,33.8464,-118.0467
La Presa,CA,32.7081,-116.9972
La Puente,CA,34.0200,-117.9495
La Quinta,CA,33.6634,-116.3100
La Riviera,CA,38.5669,-121.3569
La Selva Beach,CA,36.9366,-121.8647
La Verne,CA,34.1008,-117.7678
Ladera,CA,37.3999,-122.1983
Ladera Ranch,CA,33.5709,-117.6356
Lafayette,CA,37.8858,-122.1180
Laguna Beach,CA,33.5423,-117.7831
Laguna Hills,CA,33.6125,-117.7128
Laguna Niguel,CA,33.5225,-117.7075
Laguna Woods,CA,33.6103,-117.7253
Lagunitas-Forest Knolls,CA,38.0179,-122.6912
Lake Arrowhead,CA,34.2483,-117.1892
Lake Elsinore,CA,33.6681,-117.3273
Lake Forest,CA,33.6470,-117.6892
Lake Isabella,CA,35.6180,-118.4731
Lake Los Angeles,CA,34.6125,-117.8281
Lake Nacimiento,CA,35.7283,-120.8796
Lake Wildwood,CA,39.2330,-121.2005
Lake of the Pines,CA,39.0396,-121.0566
Lakeland Village,CA,33.6386,-117.3439
Lakeport,CA,39.0429,-122.9158
Lakeside,CA,32.8573,-116.9223
Lakeview,CA,33.8386,-117.1181
Lakewood,CA,33.8536,-118.1340
Lamont,CA,35.2597,-118.9143
Lancaster,CA,34.6980,-118.1367
Larkfield-Wikiup,CA,38.5134,-122.7509
Larkspur,CA,37.9341,-122.5353
Las Flores,CA,33.5881,-117.6267
Las Lomas,CA,36.8652,-121.7349
Lathrop,CA,37.8227,-121.2766
Laton,CA,36.4333,-119.6868
Lawndale,CA,33.8872,-118.3526
Laytonville,CA,39.6882,-123.4828
Le Grand,CA,37.2285,-120.2482
Lebec,CA,34.8416,-118.8648
Lemon Grove,CA,32.7426,-117.0314
Lemoore,CA,36.3008,-119.7829
Lemoore Station,CA,36.2633,-119.9048
Lennox,CA,33.9381,-118.3526
Lenwood,CA,34.8766,-117.1039
Leona Valley,CA,34.6183,-118.2881
Lewiston,CA,40.7074,-122.8075
Lexington Hills,CA,37.1647,-121.9730
Lincoln,CA,38.8916,-121.2930
Linda,CA,39.1277,-121.5508
Linden,CA,38.0213,-121.0838
Lindsay,CA,36.2030,-119.0882
Littlerock,CA,34.5211,-117.9837
Live Oak,CA,36.9836,-121.9805
Live Oak,CA,39.2757,-121.6600
Livermore,CA,37.6819,-121.7680
Livingston,CA,37.3869,-120.7235
Lockeford,CA,38.1635,-121.1499
Lodi,CA,38.1302,-121.2725
Loma Linda,CA,34.0483,-117.2612
Loma Rica,CA,39.3118,-121.4177
Lomita,CA,33.7922,-118.3151
Lompico,CA,37.1055,-122.0527
Lompoc,CA,34.6392,-120.4579
London,CA,36.4761,-119.4432
Lone Pine,CA,36.6063,-118.0646
Long Beach,CA,33.7670,-118.1892
Loomis,CA,38.8213,-121.1930
Los Alamitos,CA,33.8031,-118.0726
Los Alamos,CA,34.7444,-120.2782
Los Altos,CA,37.3852,-122.1141
Los Altos Hills,CA,37.3797,-122.1375
Los Angeles,CA,34.0522,-118.2437
Los Banos,CA,37.0583,-120.8499
Los Gatos,CA,37.2266,-121.9747
Los Molinos,CA,40.0213,-122.1003
Los Olivos,CA,34.6678,-120.1149
Los Osos,CA,35.3111,-120.8324
Los Serranos,CA,33.9728,-117.7081
Lost Hills,CA,35.6163,-119.6943
Lower Lake,CA,38.9104,-122.6103
Loyola,CA,37.3513,-122.1005
Lucas Valley-Marinwood,CA,38.0401,-122.5755
Lucerne,CA,36.3808,-119.6643
Lucerne,CA,39.0902,-122.7964
Lucerne Valley,CA,34.4439,-116.9678
Lynwood,CA,33.9303,-118.2115
Madera,CA,36.9613,-120.0607
Madera Acres,CA,37.0191,-120.0668
Magalia,CA,39.8121,-121.5783
Malibu,CA,34.0258,-118.7804
Mammoth Lakes,CA,37.6486,-118.9721
Manhattan Beach,CA,33.8847,-118.4109
Manteca,CA,37.7974,-121.2160
March Air Force Base,CA,33.8921,-117.2631
Maricopa,CA,35.0589,-119.4009
Marin City,CA,37.8685,-122.5091
Marina,CA,36.6844,-121.8022
Mariposa,CA,37.4849,-119.9663
Martinez,CA,38.0194,-122.1341
Marysville,CA,39.1457,-121.5914
Matheny,CA,36.1707,-119.3516
Maxwell,CA,39.2763,-122.1914
Mayflower Village,CA,34.1150,-118.0098
Maywood,CA,33.9867,-118.1853
McCloud,CA,41.2557,-122.1394
McFarland,CA,35.6780,-119.2293
McKinleyville,CA,40.9465,-124.1006
Mead Valley,CA,33.8334,-117.2961
Meadow Vista,CA,39.0010,-121.0219
Meadowbrook,CA,33.7258,-117.2851
Mecca,CA,33.5722,-116.0782
Meiners Oaks,CA,34.4469,-119.2793
Mendota,CA,36.7536,-120.3816
Menifee,CA,33.7283,-117.1464
Menlo Park,CA,37.4538,-122.1822
Mentone,CA,34.0700,-117.1345
Merced,CA,37.3022,-120.4830
Mesa Verde,CA,33.6059,-114.7311
Middletown,CA,38.7524,-122.6150
Midpines,CA,37.5444,-119.9205
Mill Valley,CA,37.9060,-122.5450
Millbrae,CA,37.5986,-122.3872
Milpitas,CA,37.4283,-121.9066
Minkler,CA,36.7238,-119.4582
Mira Monte,CA,34.4336,-119.2851
Mission Canyon,CA,34.4508,-119.7129
Mission Hills,CA,34.6861,-120.4368
Mission Viejo,CA,33.6000,-117.6720
Modesto,CA,37.6391,-120.9969
Mojave,CA,35.0525,-118.1740
Mono Vista,CA,37.9977,-120.2699
Monrovia,CA,34.1481,-117.9989
Montague,CA,41.7282,-122.5278
Montalvin,CA,37.9955,-122.3328
Montara,CA,37.5422,-122.5161
Montclair,CA,34.0775,-117.6898
Monte Rio,CA,38.4655,-123.0089
Monte Sereno,CA,37.2363,-121.9925
Montebello,CA,34.0095,-118.1054
Montecito,CA,34.4367,-119.6321
Monterey,CA,36.6002,-121.8947
Monterey Park,CA,34.0625,-118.1228
Monument Hills,CA,38.6643,-121.8757
Moorpark,CA,34.2856,-118.8820
Morada,CA,38.0385,-121.2458
Moraga,CA,37.8349,-122.1297
Moreno Valley,CA,33.9375,-117.2306
Morgan Hill,CA,37.1305,-121.6544
Morongo Valley,CA,34.0470,-116.5808
Morro Bay,CA,35.3658,-120.8499
Moss Beach,CA,37.5274,-122.5133
Mount Hermon,CA,37.0511,-122.0586
Mount Shasta,CA,41.3102,-122.3123
Mountain House,CA,37.7833,-121.5427
Mountain Ranch,CA,38.2283,-120.5408
Mountain View,CA,38.0088,-122.1175
Mountain View,CA,37.3860,-122.0838
Murphys,CA,38.1376,-120.4611
Murrieta,CA,33.5539,-117.2139
Muscoy,CA,34.1542,-117.3442
Myrtletown,CA,40.7887,-124.1303
Napa,CA,38.2971,-122.2855
National City,CA,32.6781,-117.0992
Needles,CA,34.8481,-114.6141
Nevada City,CA,39.2617,-121.0178
Newark,CA,37.5297,-122.0402
Newcastle,CA,38.8741,-121.1333
Newman,CA,37.3138,-121.0208
Newport Beach,CA,33.6189,-117.9290
Nice,CA,39.1232,-122.8483
Niland,CA,33.2400,-115.5189
Nipomo,CA,35.0427,-120.4760
Norco,CA,33.9311,-117.5487
North Auburn,CA,38.9313,-121.0819
North Edwards,CA,35.0166,-117.8328
North El Monte,CA,34.1028,-118.0242
North Highlands,CA,38.6857,-121.3722
North Lakeport,CA,39.0883,-122.9054
North Richmond,CA,37.9588,-122.3675
North Tustin,CA,33.7645,-117.7939
Norwalk,CA,33.9022,-118.0817
Novato,CA,38.1074,-122.5697
Nuevo,CA,33.8014,-117.1459
Oak Hills,CA,34.3831,-117.3813
Oak Park,CA,34.1792,-118.7629
Oak View,CA,34.4000,-119.3001
Oakdale,CA,37.7666,-120.8471
Oakhurst,CA,37.3280,-119.6493
Oakland,CA,37.8044,-122.2708
Oakley,CA,37.9974,-121.7125
Oasis,CA,33.4659,-116.0989
Occidental,CA,38.4074,-122.9483
Oceano,CA,35.0989,-120.6124
Oceanside,CA,33.1959,-117.3795
Oildale,CA,35.4197,-119.0195
Ojai,CA,34.4481,-119.2429
Old Fig Garden,CA,36.7989,-119.8051
Olivehurst,CA,39.0954,-121.5522
Ontario,CA,34.0633,-117.6509
Orange,CA,33.7878,-117.8531
Orange Cove,CA,36.6244,-119.3137
Orangevale,CA,38.6785,-121.2258
Orcutt,CA,34.8653,-120.4360
Orinda,CA,37.8772,-122.1797
Orland,CA,39.7474,-122.1964
Orosi,CA,36.5450,-119.2873
Oroville,CA,39.5139,-121.5578
Oroville East,CA,39.5113,-121.4752
Oxnard,CA,34.1975,-119.1770
Pacheco,CA,37.9835,-122.0752
Pacific Grove,CA,36.6177,-121.9166
Pacifica,CA,37.6138,-122.4869
Pajaro,CA,36.9041,-121.7486
Palermo,CA,39.4354,-121.5380
Palm Desert,CA,33.7225,-116.3770
Palm Springs,CA,33.8303,-116.5453
Palmdale,CA,34.5794,-118.1165
Palo Alto,CA,37.4419,-122.1430
Palo Cedro,CA,40.5638,-122.2389
Palos Verdes Estates,CA,33.8010,-118.3924
Paradise,CA,39.7596,-121.6219
Paramount,CA,33.8895,-118.1598
Parksdale,CA,36.9472,-120.0229
Parkway,CA,38.4960,-121.4588
Parkwood,CA,36.9269,-120.0446
Parlier,CA,36.6116,-119.5271
Pasadena,CA,34.1478,-118.1445
Pasatiempo,CA,37.0044,-122.0258
Paso Robles,CA,35.6266,-120.6910
Patterson,CA,37.4716,-121.1297
Patterson Tract,CA,36.3795,-119.2956
Pedley,CA,33.9753,-117.4759
Penn Valley,CA,39.1960,-121.1911
Penngrove,CA,38.2996,-122.6667
Perris,CA,33.7825,-117.2287
Petaluma,CA,38.2324,-122.6367
Phelan,CA,34.4261,-117.5723
Phoenix Lake,CA,38.0059,-120.3070
Pico Rivera,CA,33.9831,-118.0967
Piedmont,CA,37.8244,-122.2316
Pine Grove,CA,38.4130,-120.6588
Pine Hills,CA,40.7332,-124.1523
Pine Mountain Club,CA,34.8464,-119.1496
Pine Valley,CA,32.8214,-116.5292
Pinole,CA,38.0044,-122.2989
Pinon Hills,CA,34.4333,-117.6467
Pioneer,CA,38.4319,-120.5719
Piru,CA,34.4153,-118.7940
Pismo Beach,CA,35.1427,-120.6413
Pittsburg,CA,38.0280,-121.8847
Pixley,CA,35.9686,-119.2918
Placentia,CA,33.8722,-117.8703
Placerville,CA,38.7296,-120.7986
Planada,CA,37.2908,-120.3185
Pleasant Hill,CA,37.9480,-122.0608
Pleasanton,CA,37.6624,-121.8747
Plumas Lake,CA,39.0207,-121.5580
Pollock Pines,CA,38.7616,-120.5861
Pomona,CA,34.0553,-117.7523
Poplar-Cotton Center,CA,36.0564,-119.1492
Port Hueneme,CA,34.1478,-119.1951
Porterville,CA,36.0652,-119.0168
Portola,CA,39.8105,-120.4691
Portola Valley,CA,37.3841,-122.2352
Poway,CA,32.9628,-117.0359
Prunedale,CA,36.7758,-121.6697
Quartz Hill,CA,34.6453,-118.2181
Quincy,CA,39.9368,-120.9465
Rainbow,CA,33.4103,-117.1478
Ramona,CA,33.0417,-116.8681
Rancho Calaveras,CA,38.1274,-120.8583
Rancho Cordova,CA,38.5891,-121.3027
Rancho Cucamonga,CA,34.1064,-117.5931
Rancho Mirage,CA,33.7397,-116.4128
Rancho Murieta,CA,38.5018,-121.0947
Rancho Palos Verdes,CA,33.7445,-118.3870
Rancho San Diego,CA,32.7473,-116.9353
Rancho Santa Fe,CA,33.0203,-117.2028
Rancho Santa Margarita,CA,33.6409,-117.6031
Rancho Tehama Reserve,CA,40.0157,-122.4007
Red Bluff,CA,40.1785,-122.2358
Red Corral,CA,38.4117,-120.6055
Redding,CA,40.5865,-122.3917
Redlands,CA,34.0556,-117.1825
Redondo Beach,CA,33.8492,-118.3884
Redway,CA,40.1201,-123.8234
Redwood City,CA,37.4852,-122.2364
Redwood Valley,CA,39.2654,-123.2044
Reedley,CA,36.5963,-119.4504
Rialto,CA,34.1064,-117.3703
Richgrove,CA,35.7966,-119.1079
Richmond,CA,37.9358,-122.3478
Ridgecrest,CA,35.6225,-117.6709
Ridgemark,CA,36.8125,-121.3658
Rio Del Mar,CA,36.9683,-121.9002
Rio Dell,CA,40.4993,-124.1064
Rio Linda,CA,38.6910,-121.4486
Rio Vista,CA,38.1639,-121.6958
Ripon,CA,37.7416,-121.1244
Riverbank,CA,37.7360,-120.9355
Riverdale,CA,36.4311,-119.8596
Riverdale Park,CA,37.6094,-121.0519
Riverside,CA,33.9534,-117.3962
Rocklin,CA,38.7907,-121.2358
Rodeo,CA,38.0330,-122.2669
Rohnert Park,CA,38.3396,-122.7011
Rolling Hills,CA,33.7574,-118.3575
Rolling Hills Estates,CA,33.7878,-118.3581
Rollingwood,CA,37.9652,-122.3300
Rosamond,CA,34.8641,-118.1634
Rosedale,CA,35.3836,-119.1454
Rosemead,CA,34.0806,-118.0729
Rosemont,CA,38.5519,-121.3647
Roseville,CA,38.7521,-121.2880
Ross,CA,37.9624,-122.5550
Rossmoor,CA,33.7856,-118.0851
Rowland Heights,CA,33.9761,-117.9053
Rubidoux,CA,33.9961,-117.4056
Running Springs,CA,34.2078,-117.1092
Sacramento,CA,38.5816,-121.4944
Saint Helena,CA,38.5052,-122.4703
Salida,CA,37.7058,-121.0849
Salinas,CA,36.6777,-121.6555
Salton City,CA,33.2987,-115.9561
San Andreas,CA,38.1960,-120.6805
San Anselmo,CA,37.9746,-122.5616
San Antonio Heights,CA,34.1556,-117.6564
San Bernardino,CA,34.1083,-117.2898
San Bruno,CA,37.6305,-122.4111
San Carlos,CA,37.5072,-122.2605
San Clemente,CA,33.4270,-117.6120
San Diego,CA,32.7157,-117.1647
San Diego Country Estates,CA,33.0067,-116.7836
San Dimas,CA,34.1067,-117.8067
San Francisco,CA,37.7749,-122.4194
San Gabriel,CA,34.0961,-118.1058
San Jacinto,CA,33.7839,-116.9586
San Joaquin,CA,36.6066,-120.1890
San Jose,CA,37.3394,-121.8950
San Juan Bautista,CA,36.8455,-121.5380
San Juan Capistrano,CA,33.5017,-117.6625
San Leandro,CA,37.7249,-122.1561
San Lorenzo,CA,37.6741,-122.1332
San Luis Obispo,CA,35.2828,-120.6596
San Marcos,CA,33.1434,-117.1661
San Marino,CA,34.1214,-118.1065
San Martin,CA,37.0849,-121.6102
San Mateo,CA,37.5630,-122.3255
San Miguel,CA,35.7525,-120.6963
San Pablo,CA,37.9622,-122.3455
San Rafael,CA,37.9735,-122.5311
San Ramon,CA,37.7799,-121.9780
Sanger,CA,36.7080,-119.5560
Santa Ana,CA,33.7456,-117.8678
Santa Barbara,CA,34.4208,-119.6982
Santa Clara,CA,37.3541,-121.9552
Santa Clarita,CA,34.3917,-118.5426
Santa Cruz,CA,36.9741,-122.0308
Santa Fe Springs,CA,33.9472,-118.0854
Santa Margarita,CA,35.3900,-120.6091
Santa Maria,CA,34.9530,-120.4357
Santa Monica,CA,34.0195,-118.4914
Santa Paula,CA,34.3542,-119.0593
Santa Rosa,CA,38.4405,-122.7144
Santa Venetia,CA,37.9985,-122.5252
Santa Ynez,CA,34.6144,-120.0799
Santee,CA,32.8384,-116.9739
Saranap,CA,37.8849,-122.0761
Saratoga,CA,37.2638,-122.0230
Saticoy,CA,34.2831,-119.1498
Sausalito,CA,37.8591,-122.4852
Scotts Valley,CA,37.0511,-122.0147
Sea Ranch,CA,38.7152,-123.4544
Seacliff,CA,36.9741,-121.9158
Seal Beach,CA,33.7414,-118.1048
Searles Valley,CA,35.7674,-117.4039
Seaside,CA,36.6111,-121.8516
Sebastopol,CA,38.4021,-122.8239
Sedco Hills,CA,33.6417,-117.2909
Seeley,CA,32.7931,-115.6911
Selma,CA,36.5708,-119.6121
Shafter,CA,35.5005,-119.2718
Shandon,CA,35.6553,-120.3754
Shasta,CA,40.5993,-122.4920
Shasta Lake,CA,40.6804,-122.3708
Sheridan,CA,38.9796,-121.3755
Shingle Springs,CA,38.6657,-120.9261
Shingletown,CA,40.4924,-121.8892
Sierra Madre,CA,34.1617,-118.0529
Signal Hill,CA,33.8045,-118.1679
Silver Lakes,CA,34.7456,-117.3410
Simi Valley,CA,34.2694,-118.7815
Sky Valley,CA,33.8900,-116.3525
Sleepy Hollow,CA,38.0105,-122.5844
Soda Bay,CA,39.0010,-122.7892
Solana Beach,CA,32.9911,-117.2712
Soledad,CA,36.4247,-121.3263
Solvang,CA,34.5958,-120.1376
Somerset,CA,38.6477,-120.6858
Sonoma,CA,38.2919,-122.4580
Sonora,CA,37.9841,-120.3821
Soquel,CA,36.9880,-121.9566
Soulsbyville,CA,37.9847,-120.2638
South Dos Palos,CA,36.9644,-120.6532
South El Monte,CA,34.0519,-118.0467
South Gate,CA,33.9547,-118.2120
South Lake Tahoe,CA,38.9332,-119.9844
South Oroville,CA,39.4810,-121.5360
South Pasadena,CA,34.1161,-118.1504
South San Francisco,CA,37.6547,-122.4077
South San Gabriel,CA,34.0491,-118.0946
South San Jose Hills,CA,34.0128,-117.9048
South Taft,CA,35.1347,-119.4562
South Whittier,CA,33.9502,-118.0392
South Yuba City,CA,39.1166,-121.6391
Spring Valley,CA,32.7448,-116.9989
Spring Valley Lake,CA,34.4936,-117.2683
Stallion Springs,CA,35.0889,-118.6426
Stanford,CA,37.4241,-122.1661
Stanton,CA,33.8025,-117.9931
Stevenson Ranch,CA,34.3905,-118.5737
Stockton,CA,37.9577,-121.2908
Stratford,CA,36.1894,-119.8232
Strathmore,CA,36.1455,-119.0607
Strawberry,CA,37.8969,-122.5089
Suisun,CA,38.2383,-122.0402
Summerland,CA,34.4214,-119.5965
Sun Village,CA,34.5595,-117.9568
Sunnyside-Tahoe City,CA,39.1502,-120.1612
Sunnyslope,CA,34.0120,-117.4334
Sunnyvale,CA,37.3688,-122.0363
Susanville,CA,40.4163,-120.6530
Sutter,CA,39.1599,-121.7528
Sutter Creek,CA,38.3930,-120.8024
Taft,CA,35.1425,-119.4565
Taft Heights,CA,35.1347,-119.4726
Tahoe Vista,CA,39.2399,-120.0510
Tahoma,CA,39.0674,-120.1282
Talmage,CA,39.1332,-123.1678
Tamalpais Valley,CA,37.8796,-122.5458
Tamalpais-Homestead Valley,CA,37.8783,-122.5362
Tara Hills,CA,37.9935,-122.3164
Tarpey Village,CA,36.7930,-119.7010
Tehachapi,CA,35.1322,-118.4490
Temecula,CA,33.4936,-117.1484
Temelec,CA,38.2666,-122.4928
Temple City,CA,34.1072,-118.0579
Templeton,CA,35.5497,-120.7060
Terra Bella,CA,35.9624,-119.0443
Teviston,CA,35.9289,-119.2783
Thermal,CA,33.6403,-116.1394
Thermalito,CA,39.5113,-121.5869
Thornton,CA,38.2260,-121.4247
Thousand Oaks,CA,34.1706,-118.8376
Thousand Palms,CA,33.8200,-116.3903
Three Rivers,CA,36.4388,-118.9045
Tiburon,CA,37.8735,-122.4566
Tipton,CA,36.0594,-119.3121
Topanga,CA,34.0936,-118.6015
Toro Canyon,CA,34.4200,-119.5671
Torrance,CA,33.8359,-118.3406
Trabuco Canyon,CA,33.6625,-117.5903
Tracy,CA,37.7399,-121.4262
Truckee,CA,39.3280,-120.1833
Tulare,CA,36.2077,-119.3473
Tuolumne City,CA,37.9627,-120.2413
Turlock,CA,37.4947,-120.8466
Turtle Rock,CA,33.6433,-117.8101
Tustin,CA,33.7458,-117.8262
Twain Harte,CA,38.0397,-120.2327
Twentynine Palms,CA,34.1356,-116.0542
Twin Lakes,CA,36.9674,-121.9980
Ukiah,CA,39.1502,-123.2078
Union City,CA,37.5958,-122.0191
Upland,CA,34.0975,-117.6484
Upper Lake,CA,39.1646,-122.9106
Vacaville,CA,38.3566,-121.9877
Val Verde,CA,34.4450,-118.6576
Valencia,CA,34.4436,-118.6095
Valinda,CA,34.0453,-117.9437
Valle Vista,CA,33.7478,-116.8934
Vallejo,CA,38.1041,-122.2566
Valley Center,CA,33.2184,-117.0342
Valley Springs,CA,38.1916,-120.8291
Vandenberg Space Force Base,CA,34.7483,-120.5182
Vandenberg Village,CA,34.7083,-120.4677
Ventura,CA,34.2783,-119.2932
Victorville,CA,34.5361,-117.2912
Villa Park,CA,33.8145,-117.8131
Vincent,CA,34.5005,-118.1165
Vincent,CA,34.0984,-117.9238
Vine Hill,CA,38.0085,-122.0961
Vineyard,CA,38.4645,-121.3469
Visalia,CA,36.3302,-119.2921
Vista,CA,33.2000,-117.2425
Vista Santa Rosa,CA,33.6278,-116.2181
Waldon,CA,37.9263,-122.0555
Walnut,CA,34.0203,-117.8653
Walnut Creek,CA,37.9063,-122.0650
Walnut Grove,CA,38.2421,-121.5116
Walnut Park,CA,33.9681,-118.2251
Wasco,CA,35.5941,-119.3410
Waterford,CA,37.6413,-120.7605
Watsonville,CA,36.9102,-121.7569
Weaverville,CA,40.7310,-122.9420
Weed,CA,41.4226,-122.3861
Weedpatch,CA,35.2380,-118.9151
Weldon,CA,35.6658,-118.2904
West Athens,CA,33.9233,-118.3034
West Bishop,CA,37.3610,-118.4551
West Carson,CA,33.8217,-118.2926
West Covina,CA,34.0686,-117.9390
West Menlo Park,CA,37.4335,-122.2030
West Modesto,CA,37.6175,-121.0391
West Park,CA,36.7102,-119.8513
West Puente Valley,CA,34.0517,-117.9684
West Rancho Dominguez,CA,33.8939,-118.2706
West Sacramento,CA,38.5805,-121.5302
West Whittier-Los Nietos,CA,33.9760,-118.0691
Westhaven-Moonstone,CA,41.0449,-124.1024
Westlake Village,CA,34.1458,-118.8056
Westminster,CA,33.7592,-118.0067
Westmont,CA,33.9414,-118.3023
Westmorland,CA,33.0373,-115.6214
Westwood,CA,40.3060,-121.0058
Wheatland,CA,39.0099,-121.4230
Whittier,CA,33.9792,-118.0328
Wildomar,CA,33.5989,-117.2800
Williams,CA,39.1546,-122.1494
Willits,CA,39.4096,-123.3556
Willow Creek,CA,40.9396,-123.6314
Willowbrook,CA,33.9170,-118.2551
Willows,CA,39.5243,-122.1936
Wilton,CA,38.4119,-121.2722
Winchester,CA,33.7070,-117.0845
Windsor,CA,38.5471,-122.8164
Winter Gardens,CA,32.8312,-116.9334
Winters,CA,38.5249,-121.9708
Winton,CA,37.3894,-120.6132
Wofford Heights,CA,35.7069,-118.4562
Woodacre,CA,38.0127,-122.6453
Woodbridge,CA,38.1541,-121.3013
Woodcrest,CA,33.8822,-117.3573
Woodlake,CA,36.4136,-119.0987
Woodland,CA,38.6785,-121.7733
Woodside,CA,37.4299,-122.2539
Woodville,CA,36.0936,-119.1990
Wrightwood,CA,34.3608,-117.6334
Yokuts Valley,CA,36.7402,-119.2468
Yorba Linda,CA,33.8886,-117.8131
Yosemite Lakes,CA,37.1911,-119.7726
Yosemite Valley,CA,37.7407,-119.5779
Yountville,CA,38.4016,-122.3608
Yreka,CA,41.7354,-122.6345
Yuba City,CA,39.1405,-121.6169
Yucaipa,CA,34.0336,-117.0431
Yucca Valley,CA,34.1142,-116.4322
Acres Green,CO,39.5567,-104.8961
Air Force Academy,CO,38.9943,-104.8637
Akron,CO,40.1605,-103.2144
Alamosa,CO,37.4695,-105.8700
Alamosa East,CO,37.4774,-105.8422
Applewood,CO,39.7578,-105.1625
Aristocrat Ranchettes,CO,40.1091,-104.7625
Arvada,CO,39.8028,-105.0875
Aspen,CO,39.1911,-106.8175
Ault,CO,40.5825,-104.7319
Aurora,CO,39.7294,-104.8319
Avon,CO,39.6314,-106.5222
Bailey,CO,39.4055,-105.4733
Basalt,CO,39.3689,-107.0328
Battlement Mesa,CO,39.4414,-108.0251
Bayfield,CO,37.2256,-107.5981
Bennett,CO,39.7589,-104.4275
Berkley,CO,39.8044,-105.0261
Berthoud,CO,40.3083,-105.0811
Black Forest,CO,39.0130,-104.7008
Boulder,CO,40.0150,-105.2706
Breckenridge,CO,39.4817,-106.0383
Brighton,CO,39.9853,-104.8205
Broomfield,CO,39.9205,-105.0867
Brush,CO,40.2589,-103.6238
Buena Vista,CO,38.8422,-106.1311
Burlington,CO,39.3061,-102.2694
Byers,CO,39.7114,-104.2277
Campion,CO,40.3494,-105.0778
Canon City,CO,38.4410,-105.2425
Carbondale,CO,39.4022,-107.2112
Carriage Club,CO,39.5325,-104.9011
Cascade-Chipita Park,CO,38.9435,-105.0024
Castle Pines,CO,39.4580,-104.8961
Castle Pines North,CO,39.4717,-104.8948
Castle Rock,CO,39.3722,-104.8561
Cedaredge,CO,38.9016,-107.9265
Centennial,CO,39.5792,-104.8769
Center,CO,37.7531,-106.1086
Central City,CO,39.8019,-105.5142
Cherry Creek,CO,39.6110,-104.8610
Cherry Hills Village,CO,39.6416,-104.9594
Cheyenne Wells,CO,38.8214,-102.3532
Clifton,CO,39.0919,-108.4490
Coal Creek,CO,39.9064,-105.3775
Colorado City,CO,37.9453,-104.8353
Colorado Springs,CO,38.8339,-104.8214
Columbine,CO,39.5878,-105.0694
Columbine Valley,CO,39.6011,-105.0322
Commerce City,CO,39.8083,-104.9339
Conejos,CO,37.0883,-106.0197
Cortez,CO,37.3489,-108.5859
Craig,CO,40.5153,-107.5464
Creede,CO,37.8492,-106.9264
Crested Butte,CO,38.8697,-106.9878
Cripple Creek,CO,38.7467,-105.1783
Dacono,CO,40.0847,-104.9394
Dakota Ridge,CO,39.6164,-105.1393
Del Norte,CO,37.6789,-106.3534
Delta,CO,38.7422,-108.0690
Denver,CO,39.7392,-104.9847
Derby,CO,39.8394,-104.9186
Dove Creek,CO,37.7661,-108.9059
Dove Valley,CO,39.5777,-104.8294
Durango,CO,37.2753,-107.8801
Eads,CO,38.4806,-102.7819
Eagle,CO,39.6553,-106.8286
Eaton,CO,40.5303,-104.7113
Edgewater,CO,39.7530,-105.0641
Edwards,CO,39.6450,-106.5942
El Jebel,CO,39.3950,-107.0903
Elizabeth,CO,39.3603,-104.5969
Ellicott,CO,38.8383,-104.3869
Englewood,CO,39.6478,-104.9878
Erie,CO,40.0503,-105.0500
Estes Park,CO,40.3772,-105.5217
Evans,CO,40.3764,-104.6922
Evergreen,CO,39.6333,-105.3172
Fairplay,CO,39.2247,-106.0020
Federal Heights,CO,39.8514,-104.9986
Firestone,CO,40.1125,-104.9366
Florence,CO,38.3903,-105.1186
Fort Carson,CO,38.7375,-104.7889
Fort Collins,CO,40.5853,-105.0844
Fort Lupton,CO,40.0847,-104.8130
Fort Morgan,CO,40.2503,-103.7999
Fountain,CO,38.6822,-104.7008
Fowler,CO,38.1292,-104.0233
Fraser,CO,39.9450,-105.8172
Frederick,CO,40.0992,-104.9372
Frisco,CO,39.5744,-106.0975
Fruita,CO,39.1589,-108.7290
Fruitvale,CO,39.0817,-108.4968
Genesee,CO,39.6858,-105.2728
Georgetown,CO,39.7061,-105.6975
Gilcrest,CO,40.2819,-104.7777
Glendale,CO,39.7050,-104.9336
Gleneagle,CO,39.0453,-104.8244
Glenwood Springs,CO,39.5505,-107.3248
Golden,CO,39.7555,-105.2211
Granby,CO,40.0861,-105.9395
Grand Junction,CO,39.0639,-108.5507
Greeley,CO,40.4233,-104.7091
Greenwood Village,CO,39.6172,-104.9508
Gunbarrel,CO,40.0633,-105.1711
Gunnison,CO,38.5458,-106.9253
Gypsum,CO,39.6469,-106.9517
Hayden,CO,40.4953,-107.2573
Highlands Ranch,CO,39.5539,-104.9694
Holyoke,CO,40.5844,-102.3024
Hot Sulphur Springs,CO,40.0730,-106.1028
Hudson,CO,40.0736,-104.6430
Hugo,CO,39.1361,-103.4699
Idaho Springs,CO,39.7425,-105.5136
Indian Hills,CO,39.6166,-105.2372
Inverness,CO,39.5774,-104.8614
Johnstown,CO,40.3369,-104.9122
Julesburg,CO,40.9883,-102.2643
Keenesburg,CO,40.1083,-104.5200
Ken Caryl,CO,39.5758,-105.1122
Kersey,CO,40.3875,-104.5616
Keystone,CO,39.5994,-105.9872
Kiowa,CO,39.3472,-104.4644
Kittredge,CO,39.6547,-105.2997
Kremmling,CO,40.0589,-106.3889
La Junta,CO,37.9850,-103.5438
La Salle,CO,40.3489,-104.7019
Lafayette,CO,39.9936,-105.0897
Lake City,CO,38.0300,-107.3153
Lakewood,CO,39.7047,-105.0814
Lamar,CO,38.0872,-102.6208
Laporte,CO,40.6263,-105.1392
Las Animas,CO,38.0667,-103.2227
Leadville,CO,39.2508,-106.2925
Leadville North,CO,39.2576,-106.3014
Limon,CO,39.2639,-103.6922
Lincoln Park,CO,38.4292,-105.2200
Littleton,CO,39.6133,-105.0166
Lochbuie,CO,40.0072,-104.7161
Loma,CO,39.1958,-108.8132
Lone Tree,CO,39.5517,-104.8863
Longmont,CO,40.1672,-105.1019
Louisville,CO,39.9778,-105.1319
Loveland,CO,40.3978,-105.0750
Lyons,CO,40.2247,-105.2714
Mancos,CO,37.3450,-108.2892
Manitou Springs,CO,38.8597,-104.9172
Mead,CO,40.2333,-104.9986
Meeker,CO,40.0375,-107.9131
Meridian,CO,39.5396,-104.8453
Milliken,CO,40.3294,-104.8552
Minturn,CO,39.5864,-106.4309
Monte Vista,CO,37.5792,-106.1481
Montrose,CO,38.4783,-107.8762
Monument,CO,39.0917,-104.8728
Mountain Village,CO,37.9314,-107.8564
Nederland,CO,39.9614,-105.5108
New Castle,CO,39.5728,-107.5364
Niwot,CO,40.1039,-105.1708
Northglenn,CO,39.8855,-104.9872
Olathe,CO,38.6050,-107.9823
Orchard City,CO,38.8283,-107.9709
Orchard Mesa,CO,39.0480,-108.5290
Ordway,CO,38.2181,-103.7561
Ouray,CO,38.0228,-107.6714
Pagosa Springs,CO,37.2694,-107.0098
Palisade,CO,39.1103,-108.3509
Palmer Lake,CO,39.1222,-104.9172
Paonia,CO,38.8683,-107.5920
Parachute,CO,39.4519,-108.0529
Parker,CO,39.5186,-104.7614
Penrose,CO,38.4250,-105.0228
Perry Park,CO,39.2567,-104.9925
Platteville,CO,40.2150,-104.8227
Ponderosa Park,CO,39.4083,-104.6511
Pueblo,CO,38.2544,-104.6091
Pueblo West,CO,38.3500,-104.7228
Rangely,CO,40.0875,-108.8048
Redlands,CO,39.0789,-108.6356
Rifle,CO,39.5347,-107.7831
Rocky Ford,CO,38.0525,-103.7202
Roxborough Park,CO,39.4739,-105.0853
Saguache,CO,38.0875,-106.1420
Salida,CO,38.5347,-105.9989
San Luis,CO,37.2009,-105.4239
Security-Widefield,CO,38.7473,-104.7144
Severance,CO,40.5241,-104.8511
Sheridan,CO,39.6469,-105.0253
Sherrelwood,CO,39.8378,-105.0014
Silt,CO,39.5486,-107.6562
Silverthorne,CO,39.6321,-106.0743
Silverton,CO,37.8119,-107.6645
Snowmass Village,CO,39.2130,-106.9378
Springfield,CO,37.4083,-102.6144
Steamboat Springs,CO,40.4850,-106.8317
Sterling,CO,40.6255,-103.2077
Stonegate,CO,39.5308,-104.8039
Strasburg,CO,39.7383,-104.3233
Stratmoor,CO,38.7739,-104.7797
Superior,CO,39.9528,-105.1686
Telluride,CO,37.9375,-107.8123
The Pinery,CO,39.4553,-104.7344
Thornton,CO,39.8680,-104.9719
Todd Creek,CO,39.9780,-104.8733
Towaoc,CO,37.2044,-108.7295
Trinidad,CO,37.1695,-104.5005
Twin Lakes,CO,39.8250,-105.0047
Upper Bear Creek,CO,39.6238,-105.4178
Vail,CO,39.6403,-106.3742
Walden,CO,40.7316,-106.2836
Walsenburg,CO,37.6242,-104.7803
Welby,CO,39.8366,-104.9591
Wellington,CO,40.7039,-105.0086
West Pleasant View,CO,39.7326,-105.1785
Westcliffe,CO,38.1347,-105.4658
Westminster,CO,39.8366,-105.0372
Wheat Ridge,CO,39.7661,-105.0772
Windsor,CO,40.4775,-104.9014
Woodland Park,CO,38.9939,-105.0569
Woodmoor,CO,39.1014,-104.8475
Wray,CO,40.0758,-102.2232
Yuma,CO,40.1222,-102.7252
Ansonia,CT,41.3462,-73.0790
Avon,CT,41.8098,-72.8307
Baltic,CT,41.6170,-72.0845
Barkhamsted,CT,41.9293,-72.9140
Bethel,CT,41.3712,-73.4140
Bethlehem Village,CT,41.6401,-73.2031
Bloomfield,CT,41.8265,-72.7301
Blue Hills,CT,41.8129,-72.6976
Branford,CT,41.2795,-72.8151
Branford Center,CT,41.2774,-72.8151
Bridgeport,CT,41.1792,-73.1894
Bristol,CT,41.6718,-72.9493
Byram,CT,41.0043,-73.6537
Canaan,CT,42.0273,-73.3293
Canton Valley,CT,41.8343,-72.8918
Central Waterford,CT,41.3450,-72.1295
Cheshire,CT,41.4990,-72.9007
Cheshire Village,CT,41.5026,-72.8995
Chester Center,CT,41.4013,-72.4527
City of Milford (balance),CT,41.2237,-73.0616
Clinton,CT,41.2787,-72.5276
Colchester,CT,41.5757,-72.3320
Collinsville,CT,41.8129,-72.9201
Conning Towers-Nautilus Park,CT,41.3855,-72.0688
Cos Cob,CT,41.0334,-73.5996
Coventry Lake,CT,41.7723,-72.3326
Cromwell,CT,41.5951,-72.6454
Crystal Lake,CT,41.9318,-72.3784
Danbury,CT,41.3948,-73.4540
Danielson,CT,41.8026,-71.8859
Darien,CT,41.0787,-73.4693
Deep River Center,CT,41.3822,-72.4386
Derby,CT,41.3207,-73.0890
Durham,CT,41.4818,-72.6812
East Brooklyn,CT,41.7968,-71.8973
East Haddam,CT,41.4532,-72.4612
East Hampton,CT,41.5759,-72.5026
East Hartford,CT,41.7823,-72.6120
East Haven,CT,41.2762,-72.8684
East Norwalk,CT,41.1056,-73.3984
East Windsor,CT,41.9123,-72.5451
Easton,CT,41.2529,-73.2973
Ellington,CT,41.9040,-72.4698
Enfield,CT,41.9762,-72.5918
Essex Village,CT,41.3554,-72.3910
Fairfield,CT,41.1412,-73.2637
Farmington,CT,41.7198,-72.8320
Gales Ferry,CT,41.4298,-72.0820
Georgetown,CT,41.2557,-73.4348
Glastonbury,CT,41.7123,-72.6081
Glastonbury Center,CT,41.7009,-72.5995
Glenville,CT,41.0354,-73.6599
Greenwich,CT,41.0265,-73.6285
Groton,CT,41.3501,-72.0784
Guilford,CT,41.2890,-72.6818
Guilford Center,CT,41.2816,-72.6762
Hamden,CT,41.3959,-72.8968
Hartford,CT,41.7637,-72.6851
Hazardville,CT,41.9873,-72.5448
Hebron,CT,41.6579,-72.3659
Heritage Village,CT,41.4856,-73.2379
Higganum,CT,41.4970,-72.5570
Jewett City,CT,41.6068,-71.9809
Kensington,CT,41.6354,-72.7687
Kent,CT,41.7248,-73.4771
Killingly Center,CT,41.8387,-71.8692
Killingworth,CT,41.3582,-72.5637
Lake Pocotopaug,CT,41.5984,-72.5104
Ledyard,CT,41.4398,-72.0142
Lisbon,CT,41.6040,-72.0117
Litchfield,CT,41.7473,-73.1887
Long Hill,CT,41.3540,-72.0523
Madison,CT,41.2795,-72.5984
Madison Center,CT,41.2792,-72.6005
Manchester,CT,41.7759,-72.5215
Mansfield City,CT,41.7659,-72.2337
Meriden,CT,41.5382,-72.8070
Middlebury,CT,41.5279,-73.1276
Middletown,CT,41.5623,-72.6506
Milford,CT,41.2223,-73.0565
Montville Center,CT,41.4790,-72.1512
Moodus,CT,41.5029,-72.4501
Moosup,CT,41.7129,-71.8809
Mystic,CT,41.3543,-71.9665
Naugatuck,CT,41.4859,-73.0507
New Britain,CT,41.6612,-72.7795
New Canaan,CT,41.1468,-73.4948
New Fairfield,CT,41.4665,-73.4857
New Hartford Center,CT,41.8800,-72.9753
New Haven,CT,41.3081,-72.9282
New London,CT,41.3556,-72.0995
New Milford,CT,41.5770,-73.4085
New Preston,CT,41.6751,-73.3518
Newington,CT,41.6979,-72.7237
Newtown,CT,41.4140,-73.3034
Niantic,CT,41.3254,-72.1931
Noank,CT,41.3279,-71.9906
North Branford,CT,41.3276,-72.7673
North Granby,CT,41.9959,-72.8295
North Grosvenor Dale,CT,41.9856,-71.8987
North Haven,CT,41.3909,-72.8595
North Stamford,CT,41.1382,-73.5435
Northwest Harwinton,CT,41.7769,-73.0792
Norwalk,CT,41.1176,-73.4079
Norwich,CT,41.5243,-72.0759
Oakville,CT,41.5934,-73.0854
Old Greenwich,CT,41.0229,-73.5649
Old Mystic,CT,41.3915,-71.9617
Old Saybrook,CT,41.2918,-72.3762
Old Saybrook Center,CT,41.2912,-72.3718
Orange,CT,41.2784,-73.0257
Oxford,CT,41.4340,-73.1168
Oxoboxo River,CT,41.4439,-72.1250
Pawcatuck,CT,41.3773,-71.8337
Pemberwick,CT,41.0256,-73.6607
Plainfield,CT,41.6765,-71.9151
Plainfield Village,CT,41.6769,-71.9249
Plainville,CT,41.6745,-72.8582
Plymouth,CT,41.6720,-73.0529
Poquonock Bridge,CT,41.3451,-72.0248
Portland,CT,41.5729,-72.6406
Preston City,CT,41.5290,-71.9740
Prospect,CT,41.5023,-72.9787
Putnam,CT,41.9151,-71.9090
Quinebaug,CT,42.0237,-71.9498
Ridgefield,CT,41.2815,-73.4982
Riverside,CT,41.0337,-73.5782
Rockville,CT,41.8668,-72.4495
Salem,CT,41.4904,-72.2754
Salmon Brook,CT,41.9565,-72.7954
Saybrook Manor,CT,41.2854,-72.3990
Seymour,CT,41.3968,-73.0759
Shelton,CT,41.3165,-73.0932
Sherman,CT,41.5793,-73.4957
Sherwood Manor,CT,42.0134,-72.5643
Simsbury Center,CT,41.8809,-72.8112
Somers,CT,41.9854,-72.4462
South Coventry,CT,41.7701,-72.3051
South Windham,CT,41.6795,-72.1704
South Windsor,CT,41.8237,-72.6212
South Woodstock,CT,41.9390,-71.9595
Southbury,CT,41.4815,-73.2132
Southington,CT,41.5965,-72.8776
Southport,CT,41.1365,-73.2835
Southwood Acres,CT,41.9626,-72.5715
Stafford,CT,41.9848,-72.2890
Stafford Springs,CT,41.9543,-72.3023
Stamford,CT,41.0534,-73.5387
Storrs,CT,41.8084,-72.2495
Stratford,CT,41.1845,-73.1332
Suffield Depot,CT,41.9812,-72.6498
Tariffville,CT,41.9087,-72.7601
Terramuggus,CT,41.6351,-72.4704
Terryville,CT,41.6782,-73.0109
Thomaston,CT,41.6740,-73.0732
Thompson,CT,41.9587,-71.8626
Thompsonville,CT,41.9970,-72.5990
Tolland,CT,41.8715,-72.3687
Torrington,CT,41.8006,-73.1212
Trumbull,CT,41.2429,-73.2007
Uncasville,CT,41.4345,-72.1098
Wallingford,CT,41.4570,-72.8232
Wallingford Center,CT,41.4499,-72.8189
Washington,CT,41.6315,-73.3107
Waterbury,CT,41.5581,-73.0515
Waterford,CT,41.3417,-72.1360
Watertown,CT,41.6062,-73.1182
Wauregan,CT,41.7443,-71.9092
Weatogue,CT,41.8437,-72.8284
West Hartford,CT,41.7620,-72.7420
West Haven,CT,41.2707,-72.9471
West Simsbury,CT,41.8732,-72.8581
West Torrington,CT,41.8184,-73.1437
Westbrook Center,CT,41.2800,-72.4425
Westport,CT,41.1415,-73.3579
Wethersfield,CT,41.7143,-72.6526
Willimantic,CT,41.7107,-72.2081
Wilton,CT,41.1954,-73.4379
Winchester Center,CT,41.9001,-73.1348
Windham,CT,41.6998,-72.1570
Windsor,CT,41.8526,-72.6437
Windsor Locks,CT,41.9293,-72.6273
Winsted,CT,41.9212,-73.0601
Wolcott,CT,41.6023,-72.9868
Woodbridge,CT,41.3526,-73.0084
Woodbury,CT,41.5445,-73.2090
Woodbury Center,CT,41.5445,-73.2048
Woodmont,CT,41.2281,-72.9915
Adams Morgan,DC,38.9215,-77.0422
Anacostia,DC,38.8665,-76.9839
Barracks Row,DC,38.8813,-76.9950
Barry Farms,DC,38.8600,-76.9990
Bellevue,DC,38.8260,-77.0100
Benning,DC,38.8951,-76.9489
Benning Road,DC,38.8898,-76.9376
Bloomingdale,DC,38.9168,-77.0114
Brentwood Village,DC,38.9209,-76.9844
Brightwood,DC,38.9612,-77.0275
Brookland,DC,38.9329,-76.9841
Capitol Gateway,DC,38.8911,-76.9185
Capitol Riverfront,DC,38.8780,-77.0031
Central 14th Street / Spring Road,DC,38.9371,-77.0327
Central 14th Street / WMATA Northern Bus Barn,DC,38.9447,-77.0326
Chevy Chase,DC,38.9810,-77.0830
Cleveland Park,DC,38.9362,-77.0655
Colorado Triangle,DC,38.9561,-77.0333
Columbia Heights,DC,38.9257,-77.0294
Congress Heights,DC,38.8429,-77.0002
Deanwood,DC,38.8984,-76.9294
Downtown DC,DC,38.8935,-77.0199
Foggy Bottom,DC,38.9015,-77.0622
Fort Lincoln,DC,38.9223,-76.9564
Georgia Avenue / Walter Reed,DC,38.9826,-77.0263
Glover Park,DC,38.9209,-77.0772
Golden Triangle,DC,38.9052,-77.0436
H Street NE,DC,38.9001,-76.9959
Hillcrest,DC,38.8621,-76.9580
Ivy City,DC,38.9112,-76.9847
Kenilworth,DC,38.9100,-76.9390
Kennedy Street,DC,38.9563,-77.0180
Lincoln Heights,DC,38.8946,-76.9289
Mount Pleasant,DC,38.9307,-77.0408
Mount Vernon Triangle,DC,38.9023,-77.0169
NoMa,DC,38.9037,-77.0060
Northwest One,DC,38.9043,-77.0120
Park View,DC,38.9321,-77.0236
Pennsylvania Avenue SE,DC,38.8682,-76.9580
Petworth,DC,38.9459,-77.0250
Pleasant Plains,DC,38.9270,-77.0230
Riggs Park,DC,38.9543,-76.9941
Shaw,DC,38.9121,-77.0214
Southwest Waterfront,DC,38.8793,-77.0176
Tenleytown,DC,38.9470,-77.0800
The Parks At Walter Reed,DC,38.9740,-77.0296
The Wharf,DC,38.8791,-77.0249
Union Market,DC,38.9086,-76.9982
Van Ness,DC,38.9432,-77.0630
Washington,DC,38.8951,-77.0364
Woodley Park,DC,38.9287,-77.0558
Woodridge,DC,38.9312,-76.9711
Bear,DE,39.6293,-75.6583
Bellefonte,DE,39.7660,-75.5020
Bethany Beach,DE,38.5396,-75.0552
Blades,DE,38.6357,-75.6099
Bridgeville,DE,38.7426,-75.6044
Brookside,DE,39.6671,-75.7269
Camden,DE,39.1135,-75.5419
Cheswold,DE,39.2193,-75.5858
Claymont,DE,39.8007,-75.4596
Clayton,DE,39.2907,-75.6344
Delaware City,DE,39.5778,-75.5894
Delmar,DE,38.4565,-75.5772
Dover,DE,39.1582,-75.5244
Dover Base Housing,DE,39.1176,-75.4839
Edgemoor,DE,39.7501,-75.4996
Elsmere,DE,39.7393,-75.5980
Felton,DE,39.0085,-75.5780
Georgetown,DE,38.6901,-75.3855
Glasgow,DE,39.6048,-75.7452
Greenville,DE,39.7790,-75.5983
Greenwood,DE,38.8071,-75.5913
Harrington,DE,38.9237,-75.5777
Highland Acres,DE,39.1210,-75.5219
Hockessin,DE,39.7876,-75.6966
Kent Acres,DE,39.1318,-75.5249
Laurel,DE,38.5565,-75.5713
Lewes,DE,38.7746,-75.1393
Long Neck,DE,38.6201,-75.1507
Middletown,DE,39.4496,-75.7163
Milford,DE,38.9126,-75.4280
Millsboro,DE,38.5915,-75.2913
Milton,DE,38.7776,-75.3099
Nassau,DE,38.7521,-75.1877
New Castle,DE,39.6595,-75.5636
Newark,DE,39.6837,-75.7497
Newport,DE,39.7137,-75.6094
North Star,DE,39.7612,-75.7191
Ocean View,DE,38.5451,-75.0891
Pike Creek,DE,39.7309,-75.7041
Pike Creek Valley,DE,39.7362,-75.6983
Rehoboth Beach,DE,38.7210,-75.0760
Rising Sun-Lebanon,DE,39.0998,-75.5049
Riverview,DE,39.0265,-75.5108
Rodney Village,DE,39.1321,-75.5324
Seaford,DE,38.6412,-75.6110
Selbyville,DE,38.4604,-75.2207
Smyrna,DE,39.2998,-75.6047
Townsend,DE,39.3951,-75.6916
Wilmington,DE,39.7460,-75.5466
Wilmington Manor,DE,39.6868,-75.5844
Woodside East,DE,39.0676,-75.5375
Wyoming,DE,39.1182,-75.5588
Aberdeen,FL,26.5506,-80.1487
Alachua,FL,29.7516,-82.4248
Alafaya,FL,28.5641,-81.2114
Allapattah,FL,25.8145,-80.2239
Altamonte Springs,FL,28.6611,-81.3656
Alturas,FL,27.8717,-81.7151
Alva,FL,26.7156,-81.6101
Andover,FL,25.9684,-80.2128
Anna Maria,FL,27.5312,-82.7334
Apalachicola,FL,29.7260,-84.9856
Apollo Beach,FL,27.7731,-82.4076
Apopka,FL,28.6762,-81.5119
Arcadia,FL,27.2159,-81.8584
Archer,FL,29.5300,-82.5190
Asbury Lake,FL,30.0491,-81.8215
Astatula,FL,28.7097,-81.7328
Astor,FL,29.1625,-81.5254
Atlantic Beach,FL,30.3344,-81.3987
Atlantis,FL,26.5909,-80.1009
Auburndale,FL,28.0653,-81.7887
Ave Maria,FL,26.3367,-81.4381
Aventura,FL,25.9565,-80.1392
Avon Park,FL,27.5959,-81.5062
Azalea Park,FL,28.5411,-81.3006
Babson Park,FL,27.8320,-81.5223
Bagdad,FL,30.5988,-87.0322
Bal Harbour,FL,25.8918,-80.1270
Baldwin,FL,30.3027,-81.9754
Balm,FL,27.7595,-82.2612
Bartow,FL,27.8964,-81.8431
Bay Harbor Islands,FL,25.8876,-80.1312
Bay Hill,FL,28.4681,-81.5162
Bay Pines,FL,27.8142,-82.7782
Bayonet Point,FL,28.3267,-82.6834
Bayshore Gardens,FL,27.4253,-82.5904
Beacon Square,FL,28.2086,-82.7554
Bee Ridge,FL,27.2839,-82.4806
Bellair-Meadowbrook Terrace,FL,30.1788,-81.7434
Belle Glade,FL,26.6845,-80.6676
Belle Glade Camp,FL,26.6576,-80.6828
Belle Isle,FL,28.4583,-81.3592
Belleair,FL,27.9358,-82.8062
Belleair Beach,FL,27.9231,-82.8432
Belleair Bluffs,FL,27.9214,-82.8170
Belleview,FL,29.0553,-82.0623
Bellview,FL,30.4616,-87.3150
Beverly Hills,FL,28.9169,-82.4582
Big Coppitt Key,FL,24.5965,-81.6601
Big Pine Key,FL,24.6699,-81.3540
Biscayne Park,FL,25.8826,-80.1806
Bithlo,FL,28.5547,-81.1064
Black Diamond,FL,28.9125,-82.4859
Bloomingdale,FL,27.8936,-82.2404
Blountstown,FL,30.4438,-85.0474
Boca Del Mar,FL,26.3451,-80.1467
Boca Pointe,FL,26.3331,-80.1595
Boca Raton,FL,26.3587,-80.0831
Bokeelia,FL,26.7056,-82.1590
Bonifay,FL,30.7919,-85.6796
Bonita Springs,FL,26.3398,-81.7787
Boulevard Gardens,FL,26.1233,-80.1800
Bowling Green,FL,27.6384,-81.8240
Boyette,FL,27.8175,-82.2226
Boynton Beach,FL,26.5253,-80.0664
Bradenton,FL,27.4989,-82.5748
Bradenton Beach,FL,27.4676,-82.6983
Brandon,FL,27.9378,-82.2859
Brent,FL,30.4688,-87.2361
Bristol,FL,30.4325,-84.9770
Broadview Park,FL,26.0995,-80.2087
Bronson,FL,29.4477,-82.6423
Brookridge,FL,28.5511,-82.4920
Brooksville,FL,28.5555,-82.3899
Broward Estates,FL,26.1256,-80.1934
Brownsville,FL,25.8218,-80.2412
Buckhead Ridge,FL,27.1303,-80.8937
Buckingham,FL,26.6751,-81.7320
Buenaventura Lakes,FL,28.3358,-81.3531
Bunche Park,FL,25.9206,-80.2370
Bunnell,FL,29.4661,-81.2578
Burnt Store Marina,FL,26.7651,-82.0509
Bushnell,FL,28.6650,-82.1129
Butler Beach,FL,29.7983,-81.2670
Callahan,FL,30.5622,-81.8307
Callaway,FL,30.1530,-85.5699
Campbell,FL,28.2589,-81.4565
Cape Canaveral,FL,28.4058,-80.6048
Cape Coral,FL,26.5629,-81.9495
Carol City,FL,25.9407,-80.2456
Carrabelle,FL,29.8533,-84.6643
Carrollwood,FL,28.0500,-82.4929
Carrollwood Village,FL,28.0675,-82.5209
Carver Ranches,FL,25.9884,-80.1923
Casselberry,FL,28.6778,-81.3278
Cedar Grove,FL,30.1710,-85.6252
Celebration,FL,28.3253,-81.5331
Center Hill,FL,28.6500,-81.9926
Century,FL,30.9732,-87.2639
Charlotte Harbor,FL,26.9584,-82.0670
Charlotte Park,FL,26.9101,-82.0540
Chattahoochee,FL,30.7055,-84.8457
Cheval,FL,28.1486,-82.5145
Chiefland,FL,29.4750,-82.8598
Chipley,FL,30.7819,-85.5385
Christmas,FL,28.5364,-81.0176
Chuluota,FL,28.6419,-81.1234
Citra,FL,29.4119,-82.1098
Citrus Hills,FL,28.8883,-82.4326
Citrus Park,FL,28.0784,-82.5698
Citrus Ridge,FL,28.3339,-81.6423
Citrus Springs,FL,28.9975,-82.4707
Clarcona,FL,28.6128,-81.4987
Clearwater,FL,27.9658,-82.8001
Clermont,FL,28.5494,-81.7729
Cleveland,FL,26.9617,-81.9840
Clewiston,FL,26.7542,-80.9337
Cocoa,FL,28.3861,-80.7420
Cocoa Beach,FL,28.3206,-80.6092
Cocoa West,FL,28.3594,-80.7711
Coconut Creek,FL,26.2518,-80.1789
Coconut Grove,FL,25.7126,-80.2570
Combee Settlement,FL,28.0584,-81.9054
Connerton,FL,28.3144,-82.4754
Conway,FL,28.5028,-81.3306
Cooper City,FL,26.0573,-80.2717
Coral Gables,FL,25.7215,-80.2684
Coral Springs,FL,26.2712,-80.2706
Coral Terrace,FL,25.7459,-80.3045
Cortez,FL,27.4692,-82.6862
Country Club,FL,25.9481,-80.3170
Country Walk,FL,25.6340,-80.4323
Crawfordville,FL,30.1760,-84.3752
Crescent City,FL,29.4303,-81.5106
Crestview,FL,30.7621,-86.5705
Crooked Lake Park,FL,27.8292,-81.5840
Cross City,FL,29.6347,-83.1269
Crystal Lake,FL,28.0356,-81.9084
Crystal River,FL,28.9025,-82.5926
Crystal Springs,FL,28.1814,-82.1576
Cudjoe Key,FL,24.6715,-81.4984
Cutler,FL,25.6151,-80.3106
Cutler Bay,FL,25.5783,-80.3377
Cutler Ridge,FL,25.5807,-80.3467
Cypress Gardens,FL,27.9939,-81.6901
Cypress Lake,FL,26.5381,-81.8992
Cypress Quarters,FL,27.2520,-80.8140
Dade City,FL,28.3647,-82.1959
Dade City North,FL,28.3833,-82.1939
Dania Beach,FL,26.0523,-80.1439
Davenport,FL,28.1614,-81.6017
Davie,FL,26.0629,-80.2331
Daytona Beach,FL,29.2108,-81.0228
Daytona Beach Shores,FL,29.1761,-80.9828
De Land Southwest,FL,29.0077,-81.3113
De Leon Springs,FL,29.1199,-81.3529
DeBary,FL,28.8831,-81.3087
DeFuniak Springs,FL,30.7210,-86.1152
DeLand,FL,29.0283,-81.3031
Deerfield Beach,FL,26.3184,-80.0998
Delray Beach,FL,26.4615,-80.0728
Deltona,FL,28.9005,-81.2637
Desoto Lakes,FL,27.3714,-82.4898
Destin,FL,30.3935,-86.4958
Doctor Phillips,FL,28.4494,-81.4923
Doral,FL,25.8195,-80.3553
Dover,FL,27.9942,-82.2195
Dundee,FL,28.0225,-81.6192
Dunedin,FL,28.0199,-82.7732
Dunnellon,FL,29.0491,-82.4609
Eagle Lake,FL,27.9784,-81.7565
East Bronson,FL,29.4593,-82.5904
East Lake,FL,28.1108,-82.6948
East Lake-Orient Park,FL,27.9827,-82.3788
East Milton,FL,30.6152,-87.0216
East Naples,FL,26.1384,-81.7665
East Palatka,FL,29.6583,-81.5984
East Pensacola Heights,FL,30.4288,-87.1800
East Perrine,FL,25.6087,-80.3389
Eastpoint,FL,29.7366,-84.8785
Eatonville,FL,28.6147,-81.3806
Edgewater,FL,28.9889,-80.9023
Edgewood,FL,28.4861,-81.3723
Eglin Air Force Base,FL,30.4591,-86.5503
Eglin Village,FL,30.4630,-86.5394
Egypt Lake-Leto,FL,28.0177,-82.5062
El Portal,FL,25.8554,-80.1931
Elfers,FL,28.2167,-82.7223
Ellenton,FL,27.5217,-82.5276
Eloise,FL,27.9947,-81.7381
Englewood,FL,26.9620,-82.3526
Ensley,FL,30.5188,-87.2728
Estates of Fort Lauderdale  (historical),FL,26.0522,-80.1794
Estero,FL,26.4381,-81.8067
Eustis,FL,28.8528,-81.6853
Fairview Shores,FL,28.5911,-81.3942
Feather Sound,FL,27.9008,-82.6735
Fellsmere,FL,27.7678,-80.6014
Fern Park,FL,28.6492,-81.3512
Fernandina Beach,FL,30.6697,-81.4626
Ferry Pass,FL,30.5102,-87.2125
Fish Hawk,FL,27.8506,-82.2109
Five Points,FL,30.2091,-82.6373
Flagami,FL,25.7623,-80.3162
Flagler Beach,FL,29.4750,-81.1270
Flagler Estates,FL,29.6455,-81.4570
Fleming Island,FL,30.0933,-81.7190
Floral City,FL,28.7500,-82.2968
Florida City,FL,25.4479,-80.4792
Florida Ridge,FL,27.5803,-80.3867
Forest City,FL,28.6668,-81.4433
Fort Lauderdale,FL,26.1223,-80.1434
Fort Meade,FL,27.7523,-81.8017
Fort Myers,FL,26.6217,-81.8406
Fort Myers Beach,FL,26.4527,-81.9501
Fort Myers Shores,FL,26.7092,-81.7459
Fort Pierce,FL,27.4467,-80.3256
Fort Pierce North,FL,27.4736,-80.3593
Fort Pierce South,FL,27.4096,-80.3548
Fort Walton Beach,FL,30.4206,-86.6171
Fountainebleau,FL,25.7729,-80.3478
Four Corners,FL,28.3329,-81.6474
Freeport,FL,30.4982,-86.1360
Frostproof,FL,27.7459,-81.5306
Fruit Cove,FL,30.1111,-81.6418
Fruitland Park,FL,28.8614,-81.9065
Fruitville,FL,27.3298,-82.4576
Fuller Heights,FL,27.9092,-81.9981
Fussels Corner,FL,28.0542,-81.8606
Gainesville,FL,29.6516,-82.3248
Gandy,FL,27.8685,-82.6161
Gateway,FL,26.5776,-81.7504
Geneva,FL,28.7397,-81.1151
Gibsonia,FL,28.1147,-81.9737
Gibsonton,FL,27.8536,-82.3826
Gifford,FL,27.6753,-80.4092
Gladeview,FL,25.8393,-80.2356
Glencoe,FL,29.0258,-80.9720
Glenvar Heights,FL,25.7076,-80.3256
Golden Gate,FL,26.1879,-81.6951
Golden Glades,FL,25.9118,-80.2003
Goldenrod,FL,28.6103,-81.2887
Gonzalez,FL,30.5816,-87.2914
Gotha,FL,28.5278,-81.5231
Goulding,FL,30.4430,-87.2225
Goulds,FL,25.5626,-80.3823
Graceville,FL,30.9568,-85.5166
Grant-Valkaria,FL,27.9398,-80.5710
Greater Northdale,FL,28.1055,-82.5259
Green Cove Springs,FL,29.9919,-81.6782
Greenacres City,FL,26.6237,-80.1253
Greenbriar,FL,28.0113,-82.7527
Gretna,FL,30.6171,-84.6599
Grove City,FL,26.9142,-82.3270
Groveland,FL,28.5581,-81.8512
Gulf Breeze,FL,30.3571,-87.1639
Gulf Gate Estates,FL,27.2517,-82.5147
Gulfport,FL,27.7484,-82.7034
Haines City,FL,28.1145,-81.6201
Hallandale Beach,FL,25.9812,-80.1484
Harbor Bluffs,FL,27.9095,-82.8276
Harbour Heights,FL,26.9909,-82.0023
Harlem,FL,26.7376,-80.9509
Harlem Heights,FL,26.5162,-81.9279
Havana,FL,30.6238,-84.4146
Haverhill,FL,26.6912,-80.1200
Hawthorne,FL,29.5919,-82.0873
Hawthorne,FL,28.7614,-81.8709
Heathrow,FL,28.7633,-81.3722
Heritage Pines,FL,28.4252,-82.6211
Hernando,FL,28.9000,-82.3745
Hernando Beach,FL,28.4694,-82.6593
Hialeah,FL,25.8576,-80.2781
Hialeah Gardens,FL,25.8651,-80.3245
High Point,FL,28.5469,-82.5247
High Springs,FL,29.8269,-82.5968
Highland Beach,FL,26.3995,-80.0656
Highland City,FL,27.9653,-81.8779
Hiland Park,FL,30.2010,-85.6269
Hill 'n Dale,FL,28.5197,-82.2993
Hilliard,FL,30.6911,-81.9173
Hillsboro Beach,FL,26.2940,-80.0789
Hobe Sound,FL,27.0595,-80.1364
Holden Heights,FL,28.4967,-81.3879
Holiday,FL,28.1878,-82.7395
Holley,FL,30.4469,-86.9069
Holly Hill,FL,29.2436,-81.0376
Hollywood,FL,26.0112,-80.1495
Holmes Beach,FL,27.4953,-82.7109
Homestead,FL,25.4687,-80.4776
Homosassa,FL,28.7814,-82.6151
Homosassa Springs,FL,28.8036,-82.5759
Horizon West,FL,28.4338,-81.6227
Howey-in-the-Hills,FL,28.7169,-81.7734
Hudson,FL,28.3645,-82.6934
Hunters Creek,FL,28.3606,-81.4223
Hutchinson Island South,FL,27.2995,-80.2204
Hypoluxo,FL,26.5665,-80.0534
Immokalee,FL,26.4187,-81.4173
Indialantic,FL,28.0895,-80.5656
Indian Harbour Beach,FL,28.1489,-80.5884
Indian River Estates,FL,27.3645,-80.3098
Indian River Shores,FL,27.7167,-80.3842
Indian Rocks Beach,FL,27.8753,-82.8512
Indian Shores,FL,27.8628,-82.8484
Indiantown,FL,27.0273,-80.4856
Inglis,FL,29.0302,-82.6687
Interlachen,FL,29.6242,-81.8926
Inverness,FL,28.8358,-82.3304
Inverness Highlands North,FL,28.8642,-82.3769
Inverness Highlands South,FL,28.8006,-82.3371
Inwood,FL,28.0370,-81.7651
Iona,FL,26.5204,-81.9640
Islamorada,FL,24.9243,-80.6278
Island Walk,FL,26.2510,-81.7110
Isle of Normandy,FL,25.8529,-80.1351
Ives Estates,FL,25.9623,-80.1767
Jacksonville,FL,30.3322,-81.6556
Jacksonville Beach,FL,30.2947,-81.3931
Jan-Phyl Village,FL,28.0147,-81.7717
Jasmine Estates,FL,28.2931,-82.6901
Jasper,FL,30.5183,-82.9482
Jensen Beach,FL,27.2545,-80.2298
June Park,FL,28.0722,-80.6801
Juno Beach,FL,26.8798,-80.0534
Jupiter,FL,26.9342,-80.0942
Kathleen,FL,28.1209,-82.0231
Kendale Lakes,FL,25.7082,-80.4070
Kendall,FL,25.6793,-80.3173
Kendall Green,FL,26.2540,-80.1239
Kendall West,FL,25.7065,-80.4388
Kenneth City,FL,27.8156,-82.7201
Kensington Park,FL,27.3595,-82.4965
Key Biscayne,FL,25.6937,-80.1628
Key Largo,FL,25.0865,-80.4473
Key Vista,FL,28.1947,-82.7704
Key West,FL,24.5552,-81.7816
Keystone,FL,28.1559,-82.6212
Keystone Heights,FL,29.7861,-82.0315
Kings Point,FL,26.4454,-80.1398
Kissimmee,FL,28.3047,-81.4167
LaBelle,FL,26.7617,-81.4384
Lacoochee,FL,28.4658,-82.1720
Lady Lake,FL,28.9175,-81.9229
Laguna Beach,FL,30.2397,-85.9241
Lake Alfred,FL,28.0920,-81.7234
Lake Belvedere Estates,FL,26.6892,-80.1334
Lake Butler,FL,30.0227,-82.3396
Lake Butler,FL,28.5017,-81.5409
Lake City,FL,30.1897,-82.6393
Lake Clarke Shores,FL,26.6453,-80.0759
Lake Forest,FL,25.9776,-80.1831
Lake Hamilton,FL,28.0445,-81.6278
Lake Helen,FL,28.9808,-81.2334
Lake Lorraine,FL,30.4416,-86.5652
Lake Lucerne,FL,25.9651,-80.2414
Lake Mack-Forest Hills,FL,29.0007,-81.4240
Lake Magdalene,FL,28.0742,-82.4718
Lake Mary,FL,28.7589,-81.3178
Lake Panasoffkee,FL,28.7770,-82.1200
Lake Park,FL,26.8003,-80.0664
Lake Placid,FL,27.2983,-81.3712
Lake Sarasota,FL,27.2925,-82.4376
Lake Wales,FL,27.9014,-81.5859
Lake Worth Beach,FL,26.6171,-80.0723
Lake Worth Corridor,FL,26.6165,-80.1010
Lakeland,FL,28.0395,-81.9498
Lakeland Highlands,FL,27.9597,-81.9501
Lakes by the Bay,FL,25.5723,-80.3253
Lakeside,FL,30.1300,-81.7682
Lakewood Park,FL,27.5431,-80.4023
Land O' Lakes,FL,28.2189,-82.4576
Lantana,FL,26.5867,-80.0520
Largo,FL,27.9098,-82.7884
Lauderdale Lakes,FL,26.1665,-80.2084
Lauderdale-by-the-Sea,FL,26.1920,-80.0964
Lauderhill,FL,26.1404,-80.2134
Laurel,FL,27.1438,-82.4616
Lealman,FL,27.8211,-82.6793
Lecanto,FL,28.8516,-82.4876
Leesburg,FL,28.8108,-81.8779
Lehigh Acres,FL,26.6254,-81.6248
Leisure City,FL,25.4954,-80.4292
Lely,FL,26.1007,-81.7284
Lely Resort,FL,26.0809,-81.6979
Lighthouse Point,FL,26.2756,-80.0873
Limestone Creek,FL,26.9428,-80.1411
Little Havana,FL,25.7681,-80.2331
Live Oak,FL,30.2950,-82.9840
Lochmoor Waterway Estates,FL,26.6442,-81.9098
Lockhart,FL,28.6194,-81.4426
Longboat Key,FL,27.4125,-82.6590
Longwood,FL,28.7031,-81.3384
Loughman,FL,28.2420,-81.5667
Lower Grand Lagoon,FL,30.1441,-85.7508
Loxahatchee Groves,FL,26.6837,-80.2798
Lutz,FL,28.1511,-82.4615
Lynn Haven,FL,30.2455,-85.6483
Macclenny,FL,30.2822,-82.1221
Madeira Beach,FL,27.7981,-82.7973
Madison,FL,30.4694,-83.4129
Maitland,FL,28.6278,-81.3631
Malabar,FL,28.0036,-80.5656
Malone,FL,30.9577,-85.1621
Manasota Key,FL,26.9253,-82.3520
Manatee Road,FL,29.5130,-82.9143
Mango,FL,27.9797,-82.3065
Mangonia Park,FL,26.7603,-80.0737
Marathon,FL,24.7138,-81.0904
Marco,FL,25.9726,-81.7290
Marco Island,FL,25.9412,-81.7184
Margate,FL,26.2445,-80.2064
Marianna,FL,30.7744,-85.2269
Marion Oaks,FL,29.0086,-82.1831
Mary Esther,FL,30.4102,-86.6651
Masaryktown,FL,28.4417,-82.4570
Mascotte,FL,28.5783,-81.8868
Mayo,FL,30.0530,-83.1749
McGregor,FL,26.5609,-81.9145
Meadow Oaks,FL,28.3462,-82.6028
Meadow Woods,FL,28.3856,-81.3665
Medulla,FL,27.9678,-81.9734
Melbourne,FL,28.0836,-80.6081
Melbourne Beach,FL,28.0683,-80.5603
Melrose Park,FL,26.1134,-80.1934
Memphis,FL,27.5359,-82.5612
Merritt Island,FL,28.3590,-80.6900
Mexico Beach,FL,29.9481,-85.4200
Miami,FL,25.7743,-80.1937
Miami Beach,FL,25.7906,-80.1300
Miami Gardens,FL,25.9798,-80.2026
Miami Gardens,FL,25.9420,-80.2456
Miami Lakes,FL,25.9087,-80.3087
Miami Shores,FL,25.8632,-80.1928
Miami Springs,FL,25.8223,-80.2895
Micco,FL,27.8806,-80.5003
Middleburg,FL,30.0689,-81.8604
Midway,FL,30.4955,-84.4544
Midway,FL,28.7903,-81.2309
Midway,FL,30.4065,-87.0055
Milton,FL,30.6324,-87.0397
Mims,FL,28.6653,-80.8448
Minneola,FL,28.5744,-81.7462
Miramar,FL,25.9873,-80.2323
Miramar Beach,FL,30.3744,-86.3586
Molino,FL,30.7241,-87.3141
Monticello,FL,30.5451,-83.8713
Montura,FL,26.6364,-81.1004
Montverde,FL,28.6003,-81.6740
Moore Haven,FL,26.8331,-81.0931
Mount Dora,FL,28.8025,-81.6445
Mount Plymouth,FL,28.8081,-81.5331
Mulberry,FL,27.8953,-81.9734
Myrtle Grove,FL,30.4210,-87.3075
Naples,FL,26.1423,-81.7960
Naples Manor,FL,26.0887,-81.7262
Naples Park,FL,26.2617,-81.8093
Naranja,FL,25.5182,-80.4228
Nassau Village-Ratliff,FL,30.5111,-81.8093
Navarre,FL,30.4016,-86.8636
Neptune Beach,FL,30.3119,-81.3965
New Port Richey,FL,28.2442,-82.7193
New Port Richey East,FL,28.2603,-82.6926
New Smyrna Beach,FL,29.0258,-80.9270
Newberry,FL,29.6464,-82.6065
Niceville,FL,30.5169,-86.4822
Nocatee,FL,27.1603,-81.8823
Nocatee,FL,30.0832,-81.4028
Nokomis,FL,27.1192,-82.4443
Norland,FL,25.9490,-80.2123
North Andrews Gardens,FL,26.1915,-80.1442
North Bay Village,FL,25.8462,-80.1539
North Brooksville,FL,28.5730,-82.4082
North DeLand,FL,29.0494,-81.2981
North Fort Myers,FL,26.6673,-81.8801
North Key Largo,FL,25.2673,-80.3234
North Lauderdale,FL,26.2173,-80.2259
North Miami,FL,25.8901,-80.1867
North Miami Beach,FL,25.9332,-80.1625
North Palm Beach,FL,26.8176,-80.0820
North Port,FL,27.0442,-82.2359
North Redington Beach,FL,27.8161,-82.8207
North River Shores,FL,27.2175,-80.2698
North Sarasota,FL,27.3739,-82.5184
North Weeki Wachee,FL,28.5501,-82.5589
Northdale,FL,28.0939,-82.5056
Oak Hill,FL,28.8644,-80.8545
Oak Ridge,FL,28.4711,-81.4245
Oakland,FL,28.5550,-81.6331
Oakland Park,FL,26.1723,-80.1320
Oakleaf Plantation,FL,30.1708,-81.8355
Ocala,FL,29.1872,-82.1401
Ocean City,FL,30.4410,-86.6136
Ocean Ridge,FL,26.5270,-80.0484
Ocoee,FL,28.5692,-81.5440
Odessa,FL,28.1939,-82.5918
Ojus,FL,25.9484,-80.1506
Okeechobee,FL,27.2439,-80.8298
Oldsmar,FL,28.0342,-82.6651
Olga,FL,26.7190,-81.7123
Olympia Heights,FL,25.7268,-80.3553
On Top of the World,FL,29.1152,-82.2913
Opa-locka,FL,25.9023,-80.2503
Orange City,FL,28.9489,-81.2987
Orange Park,FL,30.1661,-81.7065
Orangetree,FL,26.2929,-81.5884
Oriole Beach,FL,30.3738,-87.0914
Orlando,FL,28.5383,-81.3792
Orlovista,FL,28.5383,-81.4604
Ormond Beach,FL,29.2858,-81.0559
Ormond-by-the-Sea,FL,29.3491,-81.0665
Osprey,FL,27.1962,-82.4904
Oviedo,FL,28.6700,-81.2081
Pace,FL,30.5994,-87.1611
Pahokee,FL,26.8201,-80.6653
Palatka,FL,29.6486,-81.6376
Palm Aire,FL,26.2062,-80.1917
Palm Bay,FL,28.0345,-80.5887
Palm Beach,FL,26.7056,-80.0364
Palm Beach Gardens,FL,26.8234,-80.1386
Palm Beach Shores,FL,26.7781,-80.0356
Palm City,FL,27.1678,-80.2662
Palm Coast,FL,29.5850,-81.2078
Palm Harbor,FL,28.0781,-82.7637
Palm River-Clair Mel,FL,27.9239,-82.3794
Palm Springs,FL,26.6359,-80.0961
Palm Springs North,FL,25.9351,-80.3338
Palm Valley,FL,30.1775,-81.3876
Palmetto,FL,27.5214,-82.5723
Palmetto Bay,FL,25.6218,-80.3248
Palmetto Estates,FL,25.6215,-80.3620
Palmona Park,FL,26.6865,-81.8965
Panama City,FL,30.1595,-85.6598
Panama City Beach,FL,30.1766,-85.8055
Paradise Heights,FL,28.6236,-81.5440
Parker,FL,30.1310,-85.6033
Parkland,FL,26.3101,-80.2373
Pasadena Hills,FL,28.2800,-82.2244
Pebble Creek,FL,28.1484,-82.3457
Pelican Bay,FL,26.2312,-81.8056
Pembroke Park,FL,25.9879,-80.1748
Pembroke Pines,FL,26.0032,-80.2239
Pensacola,FL,30.4213,-87.2169
Perry,FL,30.1177,-83.5827
Pierson,FL,29.2394,-81.4656
Pine Castle,FL,28.4719,-81.3679
Pine Hills,FL,28.5578,-81.4534
Pine Island Center,FL,26.6137,-82.1181
Pine Island Ridge,FL,26.0948,-80.2739
Pine Manor,FL,26.5728,-81.8781
Pine Ridge,FL,28.9383,-82.4734
Pine Ridge,FL,26.2306,-81.7959
Pinecrest,FL,25.6670,-80.3081
Pinellas Park,FL,27.8428,-82.6995
Pinewood,FL,25.8690,-80.2170
Placid Lakes,FL,27.2414,-81.4070
Plant City,FL,28.0189,-82.1147
Plantation,FL,26.1342,-80.2318
Plantation,FL,24.9762,-80.5523
Plantation,FL,27.0681,-82.3729
Poinciana,FL,28.1403,-81.4584
Point Baker,FL,30.6902,-87.0536
Polk City,FL,28.1825,-81.8240
Pompano Beach,FL,26.2379,-80.1248
Pompano Beach Highlands,FL,26.2829,-80.1070
Ponce Inlet,FL,29.0964,-80.9370
Ponte Vedra Beach,FL,30.2397,-81.3856
Port Charlotte,FL,26.9762,-82.0906
Port LaBelle,FL,26.7565,-81.4051
Port Orange,FL,29.1383,-80.9956
Port Richey,FL,28.2717,-82.7195
Port Saint Joe,FL,29.8119,-85.3030
Port Saint John,FL,28.4769,-80.7887
Port Saint Lucie,FL,27.2939,-80.3503
Port Salerno,FL,27.1442,-80.2006
Pretty Bayou,FL,30.1966,-85.6966
Princeton,FL,25.5384,-80.4089
Progress Village,FL,27.9003,-82.3645
Punta Gorda,FL,26.9298,-82.0454
Punta Gorda Isles,FL,26.9176,-82.0784
Punta Rassa,FL,26.4879,-82.0123
Quail Ridge,FL,28.3490,-82.5553
Quincy,FL,30.5871,-84.5833
Redington Beach,FL,27.8086,-82.8112
Redington Shores,FL,27.8261,-82.8290
Richmond Heights,FL,25.6315,-80.3689
Richmond West,FL,25.6105,-80.4297
Ridge Manor,FL,28.5075,-82.1704
Ridge Wood Heights,FL,27.2873,-82.5131
Ridgecrest,FL,27.8975,-82.8053
River Park,FL,27.3142,-80.3473
Riverview,FL,27.8661,-82.3265
Riviera Beach,FL,26.7753,-80.0581
Rock Island,FL,26.1551,-80.1770
Rockledge,FL,28.3508,-80.7253
Roosevelt Gardens,FL,26.1409,-80.1803
Roseland,FL,27.8359,-80.4931
Rotonda West,FL,26.8837,-82.2901
Royal Palm Beach,FL,26.7084,-80.2306
Royal Palm Estates,FL,26.6810,-80.1330
Ruskin,FL,27.7209,-82.4331
Safety Harbor,FL,27.9908,-82.6932
Saint Augustine,FL,29.8947,-81.3145
Saint Augustine Beach,FL,29.8505,-81.2653
Saint Augustine Shores,FL,29.8108,-81.3103
Saint Augustine South,FL,29.8425,-81.3145
Saint Cloud,FL,28.2489,-81.2812
Saint George,FL,28.0564,-82.7279
Saint James City,FL,26.4976,-82.0784
Saint Leo,FL,28.3372,-82.2584
Saint Pete Beach,FL,27.7253,-82.7412
Samoset,FL,27.4695,-82.5415
Samsula-Spruce Creek,FL,29.0493,-81.0619
San Antonio,FL,28.3361,-82.2745
San Carlos Park,FL,26.4673,-81.8015
Sandalfoot Cove,FL,26.3386,-80.1869
Sanford,FL,28.8006,-81.2731
Sanibel,FL,26.4490,-82.0223
Santa Rosa Beach,FL,30.3960,-86.2288
Sarasota,FL,27.3364,-82.5306
Sarasota Springs,FL,27.3089,-82.4795
Satellite Beach,FL,28.1761,-80.5901
Sawgrass,FL,30.1927,-81.3706
Schall Circle,FL,26.7156,-80.1150
Scott Lake,FL,25.9415,-80.2320
Seaside,FL,30.3210,-86.1416
Sebastian,FL,27.8164,-80.4706
Sebring,FL,27.4956,-81.4409
Seffner,FL,27.9836,-82.2756
Seminole,FL,27.8397,-82.7912
Seminole Manor,FL,26.5837,-80.1003
Sewall's Point,FL,27.1995,-80.2023
Shady Hills,FL,28.4100,-82.5429
Sharpes,FL,28.4322,-80.7601
Siesta Key,FL,27.2678,-82.5453
Silver Lake,FL,28.8419,-81.7984
Silver Springs,FL,29.2166,-82.0576
Silver Springs Shores,FL,29.1044,-82.0206
Sky Lake,FL,28.4572,-81.3915
Sneads,FL,30.7080,-84.9255
South Apopka,FL,28.6619,-81.5095
South Bay,FL,26.6640,-80.7162
South Beach,FL,27.5911,-80.3442
South Bradenton,FL,27.4631,-82.5818
South Brooksville,FL,28.5358,-82.3840
South Daytona,FL,29.1658,-81.0045
South Gate Ridge,FL,27.2864,-82.4968
South Highpoint,FL,27.9170,-82.7129
South Miami,FL,25.7076,-80.2934
South Miami Heights,FL,25.5976,-80.3806
South Palm Beach,FL,26.5890,-80.0387
South Pasadena,FL,27.7550,-82.7376
South Patrick Shores,FL,28.2022,-80.6095
South Sarasota,FL,27.2862,-82.5329
South Venice,FL,27.0531,-82.4243
Southchase,FL,28.3931,-81.3834
Southeast Arcadia,FL,27.1863,-81.8521
Southgate,FL,27.3081,-82.5098
Southwest Ranches,FL,26.0587,-80.3373
Spring Hill,FL,28.4769,-82.5255
Springfield,FL,30.1533,-85.6113
St. Petersburg,FL,27.7709,-82.6793
Starke,FL,29.9441,-82.1098
Steinhatchee,FL,29.6711,-83.3876
Stock Island,FL,24.5671,-81.7384
Stuart,FL,27.1975,-80.2528
Sugarmill Woods,FL,28.7322,-82.5062
Sun City Center,FL,27.7181,-82.3518
Suncoast Estates,FL,26.7117,-81.8690
Sunny Isles Beach,FL,25.9506,-80.1228
Sunrise,FL,26.1340,-80.1131
Sunset,FL,25.7059,-80.3523
Sunshine Ranches,FL,26.0459,-80.3289
Surfside,FL,25.8784,-80.1256
Sweetwater,FL,25.7634,-80.3731
Taft,FL,28.4297,-81.3651
Tallahassee,FL,30.4383,-84.2807
Tamarac,FL,26.2129,-80.2498
Tamiami,FL,25.7587,-80.3984
Tampa,FL,27.9475,-82.4584
Tangelo Park,FL,28.4558,-81.4459
Tangerine,FL,28.7650,-81.6306
Tarpon Springs,FL,28.1461,-82.7568
Tavares,FL,28.8042,-81.7256
Tavernier,FL,25.0115,-80.5151
Taylor Creek,FL,27.2167,-80.7895
Tedder,FL,26.2843,-80.1223
Temple Terrace,FL,28.0353,-82.3893
Tequesta,FL,26.9590,-80.0880
Terra Mar,FL,26.2162,-80.0953
The Acreage,FL,26.7940,-80.2675
The Crossings,FL,25.6707,-80.4012
The Hammocks,FL,25.6715,-80.4445
The Meadows,FL,27.3617,-82.4690
The Villages,FL,28.9341,-81.9599
Thonotosassa,FL,28.0614,-82.3023
Three Lakes,FL,25.6421,-80.3984
Three Oaks,FL,26.4701,-81.7940
Tice,FL,26.6748,-81.8151
Tierra Verde,FL,27.6920,-82.7234
Tiger Point,FL,30.3785,-87.0555
Timber Pines,FL,28.4703,-82.6032
Titusville,FL,28.6122,-80.8076
Town 'n' Country,FL,28.0106,-82.5773
Treasure Island,FL,27.7692,-82.7690
Trenton,FL,29.6133,-82.8176
Trinity,FL,28.1808,-82.6818
Twin Lakes,FL,26.1809,-80.1600
Tyndall Air Force Base,FL,30.0853,-85.6073
Umatilla,FL,28.9294,-81.6656
Union Park,FL,28.5681,-81.2862
University,FL,28.0739,-82.4390
University Park,FL,25.7465,-80.3675
Upper Grand Lagoon,FL,30.1633,-85.7408
Valparaiso,FL,30.5085,-86.5027
Valrico,FL,27.9379,-82.2364
Vamo,FL,27.2220,-82.4979
Venice,FL,27.0998,-82.4543
Venice Gardens,FL,27.0731,-82.4076
Vero Beach,FL,27.6386,-80.3973
Vero Beach South,FL,27.6164,-80.4131
Verona Walk,FL,26.0841,-81.6799
Viera East,FL,28.2623,-80.7145
Viera West,FL,28.2450,-80.7338
Villages of Oriole,FL,26.4623,-80.1528
Villano Beach,FL,29.9386,-81.3020
Villas,FL,26.5504,-81.8687
Vineyards,FL,26.2237,-81.7280
Virginia Gardens,FL,25.8104,-80.3023
Wabasso Beach,FL,27.7647,-80.3989
Wahneta,FL,27.9528,-81.7270
Waldo,FL,29.7897,-82.1673
Wallace,FL,30.6774,-87.1800
Warm Mineral Springs,FL,27.0598,-82.2601
Warrington,FL,30.3841,-87.2750
Washington Park,FL,26.1326,-80.1812
Watertown,FL,30.1925,-82.6146
Wauchula,FL,27.5473,-81.8115
Wedgefield,FL,28.4878,-81.0773
Weeki Wachee Gardens,FL,28.5336,-82.6295
Wekiwa Springs,FL,28.6986,-81.4256
Wellborn,FL,30.2311,-82.8196
Wellington,FL,26.6587,-80.2414
Wesley Chapel,FL,28.2397,-82.3279
West Bradenton,FL,27.5025,-82.6140
West DeLand,FL,29.0158,-81.3331
West Gate,FL,26.7026,-80.0981
West Little River,FL,25.8570,-80.2370
West Melbourne,FL,28.0717,-80.6534
West Miami,FL,25.7634,-80.2962
West Palm Beach,FL,26.7153,-80.0534
West Park,FL,25.9845,-80.1989
West Pensacola,FL,30.4266,-87.2797
West Perrine,FL,25.6059,-80.3628
West Samoset,FL,27.4695,-82.5568
West Vero Corridor,FL,27.6378,-80.4858
West and East Lealman,FL,27.8199,-82.6894
Westchase,FL,28.0550,-82.6098
Westchester,FL,25.7548,-80.3273
Weston,FL,26.1004,-80.3998
Westview,FL,25.8820,-80.2420
Westwood Lake,FL,25.7293,-80.3728
Wewahitchka,FL,30.1127,-85.2005
Whiskey Creek,FL,26.5726,-81.8901
White City,FL,27.3739,-80.3339
Whitfield,FL,27.4117,-82.5659
Wildwood,FL,28.8654,-82.0406
Williamsburg,FL,28.4144,-81.4429
Williston,FL,29.3875,-82.4468
Williston Highlands,FL,29.3405,-82.5415
Willow Oak,FL,27.9161,-82.0179
Wilton Manors,FL,26.1604,-80.1389
Wimauma,FL,27.7125,-82.2990
Windermere,FL,28.4956,-81.5348
Winston,FL,28.0317,-82.0148
Winter Beach,FL,27.7192,-80.4206
Winter Garden,FL,28.5653,-81.5862
Winter Haven,FL,28.0222,-81.7329
Winter Park,FL,28.6000,-81.3392
Winter Springs,FL,28.6989,-81.3081
Woodlawn Beach,FL,30.3882,-86.9908
Woodville,FL,30.3141,-84.2474
Wright,FL,30.4557,-86.6383
Yalaha,FL,28.7386,-81.8087
Youngstown,FL,30.3644,-85.4383
Yulee,FL,30.6319,-81.6065
Zellwood,FL,28.7311,-81.6012
Zephyrhills,FL,28.2336,-82.1812
Zephyrhills North,FL,28.2517,-82.1656
Zephyrhills South,FL,28.2149,-82.1887
Zephyrhills West,FL,28.2308,-82.2056
Zolfo Springs,FL,27.4934,-81.7959
Abbeville,GA,31.9921,-83.3068
Acworth,GA,34.0663,-84.6784
Adairsville,GA,34.3687,-84.9341
Adel,GA,31.1373,-83.4241
Alamo,GA,32.1471,-82.7779
Albany,GA,31.5785,-84.1557
Alma,GA,31.5394,-82.4624
Alpharetta,GA,34.0754,-84.2941
Alto,GA,34.4673,-83.5738
Americus,GA,32.0724,-84.2327
Appling,GA,33.5461,-82.3173
Aragon,GA,34.0457,-85.0561
Arcade,GA,34.0779,-83.5615
Arlington,GA,31.4399,-84.7249
Ashburn,GA,31.7060,-83.6532
Athens,GA,33.9609,-83.3779
Atlanta,GA,33.7490,-84.3880
Auburn,GA,34.0137,-83.8277
Augusta,GA,33.4710,-81.9748
Austell,GA,33.8126,-84.6344
Avondale Estates,GA,33.7715,-84.2671
Bainbridge,GA,30.9038,-84.5755
Baldwin,GA,34.4918,-83.5374
Ball Ground,GA,34.3381,-84.3766
Barnesville,GA,33.0546,-84.1557
Baxley,GA,31.7782,-82.3485
Belvedere Park,GA,33.7548,-84.2674
Berkeley Lake,GA,33.9837,-84.1866
Blackshear,GA,31.3060,-82.2421
Blairsville,GA,34.8762,-83.9582
Blakely,GA,31.3777,-84.9341
Bloomingdale,GA,32.1324,-81.2990
Blue Ridge,GA,34.8640,-84.3241
Blue Ridge Manor,GA,33.8601,-84.6002
Bogart,GA,33.9493,-83.5346
Bonanza,GA,33.4657,-84.3366
Boston,GA,30.7919,-83.7899
Bowdon,GA,33.5379,-85.2533
Braselton,GA,34.1093,-83.7627
Bremen,GA,33.7212,-85.1455
Brookhaven,GA,33.8584,-84.3402
Brooklet,GA,32.3796,-81.6632
Broxton,GA,31.6252,-82.8868
Brunswick,GA,31.1501,-81.4915
Buchanan,GA,33.8026,-85.1886
Buena Vista,GA,32.3190,-84.5171
Buford,GA,34.1207,-84.0044
Butler,GA,32.5571,-84.2382
Byron,GA,32.6538,-83.7596
Cairo,GA,30.8775,-84.2021
Calhoun,GA,34.5026,-84.9510
Camilla,GA,31.2313,-84.2105
Candler-McAfee,GA,33.7267,-84.2725
Canton,GA,34.2368,-84.4908
Carnesville,GA,34.3698,-83.2352
Carrollton,GA,33.5801,-85.0766
Cartersville,GA,34.1653,-84.8023
Cave Spring,GA,34.1076,-85.3363
Cedartown,GA,34.0112,-85.2559
Centerville,GA,32.6301,-83.6896
Chamblee,GA,33.8920,-84.2988
Chatsworth,GA,34.7659,-84.7699
Chattahoochee Hills,GA,33.5506,-84.7605
Chattanooga Valley,GA,34.9329,-85.3555
Chester,GA,32.3938,-83.1529
Chickamauga,GA,34.8712,-85.2908
Clarkesville,GA,34.6126,-83.5249
Clarkston,GA,33.8096,-84.2396
Claxton,GA,32.1616,-81.9040
Clayton,GA,34.8781,-83.4010
Cleveland,GA,34.5970,-83.7632
Cochran,GA,32.3868,-83.3546
College Park,GA,33.6534,-84.4494
Colquitt,GA,31.1713,-84.7332
Columbus,GA,32.4610,-84.9877
Comer,GA,34.0637,-83.1254
Commerce,GA,34.2040,-83.4571
Conley,GA,33.6448,-84.3258
Conyers,GA,33.6676,-84.0177
Cordele,GA,31.9635,-83.7824
Cornelia,GA,34.5115,-83.5271
Country Club Estates,GA,33.9893,-83.4096
Country Club Estates,GA,31.2127,-81.4643
Covington,GA,33.5968,-83.8602
Crawfordville,GA,33.5540,-82.8960
Cumming,GA,34.2073,-84.1402
Cusseta,GA,32.3054,-84.7727
Cuthbert,GA,31.7713,-84.7894
Dacula,GA,33.9887,-83.8980
Dahlonega,GA,34.5326,-83.9849
Dallas,GA,33.9237,-84.8408
Dalton,GA,34.7698,-84.9702
Danielsville,GA,34.1243,-83.2213
Darien,GA,31.3702,-81.4340
Davisboro,GA,32.9790,-82.6079
Dawson,GA,31.7738,-84.4480
Dawsonville,GA,34.4212,-84.1191
Decatur,GA,33.7748,-84.2963
Deenwood,GA,31.2350,-82.3750
Demorest,GA,34.5651,-83.5452
Dock Junction,GA,31.2024,-81.5168
Donalsonville,GA,31.0405,-84.8791
Doraville,GA,33.8982,-84.2833
Douglas,GA,31.5088,-82.8499
Douglasville,GA,33.7515,-84.7477
Druid Hills,GA,33.7804,-84.3360
Dublin,GA,32.5404,-82.9038
Duluth,GA,34.0029,-84.1446
Dunwoody,GA,33.9462,-84.3346
East Dublin,GA,32.5482,-82.8718
East Griffin,GA,33.2437,-84.2288
East Newnan,GA,33.3507,-84.7766
East Point,GA,33.6795,-84.4394
Eastman,GA,32.1977,-83.1776
Eatonton,GA,33.3268,-83.3885
Edison,GA,31.5582,-84.7382
Elberton,GA,34.1116,-82.8686
Ellaville,GA,32.2382,-84.3091
Ellijay,GA,34.6948,-84.4822
Emerson,GA,34.1270,-84.7555
Enigma,GA,31.4130,-83.3290
Euharlee,GA,34.1448,-84.9330
Evans,GA,33.5337,-82.1307
Experiment,GA,33.2654,-84.2816
Fair Oaks,GA,33.9165,-84.5447
Fairburn,GA,33.5671,-84.5810
Fairview,GA,34.9456,-85.2844
Fayetteville,GA,33.4487,-84.4549
Firing Range,GA,33.4375,-82.6907
Fitzgerald,GA,31.7149,-83.2527
Flowery Branch,GA,34.1851,-83.9252
Folkston,GA,30.8310,-82.0113
Forest Park,GA,33.6221,-84.3691
Forsyth,GA,33.0343,-83.9382
Fort Gaines,GA,31.6092,-85.0493
Fort Oglethorpe,GA,34.9490,-85.2569
Fort Stewart,GA,31.8722,-81.6100
Fort Valley,GA,32.5538,-83.8874
Franklin,GA,33.2776,-85.0980
Franklin Springs,GA,34.2848,-83.1443
Gainesville,GA,34.2979,-83.8241
Garden City,GA,32.1144,-81.1540
Georgetown,GA,31.9833,-81.2273
Georgetown,GA,31.8846,-85.1074
Gibson,GA,33.2335,-82.5954
Glennville,GA,31.9366,-81.9284
Gordon,GA,32.8821,-83.3324
Grantville,GA,33.2348,-84.8358
Gray,GA,33.0096,-83.5338
Grayson,GA,33.8943,-83.9557
Greensboro,GA,33.5757,-83.1824
Greenville,GA,33.0287,-84.7130
Gresham Park,GA,33.7034,-84.3144
Griffin,GA,33.2468,-84.2641
Grovetown,GA,33.4504,-82.1982
Gumlog,GA,34.4918,-83.0965
Guyton,GA,32.3363,-81.3915
Hahira,GA,30.9913,-83.3727
Hamilton,GA,32.7579,-84.8749
Hampton,GA,33.3871,-84.2830
Hannahs Mill,GA,32.9329,-84.3494
Hapeville,GA,33.6601,-84.4102
Hardwick,GA,33.0682,-83.2235
Harlem,GA,33.4146,-82.3126
Hartwell,GA,34.3529,-82.9321
Hawkinsville,GA,32.2838,-83.4721
Hazlehurst,GA,31.8696,-82.5943
Helena,GA,32.0738,-82.9146
Henderson,GA,32.0081,-81.2589
Hephzibah,GA,33.3140,-82.0968
Hiawassee,GA,34.9493,-83.7574
Hinesville,GA,31.8469,-81.5960
Hiram,GA,33.8757,-84.7622
Hogansville,GA,33.1732,-84.9149
Holly Springs,GA,34.1740,-84.5013
Homer,GA,34.3337,-83.4990
Homerville,GA,31.0366,-82.7471
Hoschton,GA,34.0965,-83.7613
Indian Springs,GA,33.2426,-83.9207
Indian Springs,GA,34.9579,-85.1644
Irondale,GA,33.4807,-84.3588
Irwinton,GA,32.8113,-83.1727
Isle of Hope,GA,31.9819,-81.0609
Jackson,GA,33.2946,-83.9660
Jasper,GA,34.4679,-84.4291
Jefferson,GA,34.1170,-83.5724
Jefferson,GA,33.4493,-83.3115
Jeffersonville,GA,32.6876,-83.3466
Jesup,GA,31.6078,-81.8863
Johns Creek,GA,34.0289,-84.1986
Jonesboro,GA,33.5215,-84.3538
Kennesaw,GA,34.0234,-84.6155
Kings Bay Base,GA,30.7984,-81.5659
Kingsland,GA,30.8000,-81.6898
Knoxville,GA,32.7243,-83.9977
LaFayette,GA,34.7048,-85.2819
LaGrange,GA,33.0393,-85.0313
Lake City,GA,33.6065,-84.3352
Lakeland,GA,31.0410,-83.0751
Lakeview,GA,34.9792,-85.2588
Lakeview Estates,GA,33.7068,-84.0316
Lavonia,GA,34.4359,-83.1068
Lawrenceville,GA,33.9562,-83.9880
Leesburg,GA,31.7321,-84.1707
Lexington,GA,33.8698,-83.1118
Lilburn,GA,33.8901,-84.1430
Lincolnton,GA,33.7923,-82.4790
Lindale,GA,34.1868,-85.1747
Lithia Springs,GA,33.7940,-84.6605
Lithonia,GA,33.7123,-84.1052
Locust Grove,GA,33.3460,-84.1091
Loganville,GA,33.8390,-83.9007
Lookout Mountain,GA,34.9776,-85.3577
Louisville,GA,33.0015,-82.4112
Lovejoy,GA,33.4362,-84.3144
Ludowici,GA,31.7080,-81.7423
Lula,GA,34.3876,-83.6663
Lumber City,GA,31.9293,-82.6796
Lumpkin,GA,32.0510,-84.7991
Lyons,GA,32.2043,-82.3218
Mableton,GA,33.8187,-84.5824
Macon,GA,32.8407,-83.6324
Madison,GA,33.5957,-83.4679
Manchester,GA,32.8599,-84.6199
Marietta,GA,33.9526,-84.5499
Marshallville,GA,32.4563,-83.9402
Martinez,GA,33.5174,-82.0757
Maysville,GA,34.2529,-83.5615
McCaysville,GA,34.9862,-84.3713
McDonough,GA,33.4473,-84.1469
McRae,GA,32.0680,-82.9007
Meigs,GA,31.0724,-84.0891
Metter,GA,32.3971,-82.0601
Midway,GA,31.8058,-81.4307
Milledgeville,GA,33.0801,-83.2321
Millen,GA,32.8040,-81.9493
Milton,GA,34.1322,-84.3007
Monroe,GA,33.7948,-83.7132
Montezuma,GA,32.3052,-84.0274
Montgomery,GA,31.9405,-81.1221
Monticello,GA,33.3049,-83.6832
Morgan,GA,31.5377,-84.5994
Morrow,GA,33.5832,-84.3394
Moultrie,GA,31.1799,-83.7891
Mount Airy,GA,34.5187,-83.5007
Mount Vernon,GA,32.1785,-82.5946
Mount Zion,GA,33.6343,-85.1872
Mount Zion,GA,33.3612,-83.0076
Mountain City,GA,34.9181,-83.3854
Mountain Park,GA,33.8443,-84.1294
Nahunta,GA,31.2044,-81.9812
Nashville,GA,31.2074,-83.2502
Nelson,GA,34.3820,-84.3710
Newnan,GA,33.3807,-84.7997
Newton,GA,31.3130,-84.3357
Nicholls,GA,31.5174,-82.6349
Nicholson,GA,34.1140,-83.4316
Norcross,GA,33.9412,-84.2135
North Decatur,GA,33.7904,-84.3060
North Druid Hills,GA,33.8168,-84.3133
Oakwood,GA,34.2276,-83.8843
Oakwood,GA,33.5482,-83.9744
Ocilla,GA,31.5945,-83.2513
Oglethorpe,GA,32.2938,-84.0610
Omega,GA,31.3410,-83.5935
Oxford,GA,33.6190,-83.8674
Palmetto,GA,33.5179,-84.6697
Panthersville,GA,33.7073,-84.2719
Peachtree City,GA,33.3968,-84.5958
Peachtree Corners,GA,33.9701,-84.2216
Pearson,GA,31.2977,-82.8524
Pelham,GA,31.1280,-84.1530
Pembroke,GA,32.1363,-81.6235
Perry,GA,32.4582,-83.7316
Pine Mountain,GA,33.6759,-84.1149
Pine Mountain,GA,32.8648,-84.8541
Pooler,GA,32.1155,-81.2471
Port Wentworth,GA,32.1491,-81.1632
Porterdale,GA,33.5751,-83.8938
Powder Springs,GA,33.8595,-84.6838
Preston,GA,32.0660,-84.5374
Putney,GA,31.4702,-84.1177
Quitman,GA,30.7849,-83.5599
Raoul,GA,34.4495,-83.5943
Ray City,GA,31.0746,-83.1993
Redan,GA,33.7454,-84.1316
Reed Creek,GA,34.4459,-82.9249
Reidsville,GA,32.0869,-82.1179
Remerton,GA,30.8441,-83.3104
Reynolds,GA,32.5599,-84.0963
Richland,GA,32.0879,-84.6674
Richmond Hill,GA,31.9383,-81.3034
Rincon,GA,32.2960,-81.2354
Ringgold,GA,34.9159,-85.1091
Riverdale,GA,33.5726,-84.4133
Robins Air Force Base,GA,32.6091,-83.5844
Rochelle,GA,31.9510,-83.4563
Rockmart,GA,34.0026,-85.0416
Rome,GA,34.2570,-85.1647
Rossville,GA,34.9831,-85.2861
Roswell,GA,34.0232,-84.3616
Royston,GA,34.2871,-83.1102
Russell,GA,33.9787,-83.7002
Rydal,GA,34.3354,-84.7155
Saint Simon Mills,GA,31.1708,-81.4073
Saint Simons Island,GA,31.1505,-81.3695
Sandersville,GA,32.9815,-82.8101
Sandy Springs,GA,33.9243,-84.3785
Sardis,GA,32.7965,-84.6388
Savannah,GA,32.0835,-81.0998
Scottdale,GA,33.7898,-84.2641
Senoia,GA,33.3023,-84.5538
Shannon,GA,34.3368,-85.0713
Shannon,GA,33.4046,-84.4683
Skidaway Island,GA,31.9349,-81.0470
Smyrna,GA,33.8840,-84.5144
Snellville,GA,33.8573,-84.0199
Social Circle,GA,33.6562,-83.7182
Soperton,GA,32.3771,-82.5924
South Fulton,GA,33.5926,-84.6729
Sparks,GA,31.1669,-83.4374
Sparks,GA,33.0879,-82.7376
Sparta,GA,33.2757,-82.9763
Springfield,GA,32.3724,-81.3115
St Marys,GA,30.7568,-81.5717
St. Marys,GA,30.7305,-81.5465
Statenville,GA,30.7033,-83.0276
Statesboro,GA,32.4488,-81.7832
Statham,GA,33.9651,-83.5965
Sterling,GA,31.2724,-81.5615
Stockbridge,GA,33.5443,-84.2338
Stone Mountain,GA,33.8082,-84.1702
Stonecrest,GA,33.7085,-84.1349
Sugar Hill,GA,34.1065,-84.0335
Summerville,GA,34.4806,-85.3477
Sunnyside,GA,31.2394,-82.3421
Suwanee,GA,34.0515,-84.0713
Swainsboro,GA,32.5974,-82.3337
Sylvania,GA,32.7504,-81.6368
Sylvester,GA,31.5309,-83.8369
Talbotton,GA,32.6776,-84.5394
Tallapoosa,GA,33.7445,-85.2880
Temple,GA,33.7371,-85.0324
Tennille,GA,32.9360,-82.8115
Thomaston,GA,32.8882,-84.3266
Thomasville,GA,30.8366,-83.9788
Thomson,GA,33.4707,-82.5046
Thunderbolt,GA,32.0335,-81.0498
Tifton,GA,31.4505,-83.5085
Toccoa,GA,34.5773,-83.3324
Trenton,GA,34.8720,-85.5091
Trion,GA,34.5440,-85.3105
Tucker,GA,33.8546,-84.2171
Twin City,GA,32.5829,-82.1551
Tybee Island,GA,32.0002,-80.8457
Tyrone,GA,33.4712,-84.5971
Unadilla,GA,32.2615,-83.7366
Union City,GA,33.5871,-84.5424
Union Point,GA,33.6157,-83.0746
Unionville,GA,31.4349,-83.5096
Valdosta,GA,30.8333,-83.2803
Varnell,GA,34.9012,-84.9738
Vidalia,GA,32.2177,-82.4135
Vienna,GA,32.0916,-83.7955
Villa Rica,GA,33.7321,-84.9191
Vinings,GA,33.8648,-84.4644
Wadley,GA,32.8668,-82.4040
Walnut Grove,GA,33.7426,-83.8524
Walthourville,GA,31.7741,-81.6326
Warner Robins,GA,32.6157,-83.6266
Warrenton,GA,33.4071,-82.6621
Washington,GA,33.7368,-82.7393
Watkinsville,GA,33.8629,-83.4088
Waycross,GA,31.2137,-82.3557
Waynesboro,GA,33.0899,-82.0157
West Point,GA,32.8779,-85.1833
West Point,GA,32.7935,-83.8074
West Warrenton,GA,33.4122,-82.6752
Whitemarsh Island,GA,32.0288,-81.0168
Willacoochee,GA,31.3408,-83.0460
Wilmington Island,GA,32.0035,-80.9737
Winder,GA,33.9926,-83.7202
Winterville,GA,33.9671,-83.2782
Woodbine,GA,30.9640,-81.7242
Woodstock,GA,34.1015,-84.5194
Wrens,GA,33.2077,-82.3918
Wrightsville,GA,32.7293,-82.7199
Young Harris,GA,34.9331,-83.8471
Zebulon,GA,33.1024,-84.3427
'Ahuimanu,HI,21.4447,-157.8378
'Aiea,HI,21.3822,-157.9336
'Aiea Heights,HI,21.3908,-157.9205
'Alewa Heights,HI,21.3405,-157.8482
'Ele'ele,HI,21.9074,-159.5832
'Ewa Beach,HI,21.3156,-158.0072
'Ewa Beach-Iroquois Point,HI,21.3153,-157.9913
'Ewa Gentry,HI,21.3400,-158.0304
'Ewa Gentry-West Loch,HI,21.3533,-158.0284
'Ewa Villages,HI,21.3413,-158.0397
'Oma'o,HI,21.9258,-159.4882
Aina Haina,HI,21.2819,-157.7525
Aina Haina-Hawaii Loa Ridge,HI,21.2914,-157.7558
Ainaloa,HI,19.5269,-154.9931
Aliamanu / Salt Lakes / Foster Village,HI,21.3602,-157.9184
Anahola,HI,22.1423,-159.3139
Barbers Point Housing,HI,21.3213,-158.0809
Captain Cook,HI,19.4969,-155.9217
Chinatown,HI,21.3117,-157.8618
Diamond Head / Kapahulu / Saint Louis Heights,HI,21.2770,-157.8113
Discovery Harbor,HI,19.0441,-155.6319
Dowsett Highlands,HI,21.3374,-157.8338
East Honolulu,HI,21.2891,-157.7173
East Kapolei,HI,21.3586,-158.0513
Eden Roc,HI,19.4903,-155.1028
Fern Acres,HI,19.5122,-155.0803
Fern Forest,HI,19.4656,-155.1356
Ha'iku,HI,20.9155,-156.3219
Haiku-Pauwela,HI,20.9219,-156.3051
Halawa,HI,21.3794,-157.9217
Halawa Heights,HI,21.3785,-157.9139
Hale'iwa,HI,21.5928,-158.1034
Haliimaile,HI,20.8714,-156.3457
Hana,HI,20.7581,-155.9903
Hanama'ulu,HI,21.9940,-159.3550
Hanapepe,HI,21.9073,-159.5944
Hanapepe Heights,HI,21.9163,-159.5899
Hau'ula,HI,21.6076,-157.9087
Hau'ula-Punalu'u,HI,21.5980,-157.8971
Hawaiian Acres,HI,19.5381,-155.0522
Hawaiian Beaches,HI,19.5431,-154.9158
Hawaiian Ocean View,HI,19.0686,-155.7650
Hawaiian Paradise Park,HI,19.5933,-154.9731
Hawi,HI,20.2412,-155.8335
He'eia,HI,21.4305,-157.8161
Helemano,HI,21.5360,-158.0189
Hickam Field,HI,21.3397,-157.9602
Hilo,HI,19.7299,-155.0907
Ho'olehua,HI,21.1678,-157.0704
Holualoa,HI,19.6198,-155.9483
Honalo,HI,19.5464,-155.9319
Honaunau-Napoopoo,HI,19.4563,-155.8647
Honoka'a,HI,20.0793,-155.4669
Honolulu,HI,21.3069,-157.8583
Huelo,HI,20.9048,-156.2252
Iroquois Point,HI,21.3278,-157.9830
Joint Base Pearl Harbor Hickam,HI,21.3491,-157.9471
Ka'a'awa,HI,21.5544,-157.8510
Ka'anapali,HI,20.9288,-156.6942
Kaanapali Landing,HI,20.9309,-156.6878
Kahalu'u,HI,21.4576,-157.8443
Kahaluu-Keauhou,HI,19.5718,-155.9617
Kahuku,HI,21.6805,-157.9524
Kahuku-Kawela,HI,21.6938,-157.9747
Kahului,HI,20.8893,-156.4729
Kailua,HI,21.4024,-157.7405
Kailua Town,HI,21.3927,-157.7354
Kailua-Kona,HI,19.6402,-155.9991
Kalaeloa-Campbell Industrial Park,HI,21.3138,-158.0877
Kalaheo,HI,21.9242,-159.5269
Kalama Valley,HI,21.2968,-157.6717
Kalaoa,HI,19.7286,-155.9817
Kalihi Valley,HI,21.3637,-157.8429
Kamehameha Heights,HI,21.3339,-157.8628
Kaneohe,HI,21.3999,-157.7989
Kapa'a,HI,22.0752,-159.3190
Kapaau,HI,20.2339,-155.8019
Kapolei,HI,21.3356,-158.0582
Kapolei Villages,HI,21.3360,-158.0670
Kaumakani-Hanapepe,HI,21.9236,-159.5428
Kaunakakai,HI,21.0894,-157.0225
Kawailoa,HI,21.6231,-158.0804
Kea'au,HI,19.6227,-155.0374
Kealakekua,HI,19.5208,-155.9225
Kekaha,HI,21.9669,-159.7119
Kekaha-Waimea,HI,21.9718,-159.6927
Keokea,HI,20.7071,-156.3545
Keolu Hills,HI,21.3764,-157.7250
Kihei,HI,20.7646,-156.4458
Kilauea,HI,22.2121,-159.4134
Ko 'Olina-Honokai Hale,HI,21.3373,-158.1173
Ko Olina,HI,21.3399,-158.1256
Koloa,HI,21.9036,-159.4666
Koloa-Poipu,HI,21.8945,-159.4647
Koolauloa,HI,21.6058,-157.9265
Kualapu'u,HI,21.1531,-157.0368
Kula,HI,20.7909,-156.3270
Kuli'ou'ou,HI,21.2876,-157.7390
Kuliouou - Kalani Iki,HI,21.2971,-157.7450
Kurtistown,HI,19.6036,-155.0572
La'ie,HI,21.6455,-157.9225
Lahaina,HI,20.8753,-156.6798
Lanai City,HI,20.8276,-156.9240
Lanikai,HI,21.3888,-157.7149
Laupahoehoe,HI,19.9867,-155.2365
Lawai,HI,21.9216,-159.5038
Leilani Estates,HI,19.4697,-154.9178
Lihue,HI,21.9812,-159.3721
Ma'ili,HI,21.4163,-158.1753
Makaha,HI,21.4663,-158.2104
Makaha Valley,HI,21.4758,-158.1992
Makaha-Ka'ena,HI,21.4836,-158.2303
Makakilo,HI,21.3524,-158.0865
Makakilo / Kapolei / Honokai Hale,HI,21.3374,-158.0968
Makakilo City,HI,21.3469,-158.0858
Makakilo-Makaiwa Hills-Kunia,HI,21.3668,-158.0733
Makawao,HI,20.8569,-156.3131
Makiki / Lower Punchbowl / Tantalus,HI,21.3176,-157.8312
Manoa,HI,21.3161,-157.8042
Marine Corps Base Hawaii - MCBH,HI,21.4434,-157.7498
Maunawili,HI,21.3728,-157.7706
Mililani Mauka,HI,21.4779,-157.9945
Mililani Mauka / Launani Valley,HI,21.4789,-157.9880
Mililani Town,HI,21.4504,-158.0150
Moanalua,HI,21.3678,-157.8911
Mokuleia,HI,21.5797,-158.1531
Mountain View,HI,19.5558,-155.1081
Nanakuli,HI,21.3936,-158.1543
Nanawale Estates,HI,19.5061,-154.9119
Napili-Honokowai,HI,20.9753,-156.6783
Niu Valley,HI,21.2843,-157.7371
Ocean Pointe,HI,21.3107,-158.0364
"Olinda, CDP",HI,20.8237,-156.2924
Omao-Kukuiula,HI,21.9010,-159.4859
Orchidlands Estates,HI,19.5608,-155.0153
Pacific Palisades,HI,21.4256,-157.9535
Pahala,HI,19.2030,-155.4786
Paia,HI,20.9033,-156.3694
Palolo,HI,21.3128,-157.7804
Papa'ikou,HI,19.7872,-155.0933
Pauoa,HI,21.3208,-157.8384
Pearl City,HI,21.3973,-157.9752
Pepeekeo,HI,19.8336,-155.1072
Po'ipu,HI,21.8735,-159.4486
Portlock,HI,21.2712,-157.7065
Princeville,HI,22.2176,-159.4789
Pu'ohala Village,HI,21.4085,-157.7956
Puhi,HI,21.9689,-159.4001
Pukalani,HI,20.8367,-156.3367
Punahou,HI,21.3002,-157.8270
Punalu'u,HI,21.5705,-157.8756
Pupukea,HI,21.6546,-158.0607
Royal Kunia,HI,21.3939,-158.0267
Schofield Barracks,HI,21.4984,-158.0651
Schofield-Wheeler,HI,21.4839,-158.0468
Spreckelsville,HI,20.8969,-156.4150
St. Louis Heights,HI,21.2984,-157.8039
Sunset Beach-Pupukea,HI,21.6622,-158.0541
Village Park,HI,21.3981,-158.0303
Volcano,HI,19.4428,-155.2340
Wahiawa,HI,21.5028,-158.0246
Wahiawa-Whitmore,HI,21.5056,-158.0335
Wai'alae Nui-Country Club,HI,21.2733,-157.7801
Waialua,HI,21.5769,-158.1315
Waialua,HI,21.1003,-156.7614
Waianae,HI,21.4379,-158.1856
Waihee-Waiehu,HI,20.9302,-156.5046
Waikapu,HI,20.8581,-156.5069
Waikiki,HI,21.2855,-157.8359
Waikoloa,HI,19.9394,-155.7893
Wailea,HI,20.6897,-156.4419
Wailea-Makena,HI,20.6626,-156.4274
Wailua,HI,22.0527,-159.3378
Wailua,HI,20.8486,-156.1364
Wailua Homesteads,HI,22.0724,-159.3768
Wailuku,HI,20.8913,-156.5060
Wailupe,HI,21.2755,-157.7570
Waimalu,HI,21.3895,-157.9388
Waimanalo,HI,21.3461,-157.7238
Waimanalo Beach,HI,21.3341,-157.7000
Waimea,HI,21.9571,-159.6689
Waimea,HI,20.0232,-155.6729
Wainaku,HI,19.7447,-155.0950
Waipahu,HI,21.3867,-158.0092
Waipi'o Acres,HI,21.4648,-158.0133
Waipio,HI,21.4182,-157.9991
West Loch Estates,HI,21.3724,-158.0242
Wheeler Army Airfield,HI,21.4751,-158.0340
Whitmore Village,HI,21.5143,-158.0246
Ackley,IA,42.5541,-93.0533
Adel,IA,41.6144,-94.0174
Akron,IA,42.8289,-96.5595
Albia,IA,41.0267,-92.8058
Algona,IA,43.0700,-94.2330
Allison,IA,42.7527,-92.7952
Alta,IA,42.6736,-95.2905
Alton,IA,42.9875,-96.0106
Altoona,IA,41.6442,-93.4647
Ames,IA,42.0347,-93.6199
Anamosa,IA,42.1083,-91.2852
Ankeny,IA,41.7297,-93.6058
Aplington,IA,42.5842,-92.8844
Arnolds Park,IA,43.3727,-95.1239
Asbury,IA,42.5144,-90.7515
Atkins,IA,41.9969,-91.8621
Atlantic,IA,41.4036,-95.0139
Audubon,IA,41.7180,-94.9325
Avoca,IA,41.4767,-95.3380
Baxter,IA,41.8261,-93.1516
Bedford,IA,40.6669,-94.7214
Belle Plaine,IA,41.8969,-92.2782
Bellevue,IA,42.2586,-90.4229
Belmond,IA,42.8461,-93.6141
Bettendorf,IA,41.5245,-90.5157
Bloomfield,IA,40.7517,-92.4149
Blue Grass,IA,41.5089,-90.7660
Bondurant,IA,41.7005,-93.4622
Boone,IA,42.0597,-93.8802
Britt,IA,43.0977,-93.8019
Brooklyn,IA,41.7336,-92.4455
Buffalo,IA,41.4564,-90.7235
Buffalo (historical),IA,41.3111,-94.0036
Burlington,IA,40.8075,-91.1129
Camanche,IA,41.7881,-90.2562
Carlisle,IA,41.5008,-93.4911
Carroll,IA,42.0658,-94.8669
Carter Lake,IA,41.2906,-95.9181
Cascade,IA,42.2986,-91.0149
Cedar Falls,IA,42.5278,-92.4455
Cedar Rapids,IA,42.0083,-91.6441
Center Point,IA,42.1908,-91.7852
Centerville,IA,40.7342,-92.8741
Centerville,IA,42.0928,-93.9355
Central City,IA,42.2039,-91.5241
Chariton,IA,41.0139,-93.3066
Charles City,IA,43.0664,-92.6724
Cherokee,IA,42.7494,-95.5517
Clarinda,IA,40.7398,-95.0380
Clarion,IA,42.7316,-93.7330
Clarksville,IA,42.7847,-92.6677
Clear Lake,IA,43.1380,-93.3794
Clinton,IA,41.8445,-90.1887
Clive,IA,41.6030,-93.7241
Colfax,IA,41.6778,-93.2452
Columbus Junction,IA,41.2800,-91.3607
Conrad,IA,42.2247,-92.8747
Coon Rapids,IA,41.8708,-94.6775
Coralville,IA,41.6764,-91.5804
Corning,IA,40.9900,-94.7408
Corydon,IA,40.7570,-93.3188
Council Bluffs,IA,41.2619,-95.8608
Cresco,IA,43.3814,-92.1141
Creston,IA,41.0586,-94.3614
Dakota City,IA,42.7222,-94.1972
Dallas Center,IA,41.6844,-93.9611
Davenport,IA,41.5236,-90.5776
De Soto,IA,41.5317,-94.0097
De Witt,IA,41.8234,-90.5382
Decorah,IA,43.3033,-91.7857
Denison,IA,42.0178,-95.3553
Denver,IA,42.6714,-92.3374
Des Moines,IA,41.6005,-93.6091
Dike,IA,42.4641,-92.6282
Dubuque,IA,42.5006,-90.6646
Durant,IA,41.5998,-90.9107
Dyersville,IA,42.4844,-91.1229
Dysart,IA,42.1717,-92.3063
Eagle Grove,IA,42.6641,-93.9044
Earlham,IA,41.4919,-94.1241
Eddyville,IA,41.1565,-92.6374
Eldora,IA,42.3608,-93.0996
Eldridge,IA,41.6581,-90.5846
Elk Run Heights,IA,42.4669,-92.2566
Elkader,IA,42.8539,-91.4054
Ely,IA,41.8736,-91.5852
Emmetsburg,IA,43.1127,-94.6830
Epworth,IA,42.4450,-90.9321
Estherville,IA,43.4016,-94.8328
Evansdale,IA,42.4691,-92.2810
Fairbank,IA,42.6392,-92.0471
Fairfax,IA,41.9194,-91.7810
Fairfield,IA,41.0086,-91.9627
Farley,IA,42.4428,-91.0062
Fayette,IA,42.8419,-91.8021
Forest City,IA,43.2625,-93.6372
Fort Dodge,IA,42.4975,-94.1680
Fort Madison,IA,40.6298,-91.3152
Garner,IA,43.1025,-93.6019
George,IA,43.3439,-96.0022
Gilbert,IA,42.1069,-93.6497
Glenwood,IA,41.0469,-95.7425
Glidden,IA,42.0569,-94.7289
Granger,IA,41.7611,-93.8244
Greene,IA,42.8958,-92.8024
Greenfield,IA,41.3053,-94.4613
Grimes,IA,41.6883,-93.7911
Grinnell,IA,41.7430,-92.7224
Grundy Center,IA,42.3616,-92.7685
Guthrie Center,IA,41.6772,-94.5033
Guttenberg,IA,42.7858,-91.0996
Hamburg,IA,40.6044,-95.6578
Hampton,IA,42.7419,-93.2024
Harlan,IA,41.6530,-95.3256
Hartley,IA,43.1800,-95.4770
Hawarden,IA,42.9958,-96.4853
Hiawatha,IA,42.0358,-91.6821
Holstein,IA,42.4892,-95.5450
Hudson,IA,42.4066,-92.4555
Hull,IA,43.1886,-96.1336
Humboldt,IA,42.7208,-94.2152
Huxley,IA,41.8953,-93.6008
Ida Grove,IA,42.3450,-95.4717
Independence,IA,42.4686,-91.8893
Indianola,IA,41.3580,-93.5574
Iowa City,IA,41.6611,-91.5302
Iowa Falls,IA,42.5225,-93.2513
Jefferson,IA,42.0153,-94.3775
Jesup,IA,42.4755,-92.0638
Jewell,IA,42.3069,-93.6402
Johnston,IA,41.6730,-93.6977
Kalona,IA,41.4831,-91.7060
Keokuk,IA,40.3973,-91.3849
Keosauqua,IA,40.7303,-91.9624
Kingsley,IA,42.5883,-95.9675
Knoxville,IA,41.3208,-93.1094
La Porte City,IA,42.3150,-92.1921
Lake City,IA,42.2675,-94.7339
Lake Mills,IA,43.4194,-93.5333
Lake Panorama,IA,41.7111,-94.3906
Lake Park,IA,43.4555,-95.3208
Lake View,IA,42.3117,-95.0533
Lamoni,IA,40.6228,-93.9341
Laurens,IA,42.8466,-94.8519
Le Claire,IA,41.5986,-90.3435
Le Mars,IA,42.7942,-96.1656
Lenox,IA,40.8817,-94.5619
Leon,IA,40.7397,-93.7477
Lisbon,IA,41.9211,-91.3855
Logan,IA,41.6431,-95.7889
Lone Tree,IA,41.4881,-91.4260
Madrid,IA,41.8766,-93.8233
Maharishi Vedic City,IA,41.0525,-91.9949
Malvern,IA,41.0028,-95.5853
Manchester,IA,42.4841,-91.4554
Manly,IA,43.2872,-93.2022
Manning,IA,41.9091,-95.0650
Manson,IA,42.5291,-94.5341
Mapleton,IA,42.1658,-95.7931
Maquoketa,IA,42.0689,-90.6657
Marcus,IA,42.8258,-95.8075
Marengo,IA,41.7981,-92.0707
Marion,IA,42.0342,-91.5977
Marshalltown,IA,42.0494,-92.9080
Mason City,IA,43.1536,-93.2010
Mechanicsville,IA,41.9045,-91.2546
Mediapolis,IA,41.0081,-91.1640
Melcher-Dallas,IA,41.2250,-93.2413
Milford,IA,43.3247,-95.1500
Missouri Valley,IA,41.5564,-95.8878
Mitchellville,IA,41.6686,-93.3577
Monona,IA,43.0517,-91.3893
Monroe,IA,41.5222,-93.1019
Montezuma,IA,41.5858,-92.5274
Monticello,IA,42.2383,-91.1871
Mount Ayr,IA,40.7147,-94.2352
Mount Pleasant,IA,40.9636,-91.5579
Mount Vernon,IA,41.9220,-91.4168
Moville,IA,42.4889,-96.0725
Muscatine,IA,41.4245,-91.0432
Nashua,IA,42.9528,-92.5363
Nevada,IA,42.0228,-93.4524
New Hampton,IA,43.0591,-92.3177
New London,IA,40.9270,-91.3996
New Sharon,IA,41.4700,-92.6513
Newton,IA,41.6997,-93.0480
Nora Springs,IA,43.1427,-93.0044
North English,IA,41.5139,-92.0763
North Liberty,IA,41.7492,-91.5979
Northwood,IA,43.4441,-93.2210
Norwalk,IA,41.4755,-93.6788
Oakland,IA,42.5811,-93.4433
Oakland,IA,41.3092,-95.3967
Oelwein,IA,42.6733,-91.9135
Ogden,IA,42.0391,-94.0277
Onawa,IA,42.0266,-96.0972
Orange City,IA,43.0072,-96.0584
Osage,IA,43.2841,-92.8110
Osceola,IA,41.0339,-93.7655
Oskaloosa,IA,41.2964,-92.6444
Ottumwa,IA,41.0200,-92.4113
Palo,IA,42.0661,-91.7955
Panora,IA,41.6917,-94.3630
Park View,IA,41.6942,-90.5457
Parkersburg,IA,42.5775,-92.7869
Paullina,IA,42.9791,-95.6881
Pella,IA,41.4081,-92.9163
Peosta,IA,42.4506,-90.8504
Perry,IA,41.8386,-94.1072
Pleasant Hill,IA,41.5839,-93.5199
Pleasantville,IA,41.3858,-93.2694
Pocahontas,IA,42.7355,-94.6692
Polk City,IA,41.7714,-93.7130
Postville,IA,43.0847,-91.5682
Prairie City,IA,41.5994,-93.2352
Preston,IA,42.0503,-90.4140
Primghar,IA,43.0869,-95.6272
Red Oak,IA,41.0097,-95.2255
Reinbeck,IA,42.3236,-92.5994
Remsen,IA,42.8147,-95.9733
Riverside,IA,41.4797,-91.5813
Robins,IA,42.0711,-91.6668
Rock Rapids,IA,43.4272,-96.1759
Rock Valley,IA,43.2053,-96.2950
Rockwell,IA,42.9852,-93.1919
Rockwell City,IA,42.3953,-94.6339
Roland,IA,42.1664,-93.5019
Sac City,IA,42.4222,-94.9897
Saint Ansgar,IA,43.3783,-92.9188
Sanborn,IA,43.1816,-95.6556
Saylorville,IA,41.6786,-93.6297
Sergeant Bluff,IA,42.4039,-96.3586
Sheffield,IA,42.8933,-93.2152
Sheldon,IA,43.1811,-95.8561
Shell Rock,IA,42.7103,-92.5830
Shenandoah,IA,40.7655,-95.3722
Sibley,IA,43.3991,-95.7520
Sidney,IA,40.7483,-95.6475
Sigourney,IA,41.3333,-92.2046
Sioux Center,IA,43.0797,-96.1756
Sioux City,IA,42.5000,-96.4003
Slater,IA,41.8778,-93.6786
Solon,IA,41.8072,-91.4941
Spencer,IA,43.1414,-95.1444
Spirit Lake,IA,43.4222,-95.1022
Springville,IA,42.0594,-91.4427
State Center,IA,42.0166,-93.1635
Storm Lake,IA,42.6411,-95.2097
Story City,IA,42.1872,-93.5958
Strawberry Point,IA,42.6836,-91.5340
Stuart,IA,41.5033,-94.3186
Sumner,IA,42.8475,-92.0916
Tama,IA,41.9667,-92.5769
Tiffin,IA,41.7058,-91.6629
Tipton,IA,41.7697,-91.1279
Toledo,IA,41.9956,-92.5769
Traer,IA,42.1936,-92.4655
Tripoli,IA,42.8080,-92.2582
University Heights,IA,41.6550,-91.5568
Urbana,IA,42.2242,-91.8743
Urbandale,IA,41.6267,-93.7122
Van Meter,IA,41.5319,-93.9541
Villisca,IA,40.9297,-94.9761
Vinton,IA,42.1686,-92.0235
Walcott,IA,41.5847,-90.7721
Walford,IA,41.8783,-91.8346
Wapello,IA,41.1814,-91.1854
Washington,IA,41.2992,-91.6929
Waterloo,IA,42.4928,-92.3430
Waukee,IA,41.6117,-93.8852
Waukon,IA,43.2694,-91.4757
Waverly,IA,42.7258,-92.4755
Webster City,IA,42.4694,-93.8161
Wellman,IA,41.4642,-91.8382
West Branch,IA,41.6714,-91.3465
West Burlington,IA,40.8250,-91.1565
West Des Moines,IA,41.5772,-93.7113
West Liberty,IA,41.5700,-91.2638
West Union,IA,42.9628,-91.8082
Williamsburg,IA,41.6611,-92.0091
Wilton,IA,41.5889,-91.0168
Windsor Heights,IA,41.5978,-93.7083
Winfield,IA,41.1231,-91.4413
Winterset,IA,41.3308,-94.0138
Woodbine,IA,41.7383,-95.7028
Woodward,IA,41.8569,-93.9219
Aberdeen,ID,42.9441,-112.8383
American Falls,ID,42.7860,-112.8544
Ammon,ID,43.4696,-111.9666
Arco,ID,43.6366,-113.3003
Ashton,ID,44.0716,-111.4483
Bellevue,ID,43.4635,-114.2606
Blackfoot,ID,43.1905,-112.3450
Boise,ID,43.6135,-116.2035
Bonners Ferry,ID,48.6913,-116.3163
Buhl,ID,42.5991,-114.7595
Burley,ID,42.5357,-113.7928
Caldwell,ID,43.6629,-116.6874
Cascade,ID,44.5163,-116.0418
Challis,ID,44.5046,-114.2317
Chubbuck,ID,42.9207,-112.4661
Coeur d'Alene,ID,47.6777,-116.7805
Conda,ID,42.7283,-111.5324
Council,ID,44.7299,-116.4382
Dalton Gardens,ID,47.7296,-116.7702
Driggs,ID,43.7233,-111.1113
Dubois,ID,44.1763,-112.2308
Eagle,ID,43.6954,-116.3540
Eagle Foothills,ID,43.7401,-116.3879
Emmett,ID,43.8735,-116.4993
Fairfield,ID,43.3466,-114.7917
Filer,ID,42.5702,-114.6078
Fort Hall,ID,43.0333,-112.4383
Fruitland,ID,44.0077,-116.9166
Garden City,ID,43.6221,-116.2382
Glenns Ferry,ID,42.9549,-115.3009
Gooding,ID,42.9388,-114.7131
Grangeville,ID,45.9265,-116.1224
Hailey,ID,43.5196,-114.3153
Hansen,ID,42.5307,-114.3010
Hayden,ID,47.7660,-116.7866
Heyburn,ID,42.5585,-113.7639
Hidden Spring,ID,43.7222,-116.2509
Homedale,ID,43.6177,-116.9338
Idaho City,ID,43.8285,-115.8345
Idaho Falls,ID,43.4666,-112.0341
Iona,ID,43.5263,-111.9330
Jerome,ID,42.7241,-114.5186
Kamiah,ID,46.2271,-116.0293
Kellogg,ID,47.5383,-116.1193
Ketchum,ID,43.6807,-114.3637
Kimberly,ID,42.5338,-114.3648
Kuna,ID,43.4918,-116.4201
Lapwai,ID,46.4049,-116.8049
Lewiston,ID,46.4166,-117.0177
Lewiston Orchards,ID,46.3804,-116.9754
Lincoln,ID,43.5130,-111.9644
Malad City,ID,42.1916,-112.2508
Marsing,ID,43.5454,-116.8132
McCall,ID,44.9110,-116.0987
Meridian,ID,43.6121,-116.3915
Middleton,ID,43.7068,-116.6201
Montpelier,ID,42.3222,-111.2977
Moreland,ID,43.2227,-112.4425
Moscow,ID,46.7324,-117.0002
Mountain Home,ID,43.1330,-115.6912
Murphy,ID,43.2182,-116.5523
Nampa,ID,43.5407,-116.5635
New Plymouth,ID,43.9699,-116.8190
Nezperce,ID,46.2349,-116.2407
Orofino,ID,46.4793,-116.2551
Osburn,ID,47.5060,-115.9993
Paris,ID,42.2272,-111.4010
Parma,ID,43.7852,-116.9432
Paul,ID,42.6080,-113.7833
Payette,ID,44.0782,-116.9338
Pinehurst,ID,47.5388,-116.2374
Plummer,ID,47.3352,-116.8885
Pocatello,ID,42.8713,-112.4455
Ponderay,ID,48.3055,-116.5338
Post Falls,ID,47.7180,-116.9516
Preston,ID,42.0963,-111.8766
Priest River,ID,48.1810,-116.9116
Rathdrum,ID,47.8124,-116.8966
Rexburg,ID,43.8260,-111.7897
Rigby,ID,43.6724,-111.9150
Rupert,ID,42.6191,-113.6772
Saint Anthony,ID,43.9663,-111.6822
Saint Maries,ID,47.3143,-116.5627
Salmon,ID,45.1758,-113.8959
Sandpoint,ID,48.2766,-116.5533
Shelley,ID,43.3813,-112.1233
Shoshone,ID,42.9360,-114.4059
Soda Springs,ID,42.6544,-111.6047
Spirit Lake,ID,47.9663,-116.8685
Star,ID,43.6921,-116.4935
Sugar City,ID,43.8730,-111.7483
Sun Valley,ID,43.6971,-114.3517
Twin Falls,ID,42.5630,-114.4609
Tyhee,ID,42.9516,-112.4664
Ucon,ID,43.5963,-111.9639
Victor,ID,43.6027,-111.1113
Wallace,ID,47.4741,-115.9279
Weiser,ID,44.2510,-116.9693
Wendell,ID,42.7757,-114.7042
Wilder,ID,43.6765,-116.9118
Abingdon,IL,40.8045,-90.4018
Addison,IL,41.9317,-87.9890
Albers,IL,38.5434,-89.6123
Albion,IL,38.3775,-88.0562
Aledo,IL,41.1998,-90.7493
Algonquin,IL,42.1656,-88.2943
Alorton,IL,38.5898,-90.1201
Alsip,IL,41.6689,-87.7387
Altamont,IL,39.0620,-88.7481
Alton,IL,38.8906,-90.1843
Amboy,IL,41.7142,-89.3287
Andalusia,IL,41.4392,-90.7176
Anna,IL,37.4603,-89.2470
Antioch,IL,42.4772,-88.0956
Arcola,IL,39.6848,-88.3064
Arlington Heights,IL,42.0884,-87.9806
Arthur,IL,39.7148,-88.4723
Ashland,IL,39.8878,-90.0079
Assumption,IL,39.5203,-89.0490
Astoria,IL,40.2275,-90.3596
Athens,IL,39.9609,-89.7240
Atlanta,IL,40.2595,-89.2334
Atwood,IL,39.7995,-88.4623
Auburn,IL,39.5917,-89.7465
Aurora,IL,41.7606,-88.3201
Aviston,IL,38.6067,-89.6076
Bannockburn,IL,42.1934,-87.8665
Barrington,IL,42.1539,-88.1362
Barrington Hills,IL,42.1448,-88.1556
Barry,IL,39.6942,-91.0390
Bartlett,IL,41.9950,-88.1856
Bartonville,IL,40.6503,-89.6521
Batavia,IL,41.8500,-88.3126
Beach Park,IL,42.4222,-87.8573
Beardstown,IL,40.0175,-90.4243
Beckemeyer,IL,38.6056,-89.4359
Beecher,IL,41.3406,-87.6214
Belleville,IL,38.5200,-89.9840
Bellevue,IL,40.6845,-89.6801
Bellwood,IL,41.8814,-87.8831
Belvidere,IL,42.2639,-88.8443
Bement,IL,39.9220,-88.5720
Benld,IL,39.0928,-89.8040
Bensenville,IL,41.9550,-87.9401
Benton,IL,37.9967,-88.9201
Berkeley,IL,41.8889,-87.9034
Berwyn,IL,41.8506,-87.7937
Bethalto,IL,38.9092,-90.0407
Bethany,IL,39.6456,-88.7381
Big Rock,IL,41.7639,-88.5470
Bloomingdale,IL,41.9575,-88.0809
Bloomington,IL,40.4842,-88.9937
Blue Island,IL,41.6573,-87.6800
Blue Mound,IL,39.7011,-89.1231
Bolingbrook,IL,41.6986,-88.0684
Boulder Hill,IL,41.7125,-88.3362
Bourbonnais,IL,41.1538,-87.8875
Bradley,IL,41.1420,-87.8611
Braidwood,IL,41.2650,-88.2123
Breese,IL,38.6106,-89.5270
Bridgeport,IL,38.7059,-87.7600
Bridgeview,IL,41.7500,-87.8042
Brighton,IL,39.0398,-90.1407
Broadview,IL,41.8639,-87.8534
Brookfield,IL,41.8239,-87.8517
Buffalo Grove,IL,42.1514,-87.9598
Bull Valley,IL,42.3206,-88.3551
Bunker Hill,IL,39.0428,-89.9518
Burbank,IL,41.7339,-87.7795
Burnham,IL,41.6389,-87.5567
Burr Ridge,IL,41.7489,-87.9184
Bushnell,IL,40.5528,-90.5062
Byron,IL,42.1270,-89.2557
Cahokia,IL,38.5709,-90.1901
Cairo,IL,37.0053,-89.1765
Calumet City,IL,41.6156,-87.5295
Calumet Park,IL,41.6628,-87.6606
Cambria,IL,37.7814,-89.1192
Cambridge,IL,41.3036,-90.1929
Camp Point,IL,40.0392,-91.0693
Canton,IL,40.5581,-90.0351
Capron,IL,42.3997,-88.7404
Carbon Cliff,IL,41.4948,-90.3907
Carbondale,IL,37.7273,-89.2168
Carlinville,IL,39.2798,-89.8818
Carlyle,IL,38.6103,-89.3726
Carmi,IL,38.0909,-88.1586
Carol Stream,IL,41.9125,-88.1348
Carpentersville,IL,42.1211,-88.2579
Carrier Mills,IL,37.6842,-88.6328
Carrollton,IL,39.3023,-90.4071
Carterville,IL,37.7600,-89.0773
Carthage,IL,40.4164,-91.1363
Carthage,IL,41.9189,-89.3137
Cary,IL,42.2120,-88.2381
Casey,IL,39.2992,-87.9925
Caseyville,IL,38.6367,-90.0257
Catlin,IL,40.0650,-87.7020
Central City,IL,38.5489,-89.1270
Central City,IL,41.2378,-88.2817
Centralia,IL,38.5251,-89.1334
Centreville,IL,38.5834,-90.1251
Cerro Gordo,IL,39.8906,-88.7281
Champaign,IL,40.1164,-88.2434
Channahon,IL,41.4295,-88.2287
Channel Lake,IL,42.4786,-88.1376
Charleston,IL,39.4962,-88.1762
Chatham,IL,39.6762,-89.7045
Chatsworth,IL,40.7537,-88.2920
Chebanse,IL,41.0031,-87.9081
Chenoa,IL,40.7417,-88.7198
Cherry Valley,IL,42.2347,-88.9490
Chester,IL,37.9137,-89.8221
Chicago,IL,41.8500,-87.6500
Chicago Heights,IL,41.5061,-87.6356
Chicago Ridge,IL,41.7014,-87.7792
Chillicothe,IL,40.9223,-89.4862
Chrisman,IL,39.8036,-87.6736
Christopher,IL,37.9725,-89.0534
Cicero,IL,41.8456,-87.7539
Clarendon Hills,IL,41.7975,-87.9548
Clifton,IL,40.9353,-87.9345
Clinton,IL,40.1536,-88.9645
Coal City,IL,41.2878,-88.2856
Coal Valley,IL,41.4286,-90.4610
Cobden,IL,37.5314,-89.2534
Colchester,IL,40.4264,-90.7926
Colfax,IL,40.5670,-88.6165
Collinsville,IL,38.6703,-89.9845
Colona,IL,41.4839,-90.3532
Columbia,IL,38.4437,-90.2012
Cortland,IL,41.9200,-88.6887
Country Club Hills,IL,41.5681,-87.7203
Countryside,IL,41.7828,-87.8781
Crainville,IL,37.7520,-89.0679
Crest Hill,IL,41.5547,-88.0987
Crestwood,IL,41.6446,-87.7415
Crete,IL,41.4445,-87.6314
Creve Coeur,IL,40.6473,-89.5912
Crystal Lake,IL,42.2411,-88.3162
Crystal Lawns,IL,41.5703,-88.1581
Cuba,IL,40.4928,-90.1907
Cuba,IL,42.1839,-88.1909
Danvers,IL,40.5295,-89.1773
Danville,IL,40.1245,-87.6300
Darien,IL,41.7520,-87.9740
Davis Junction,IL,42.1017,-89.0932
De Soto,IL,37.8175,-89.2279
DeKalb,IL,41.9295,-88.7504
Decatur,IL,39.8403,-88.9548
Deer Park,IL,41.2950,-89.0362
Deer Park,IL,42.1609,-88.0815
Deerfield,IL,42.1711,-87.8445
Delavan,IL,40.3725,-89.5473
Depue,IL,41.3242,-89.3067
Des Plaines,IL,42.0334,-87.8834
Diamond,IL,41.2886,-88.2517
Divernon,IL,39.5656,-89.6573
Dixmoor,IL,41.6317,-87.6609
Dixon,IL,41.8389,-89.4796
Dolton,IL,41.6389,-87.6073
Downers Grove,IL,41.8089,-88.0112
Du Quoin,IL,38.0114,-89.2362
Dunlap,IL,40.8617,-89.6787
Dupo,IL,38.5162,-90.2104
Durand,IL,42.4364,-89.3321
Dwight,IL,41.0945,-88.4251
Earlville,IL,41.5895,-88.9220
East Alton,IL,38.8803,-90.1112
East Dubuque,IL,42.4922,-90.6429
East Dundee,IL,42.0989,-88.2715
East Hazel Crest,IL,41.5737,-87.6464
East Moline,IL,41.5009,-90.4443
East Peoria,IL,40.6662,-89.5801
East Saint Louis,IL,38.6245,-90.1509
Edinburg,IL,39.6573,-89.3895
Edwardsville,IL,38.8114,-89.9532
Effingham,IL,39.1200,-88.5434
El Paso,IL,40.7392,-89.0165
Elburn,IL,41.8922,-88.4723
Eldorado,IL,37.8137,-88.4381
Elgin,IL,42.0373,-88.2812
Elizabethtown,IL,37.4459,-88.3050
Elk Grove Village,IL,42.0039,-87.9703
Elmhurst,IL,41.8995,-87.9403
Elmwood,IL,40.7778,-89.9665
Elmwood Park,IL,41.9211,-87.8092
Elwood,IL,41.4039,-88.1117
Energy,IL,37.7739,-89.0265
Erie,IL,41.6564,-90.0793
Eureka,IL,40.7214,-89.2729
Evanston,IL,42.0411,-87.6901
Evergreen Park,IL,41.7206,-87.7017
Fairbury,IL,40.7473,-88.5148
Fairfield,IL,38.3789,-88.3598
Fairfield,IL,42.2192,-88.0615
Fairmont,IL,41.5561,-88.0592
Fairmont City,IL,38.6498,-90.0932
Fairview Heights,IL,38.5889,-89.9904
Farmer City,IL,40.2434,-88.6426
Farmington,IL,40.6981,-90.0059
Farmington,IL,41.9447,-88.3159
Fisher,IL,40.3148,-88.3500
Flanagan,IL,40.8781,-88.8612
Flora,IL,38.6689,-88.4856
Flossmoor,IL,41.5428,-87.6848
Ford Heights,IL,41.5064,-87.5917
Forest Lake,IL,42.2075,-88.0556
Forest Park,IL,41.8795,-87.8137
Forrest,IL,40.7520,-88.4112
Forreston,IL,42.1261,-89.5793
Forsyth,IL,39.9325,-88.9512
Fox Lake,IL,42.3967,-88.1837
Fox Lake Hills,IL,42.4081,-88.1317
Fox River Grove,IL,42.2009,-88.2145
Frankfort,IL,41.4959,-87.8487
Frankfort Square,IL,41.5189,-87.8031
Franklin Park,IL,41.9353,-87.8656
Freeburg,IL,38.4275,-89.9137
Freeport,IL,42.2967,-89.6212
Fulton,IL,41.8672,-90.1596
Gages Lake,IL,42.3517,-87.9826
Galena,IL,42.4167,-90.4290
Galesburg,IL,40.9478,-90.3712
Galva,IL,41.1675,-90.0426
Gardner,IL,41.1856,-88.3098
Geneseo,IL,41.4481,-90.1543
Geneva,IL,41.8875,-88.3054
Genoa,IL,42.0973,-88.6929
Georgetown,IL,39.9753,-87.6359
Georgetown,IL,42.1397,-89.8287
Germantown,IL,38.5537,-89.5384
Germantown Hills,IL,40.7664,-89.4679
Gibson City,IL,40.4584,-88.3846
Gifford,IL,40.3059,-88.0212
Gilberts,IL,42.1034,-88.3729
Gillespie,IL,39.1298,-89.8195
Gilman,IL,40.7667,-87.9923
Girard,IL,39.4464,-89.7809
Glasford,IL,40.5725,-89.8134
Glen Carbon,IL,38.7484,-89.9832
Glen Ellyn,IL,41.8775,-88.0670
Glencoe,IL,42.1350,-87.7581
Glendale Heights,IL,41.9146,-88.0649
Glenview,IL,42.0697,-87.7878
Glenwood,IL,41.5425,-87.6023
Godfrey,IL,38.9556,-90.1868
Golconda,IL,37.3673,-88.4864
Goodings Grove,IL,41.6292,-87.9309
Goreville,IL,37.5545,-88.9723
Grandview,IL,39.8164,-89.6187
Grandwood Park,IL,42.3931,-87.9867
Granite City,IL,38.7014,-90.1487
Grant Park,IL,41.2411,-87.6462
Granville,IL,41.2612,-89.2276
Grayslake,IL,42.3445,-88.0417
Grayville,IL,38.2576,-87.9936
Green Oaks,IL,42.2900,-87.9034
Green Rock,IL,41.4731,-90.3576
Greenfield,IL,39.3437,-90.2126
Greenup,IL,39.2478,-88.1634
Greenville,IL,38.8923,-89.4131
Gridley,IL,40.7434,-88.8815
Griggsville,IL,39.7089,-90.7246
Gurnee,IL,42.3703,-87.9020
Hainesville,IL,42.3450,-88.0679
Hamilton,IL,40.3964,-91.3390
Hampshire,IL,42.0978,-88.5304
Hampton,IL,41.5559,-90.4093
Hanna City,IL,40.6917,-89.7951
Hanover Park,IL,41.9995,-88.1451
Hardin,IL,39.1567,-90.6179
Harrisburg,IL,37.7384,-88.5406
Harristown,IL,39.8539,-89.0840
Hartford,IL,38.8334,-90.0959
Harvard,IL,42.4222,-88.6137
Harvey,IL,41.6100,-87.6467
Harwood Heights,IL,41.9672,-87.8076
Havana,IL,40.3000,-90.0610
Hawthorn Woods,IL,42.2170,-88.0495
Hazel Crest,IL,41.5717,-87.6945
Hebron,IL,42.4717,-88.4323
Hennepin,IL,41.2542,-89.3423
Henry,IL,41.1114,-89.3565
Heritage Lake,IL,40.5474,-89.3258
Herrin,IL,37.8031,-89.0276
Herscher,IL,41.0492,-88.0978
Heyworth,IL,40.3134,-88.9737
Hickory Hills,IL,41.7256,-87.8251
Highland,IL,38.7395,-89.6712
Highland Park,IL,42.1817,-87.8003
Highwood,IL,42.1998,-87.8092
Hillcrest,IL,41.9511,-89.0645
Hillsboro,IL,39.1613,-89.4954
Hillside,IL,41.8778,-87.9028
Hinckley,IL,41.7689,-88.6409
Hinsdale,IL,41.8009,-87.9370
Hodgkins,IL,41.7689,-87.8578
Hoffman Estates,IL,42.0428,-88.0798
Holiday Shores,IL,38.9220,-89.9407
Homer,IL,40.0348,-87.9581
Homer Glen,IL,41.6000,-87.9381
Hometown,IL,41.7345,-87.7314
Homewood,IL,41.5573,-87.6656
Hoopeston,IL,40.4673,-87.6684
Hudson,IL,40.6059,-88.9873
Huntley,IL,42.1681,-88.4281
Ina,IL,38.1512,-88.9040
Indian Head Park,IL,41.7703,-87.9023
Ingalls Park,IL,41.5225,-88.0428
Inverness,IL,42.1181,-88.0962
Island Lake,IL,42.2761,-88.1920
Itasca,IL,41.9750,-88.0073
Jacksonville,IL,39.7339,-90.2290
Jerome,IL,39.7675,-89.6807
Jerseyville,IL,39.1200,-90.3285
Johnsburg,IL,42.3800,-88.2420
Johnston City,IL,37.8206,-88.9276
Joliet,IL,41.5252,-88.0834
Jonesboro,IL,37.4517,-89.2681
Justice,IL,41.7445,-87.8378
Kankakee,IL,41.1200,-87.8611
Kenilworth,IL,42.0859,-87.7176
Kewanee,IL,41.2456,-89.9248
Kildeer,IL,42.1706,-88.0478
Kincaid,IL,39.5887,-89.4145
Kingston,IL,42.0998,-88.7590
Kirkland,IL,42.0925,-88.8512
Knollwood,IL,42.2861,-87.8856
Knoxville,IL,40.9084,-90.2849
La Grange,IL,41.8050,-87.8692
La Grange Park,IL,41.8347,-87.8617
La Harpe,IL,40.5834,-90.9693
La Salle,IL,41.3334,-89.0918
Lacon,IL,41.0248,-89.4112
Ladd,IL,41.3825,-89.2190
Lake Barrington,IL,42.2125,-88.1526
Lake Bluff,IL,42.2789,-87.8342
Lake Camelot,IL,40.6307,-89.7421
Lake Catherine,IL,42.4792,-88.1334
Lake Forest,IL,42.2586,-87.8406
Lake Holiday,IL,41.6129,-88.6721
Lake Summerset,IL,42.4545,-89.3896
Lake Villa,IL,42.4170,-88.0740
Lake Zurich,IL,42.1970,-88.0934
Lake in the Hills,IL,42.1817,-88.3304
Lake of the Woods,IL,40.2064,-88.3687
Lakemoor,IL,42.3286,-88.1990
Lakewood,IL,42.2292,-88.3551
Lakewood Shores,IL,41.2817,-88.1448
Lanark,IL,42.1022,-89.8334
Lansing,IL,41.5648,-87.5389
Lawrenceville,IL,38.7292,-87.6817
Le Roy,IL,40.3520,-88.7642
Lebanon,IL,38.6039,-89.8073
Leland Grove,IL,39.7770,-89.6793
Lemont,IL,41.6736,-88.0017
Lena,IL,42.3795,-89.8223
Lewistown,IL,40.3931,-90.1548
Lexington,IL,40.6414,-88.7834
Libertyville,IL,42.2831,-87.9531
Lily Lake,IL,41.9489,-88.4779
Limestone,IL,41.1324,-87.9684
Lincoln,IL,40.1484,-89.3648
Lincolnshire,IL,42.1900,-87.9084
Lincolnwood,IL,42.0045,-87.7301
Lindenhurst,IL,42.4106,-88.0262
Lisle,IL,41.8011,-88.0748
Litchfield,IL,39.1753,-89.6543
Lockport,IL,41.5895,-88.0578
Lombard,IL,41.8800,-88.0078
Long Creek,IL,39.8120,-88.8476
Long Grove,IL,42.1784,-87.9978
Long Lake,IL,42.3708,-88.1276
Louisville,IL,38.7723,-88.5025
Loves Park,IL,42.3200,-89.0582
Lovington,IL,39.7156,-88.6326
Lynwood,IL,41.5264,-87.5387
Lynwood,IL,41.6836,-88.3937
Lyons,IL,41.8134,-87.8181
Machesney Park,IL,42.3472,-89.0390
Mackinaw,IL,40.5370,-89.3576
Macomb,IL,40.4592,-90.6718
Macon,IL,39.7128,-88.9970
Madison,IL,38.6825,-90.1570
Mahomet,IL,40.1953,-88.4042
Malta,IL,41.9297,-88.8609
Manhattan,IL,41.4225,-87.9859
Manito,IL,40.4259,-89.7793
Manteno,IL,41.2506,-87.8314
Maple Park,IL,41.9075,-88.5992
Marengo,IL,42.2486,-88.6084
Marion,IL,37.7306,-88.9331
Marissa,IL,38.2501,-89.7501
Markham,IL,41.5936,-87.6948
Maroa,IL,40.0364,-88.9570
Marquette Heights,IL,40.6175,-89.6004
Marseilles,IL,41.3309,-88.7081
Marshall,IL,39.3914,-87.6936
Martinsville,IL,39.3356,-87.8820
Maryville,IL,38.7237,-89.9559
Mascoutah,IL,38.4903,-89.7931
Mason City,IL,40.2023,-89.6982
Matteson,IL,41.5039,-87.7131
Mattoon,IL,39.4831,-88.3728
Maywood,IL,41.8792,-87.8431
McCullom Lake,IL,42.3683,-88.2926
McHenry,IL,42.3334,-88.2668
McLeansboro,IL,38.0934,-88.5356
Medinah,IL,41.9814,-88.0512
Melrose Park,IL,41.9006,-87.8567
Mendota,IL,41.5472,-89.1176
Meredosia,IL,39.8312,-90.5596
Merrionette Park,IL,41.6842,-87.7003
Metamora,IL,40.7906,-89.3606
Metropolis,IL,37.1512,-88.7320
Midlothian,IL,41.6253,-87.7176
Milan,IL,41.4531,-90.5721
Milford,IL,40.6284,-87.6961
Millstadt,IL,38.4614,-90.0918
Minier,IL,40.4337,-89.3131
Minonk,IL,40.9045,-89.0345
Minooka,IL,41.4553,-88.2617
Mitchell,IL,38.7620,-90.0854
Mokena,IL,41.5261,-87.8892
Moline,IL,41.5067,-90.5151
Momence,IL,41.1667,-87.6628
Monee,IL,41.4200,-87.7417
Monmouth,IL,40.9114,-90.6474
Montgomery,IL,41.7306,-88.3459
Monticello,IL,40.0278,-88.5734
Morris,IL,41.3573,-88.4212
Morrison,IL,41.8098,-89.9651
Morrisonville,IL,39.4201,-89.4557
Morton,IL,40.6128,-89.4593
Morton Grove,IL,42.0406,-87.7826
Mound City,IL,37.0853,-89.1626
Mount Carmel,IL,38.4109,-87.7614
Mount Carroll,IL,42.0950,-89.9782
Mount Morris,IL,42.0503,-89.4312
Mount Olive,IL,39.0723,-89.7273
Mount Prospect,IL,42.0664,-87.9373
Mount Pulaski,IL,40.0109,-89.2823
Mount Sterling,IL,39.9873,-90.7635
Mount Vernon,IL,38.3173,-88.9031
Mount Zion,IL,39.7714,-88.8742
Moweaqua,IL,39.6248,-89.0190
Mundelein,IL,42.2631,-88.0040
Murphysboro,IL,37.7645,-89.3351
Naperville,IL,41.7859,-88.1473
Nashville,IL,38.3437,-89.3806
Nauvoo,IL,40.5500,-91.3849
Neoga,IL,39.3195,-88.4528
New Athens,IL,38.3264,-89.8770
New Baden,IL,38.5350,-89.7006
New Berlin,IL,39.7253,-89.9107
New Lenox,IL,41.5120,-87.9656
Newark,IL,41.5370,-88.5834
Newton,IL,38.9909,-88.1625
Niles,IL,42.0189,-87.8028
Nokomis,IL,39.3012,-89.2851
Normal,IL,40.5142,-88.9906
Norridge,IL,41.9634,-87.8273
Norris City,IL,37.9812,-88.3292
North Aurora,IL,41.8061,-88.3273
North Barrington,IL,42.2078,-88.1406
North Chicago,IL,42.3256,-87.8412
North Pekin,IL,40.6150,-89.6223
North Peoria,IL,40.7175,-89.5843
North Riverside,IL,41.8428,-87.8231
Northbrook,IL,42.1275,-87.8290
Northfield,IL,42.0998,-87.7809
Northlake,IL,41.9173,-87.8956
O'Fallon,IL,38.5923,-89.9112
Oak Brook,IL,41.8328,-87.9290
Oak Forest,IL,41.6028,-87.7439
Oak Lawn,IL,41.7109,-87.7581
Oak Park,IL,41.8850,-87.7845
Oakbrook Terrace,IL,41.8500,-87.9645
Oakwood,IL,40.1161,-87.7784
Oakwood Hills,IL,42.2464,-88.2429
Oblong,IL,39.0020,-87.9089
Odin,IL,38.6173,-89.0523
Oglesby,IL,41.2953,-89.0595
Okawville,IL,38.4342,-89.5504
Olney,IL,38.7309,-88.0853
Olympia Fields,IL,41.5134,-87.6742
Onarga,IL,40.7150,-88.0062
Oquawka,IL,40.9320,-90.9471
Oregon,IL,42.0147,-89.3323
Orion,IL,41.3548,-90.3815
Orland Hills,IL,41.5853,-87.8431
Orland Park,IL,41.6303,-87.8539
Oswego,IL,41.6828,-88.3515
Ottawa,IL,41.3456,-88.8426
Palatine,IL,42.1103,-88.0342
Palestine,IL,39.0037,-87.6128
Palos Heights,IL,41.6681,-87.7964
Palos Hills,IL,41.6967,-87.8170
Palos Park,IL,41.6673,-87.8303
Pana,IL,39.3889,-89.0801
Paris,IL,39.6112,-87.6961
Park City,IL,42.3484,-87.8842
Park Forest,IL,41.4914,-87.6745
Park Ridge,IL,42.0111,-87.8406
Pawnee,IL,39.5917,-89.5804
Paxton,IL,40.4603,-88.0953
Payson,IL,39.8170,-91.2424
Pecatonica,IL,42.3139,-89.3593
Pekin,IL,40.5675,-89.6407
Peoria,IL,40.6936,-89.5890
Peoria Heights,IL,40.7473,-89.5740
Peotone,IL,41.3323,-87.7853
Peru,IL,41.3275,-89.1290
Petersburg,IL,40.0117,-89.8482
Philo,IL,40.0070,-88.1581
Phoenix,IL,41.6112,-87.6348
Pinckneyville,IL,38.0803,-89.3820
Pingree Grove,IL,42.0686,-88.4134
Pistakee Highlands,IL,42.4086,-88.2065
Pittsfield,IL,39.6078,-90.8051
Plainfield,IL,41.6270,-88.2040
Plano,IL,41.6628,-88.5370
Polo,IL,41.9861,-89.5793
Pontiac,IL,40.8809,-88.6298
Pontoon Beach,IL,38.7317,-90.0804
Poplar Grove,IL,42.3683,-88.8221
Port Barrington,IL,42.2425,-88.2020
Port Byron,IL,41.6064,-90.3354
Posen,IL,41.6317,-87.6814
Prairie Grove,IL,42.2786,-88.2609
Prestbury,IL,41.7833,-88.4176
Preston Heights,IL,41.4917,-88.0817
Princeton,IL,41.3681,-89.4648
Princeville,IL,40.9298,-89.7576
Prophetstown,IL,41.6714,-89.9362
Prospect Heights,IL,42.0953,-87.9376
Quincy,IL,39.9356,-91.4099
Ramsey,IL,39.1445,-89.1087
Rantoul,IL,40.3084,-88.1559
Red Bud,IL,38.2117,-89.9943
Richmond,IL,42.4759,-88.3059
Richmond,IL,40.3609,-89.3690
Richton Park,IL,41.4845,-87.7034
River Forest,IL,41.8978,-87.8140
River Grove,IL,41.9259,-87.8359
Riverdale,IL,41.6334,-87.6331
Riverside,IL,41.8350,-87.8228
Riverton,IL,39.8442,-89.5395
Riverwoods,IL,42.1675,-87.8970
Roanoke,IL,40.7961,-89.1973
Robbins,IL,41.6439,-87.7037
Robinson,IL,39.0053,-87.7392
Rochelle,IL,41.9239,-89.0687
Rochester,IL,39.7495,-89.5318
Rock Falls,IL,41.7797,-89.6890
Rock Island,IL,41.5095,-90.5787
Rockdale,IL,41.5061,-88.1145
Rockford,IL,42.2711,-89.0940
Rockton,IL,42.4525,-89.0723
Rolling Meadows,IL,42.0842,-88.0131
Rome,IL,40.8831,-89.5026
Romeoville,IL,41.6475,-88.0895
Roodhouse,IL,39.4839,-90.3715
Roscoe,IL,42.4134,-89.0093
Roselle,IL,41.9847,-88.0798
Rosemont,IL,41.9953,-87.8845
Rosewood Heights,IL,38.8878,-90.0848
Rosiclare,IL,37.4237,-88.3461
Rossville,IL,40.3792,-87.6686
Round Lake,IL,42.3534,-88.0934
Round Lake Beach,IL,42.3717,-88.0901
Round Lake Heights,IL,42.3800,-88.1042
Round Lake Park,IL,42.3570,-88.0768
Roxana,IL,38.8484,-90.0762
Royalton,IL,37.8770,-89.1145
Rushville,IL,40.1212,-90.5632
Saint Anne,IL,41.0250,-87.7139
Saint Elmo,IL,39.0273,-88.8481
Saint Jacob,IL,38.7139,-89.7682
Saint Joseph,IL,40.1117,-88.0417
Salem,IL,38.6270,-88.9456
Sandoval,IL,38.6156,-89.1142
Sandwich,IL,41.6459,-88.6217
Sauk Village,IL,41.4884,-87.5675
Savanna,IL,42.0945,-90.1568
Savoy,IL,40.0547,-88.2517
Schaumburg,IL,42.0334,-88.0834
Schiller Park,IL,41.9559,-87.8709
Scott Air Force Base,IL,38.5427,-89.8504
Seneca,IL,41.3111,-88.6098
Sesser,IL,38.0917,-89.0503
Shawneetown,IL,37.7131,-88.1867
Shelbyville,IL,39.4064,-88.7901
Sheldon,IL,40.7692,-87.5639
Sheridan,IL,41.5300,-88.6798
Sherman,IL,39.8937,-89.6048
Shiloh,IL,38.5614,-89.8973
Shorewood,IL,41.5200,-88.2017
Sidney,IL,40.0250,-88.0734
Silvis,IL,41.5123,-90.4151
Skokie,IL,42.0334,-87.7334
Sleepy Hollow,IL,42.0942,-88.3026
Smithton,IL,38.4087,-89.9921
Somonauk,IL,41.6336,-88.6812
South Barrington,IL,42.0914,-88.1217
South Beloit,IL,42.4931,-89.0368
South Chicago Heights,IL,41.4809,-87.6378
South Elgin,IL,41.9942,-88.2923
South Holland,IL,41.6009,-87.6070
South Jacksonville,IL,39.7087,-90.2282
South Pekin,IL,40.4945,-89.6518
South Roxana,IL,38.8295,-90.0629
Southern View,IL,39.7573,-89.6537
Sparta,IL,38.1231,-89.7018
Spring Grove,IL,42.4436,-88.2365
Spring Valley,IL,41.3275,-89.1998
Springfield,IL,39.8017,-89.6437
St. Charles,IL,41.9142,-88.3087
Staunton,IL,39.0123,-89.7912
Steeleville,IL,38.0073,-89.6584
Steger,IL,41.4700,-87.6364
Sterling,IL,41.7886,-89.6962
Stickney,IL,41.8214,-87.7828
Stillman Valley,IL,42.1073,-89.1793
Stockton,IL,42.3497,-90.0068
Stone Park,IL,41.9056,-87.8837
Streamwood,IL,42.0256,-88.1784
Streator,IL,41.1209,-88.8354
Sugar Grove,IL,41.7614,-88.4437
Sullivan,IL,39.5995,-88.6078
Summit,IL,41.7881,-87.8103
Sumner,IL,38.7170,-87.8614
Swansea,IL,38.5339,-89.9890
Sycamore,IL,41.9889,-88.6868
Taylorville,IL,39.5489,-89.2945
Teutopolis,IL,39.1331,-88.4720
The Galena Territory,IL,42.3934,-90.3258
Third Lake,IL,42.3739,-88.0109
Thomasboro,IL,40.2417,-88.1842
Thornton,IL,41.5681,-87.6081
Tilton,IL,40.0953,-87.6475
Tinley Park,IL,41.5734,-87.7845
Toledo,IL,39.2737,-88.2437
Tolono,IL,39.9861,-88.2589
Toluca,IL,41.0023,-89.1334
Toulon,IL,41.0936,-89.8648
Tower Lake,IL,42.2320,-88.1520
Tremont,IL,40.5275,-89.4926
Trenton,IL,38.6056,-89.6820
Troy,IL,38.7292,-89.8832
Tuscola,IL,39.7992,-88.2831
Twin Grove,IL,40.4934,-89.0798
Upper Alton,IL,38.9114,-90.1507
Urbana,IL,40.1106,-88.2073
Valmeyer,IL,38.3056,-90.2765
Vandalia,IL,38.9606,-89.0937
Venetian Village,IL,42.3986,-88.0526
Venice,IL,38.6723,-90.1698
Vernon Hills,IL,42.2195,-87.9795
Vienna,IL,37.4153,-88.8978
Villa Grove,IL,39.8628,-88.1623
Villa Park,IL,41.8897,-87.9890
Village of Campton Hills,IL,41.9366,-88.3975
Virden,IL,39.5009,-89.7679
Virginia,IL,39.9512,-90.2123
Volo,IL,42.3261,-88.1679
Wadsworth,IL,42.4286,-87.9240
Walnut,IL,41.5567,-89.5934
Wamac,IL,38.5089,-89.1406
Warren,IL,42.4964,-89.9896
Warrensburg,IL,39.9328,-89.0620
Warrenville,IL,41.8178,-88.1734
Warsaw,IL,40.3592,-91.4346
Wasco,IL,41.9381,-88.4045
Washburn,IL,40.9192,-89.2912
Washington,IL,40.7037,-89.4073
Washington Park,IL,38.6350,-90.0929
Waterloo,IL,38.3359,-90.1498
Waterman,IL,41.7717,-88.7737
Watseka,IL,40.7762,-87.7364
Wauconda,IL,42.2589,-88.1393
Waukegan,IL,42.3636,-87.8448
Waverly,IL,39.5917,-89.9529
Wayne,IL,41.9509,-88.2423
Wayne City,IL,38.3453,-88.5878
West Chicago,IL,41.8847,-88.2040
West Dundee,IL,42.0981,-88.2829
West Frankfort,IL,37.8978,-88.9315
West Peoria,IL,40.6925,-89.6279
Westchester,IL,41.8506,-87.8820
Western Springs,IL,41.8098,-87.9006
Westmont,IL,41.7959,-87.9756
Westville,IL,40.0423,-87.6386
Wheaton,IL,41.8661,-88.1070
Wheeling,IL,42.1392,-87.9290
White Hall,IL,39.4370,-90.4032
Williamsville,IL,39.9542,-89.5487
Willow Springs,IL,41.7409,-87.8603
Willowbrook,IL,41.7698,-87.9359
Willowbrook,IL,41.4578,-87.5364
Wilmette,IL,42.0722,-87.7228
Wilmington,IL,41.3078,-88.1467
Winchester,IL,39.6298,-90.4562
Windsor,IL,39.4409,-88.5948
Winfield,IL,41.8617,-88.1609
Winnebago,IL,42.2661,-89.2412
Winnetka,IL,42.1081,-87.7359
Winthrop Harbor,IL,42.4789,-87.8237
Wonder Lake,IL,42.3853,-88.3473
Wood Dale,IL,41.9634,-87.9790
Wood River,IL,38.8612,-90.0976
Woodridge,IL,41.7470,-88.0503
Woodstock,IL,42.3147,-88.4487
Worden,IL,38.9314,-89.8390
Worth,IL,41.6897,-87.7973
Wyoming,IL,41.0617,-89.7732
Yorkville,IL,41.6411,-88.4473
Zeigler,IL,37.8995,-89.0520
Zion,IL,42.4461,-87.8328
Aberdeen,IN,41.4389,-87.1114
Akron,IN,41.0384,-86.0280
Albany,IN,40.3009,-85.2419
Albion,IN,41.3956,-85.4244
Alexandria,IN,40.2628,-85.6758
Anderson,IN,40.1053,-85.6803
Andrews,IN,40.8625,-85.6017
Angola,IN,41.6348,-84.9994
Arcadia,IN,40.1759,-86.0216
Argos,IN,41.2378,-86.2147
Attica,IN,40.2942,-87.2489
Auburn,IN,41.3670,-85.0589
Aurora,IN,39.0570,-84.9013
Austin,IN,38.7584,-85.8080
Avilla,IN,41.3659,-85.2389
Avon,IN,39.7628,-86.3997
Bargersville,IN,39.5209,-86.1678
Bass Lake,IN,41.2073,-86.6020
Batesville,IN,39.3000,-85.2222
Battle Ground,IN,40.5084,-86.8417
Bedford,IN,38.8612,-86.4872
Beech Grove,IN,39.7220,-86.0900
Berne,IN,40.6578,-84.9519
Bicknell,IN,38.7742,-87.3078
Bloomfield,IN,39.0270,-86.9375
Bloomington,IN,39.1653,-86.5264
Bluffton,IN,40.7387,-85.1716
Boonville,IN,38.0492,-87.2742
Bourbon,IN,41.2956,-86.1164
Brazil,IN,39.5237,-87.1250
Bremen,IN,41.4464,-86.1481
Bright,IN,39.2184,-84.8561
Bristol,IN,41.7214,-85.8175
Broad Ripple,IN,39.8667,-86.1416
Brooklyn,IN,39.5392,-86.3692
Brookston,IN,40.6028,-86.8672
Brookville,IN,39.4231,-85.0127
Brownsburg,IN,39.8434,-86.3978
Brownstown,IN,38.8789,-86.0419
Burns Harbor,IN,41.6259,-87.1334
Butler,IN,41.4298,-84.8714
Cambridge City,IN,39.8126,-85.1716
Cannelton,IN,37.9114,-86.7444
Carmel,IN,39.9784,-86.1180
Cayuga,IN,39.9487,-87.4597
Cedar Lake,IN,41.3648,-87.4411
Centerville,IN,39.8178,-84.9964
Chandler,IN,38.0417,-87.3681
Charlestown,IN,38.4531,-85.6702
Chesterfield,IN,40.1125,-85.5969
Chesterton,IN,41.6106,-87.0642
Churubusco,IN,41.2306,-85.3194
Cicero,IN,40.1239,-86.0133
Clarksville,IN,38.2967,-85.7600
Clermont,IN,39.8098,-86.3225
Clinton,IN,39.6570,-87.3981
Cloverdale,IN,39.5148,-86.7939
Columbia City,IN,41.1573,-85.4883
Columbus,IN,39.2014,-85.9214
Connersville,IN,39.6412,-85.1411
Converse,IN,40.5775,-85.8733
Cordry Sweetwater Lakes,IN,39.3046,-86.1184
Corydon,IN,38.2120,-86.1219
Country Squire Lakes,IN,39.0348,-85.6986
Covington,IN,40.1417,-87.3947
Crawfordsville,IN,40.0412,-86.8744
Crothersville,IN,38.8006,-85.8416
Crown Point,IN,41.4170,-87.3653
Culver,IN,41.2189,-86.4231
Cumberland,IN,39.7762,-85.9572
Dale,IN,38.1689,-86.9900
Dale,IN,40.0167,-86.4000
Daleville,IN,40.1212,-85.5580
Danville,IN,39.7606,-86.5264
Darmstadt,IN,38.0992,-87.5789
Dayton,IN,40.3742,-86.7689
DeMotte,IN,41.1950,-87.1986
Decatur,IN,40.8306,-84.9291
Delphi,IN,40.5875,-86.6750
Dillsboro,IN,39.0178,-85.0588
Dunkirk,IN,40.7564,-86.3936
Dunkirk,IN,40.3753,-85.2094
Dunlap,IN,41.6378,-85.9217
Dyer,IN,41.4942,-87.5217
East Chicago,IN,41.6392,-87.4548
Eaton,IN,40.3403,-85.3508
Edgewood,IN,40.1034,-85.7341
Edinburgh,IN,39.3542,-85.9667
Elkhart,IN,41.6820,-85.9767
Ellettsville,IN,39.2339,-86.6250
Elwood,IN,40.2770,-85.8419
English,IN,38.3345,-86.4642
Evansville,IN,37.9748,-87.5559
Fairfield Heights,IN,39.8286,-86.3822
Fairmount,IN,40.4153,-85.6505
Fairview Park,IN,39.6803,-87.4175
Farmersburg,IN,39.2486,-87.3820
Farmland,IN,40.1878,-85.1275
Ferdinand,IN,38.2239,-86.8622
Fish Lake,IN,41.5667,-86.5520
Fishers,IN,39.9556,-86.0139
Flora,IN,40.5473,-86.5244
Fort Branch,IN,38.2512,-87.5811
Fort Wayne,IN,41.1306,-85.1289
Fortville,IN,39.9323,-85.8480
Fowler,IN,40.6167,-87.3208
Frankfort,IN,40.2795,-86.5108
Franklin,IN,39.4806,-86.0550
Frankton,IN,40.2228,-85.7789
Fremont,IN,41.7309,-84.9327
French Lick,IN,38.5489,-86.6200
Galena,IN,38.3517,-85.9416
Galveston,IN,40.5789,-86.1903
Garrett,IN,41.3495,-85.1355
Gary,IN,41.5934,-87.3464
Gas City,IN,40.4873,-85.6130
Geneva,IN,39.3917,-85.7200
Geneva,IN,40.5920,-84.9572
Georgetown,IN,38.2945,-85.9755
Georgetown,IN,40.7406,-86.5047
Georgetown,IN,41.7295,-86.2283
Goodland,IN,40.7634,-87.2936
Goshen,IN,41.5823,-85.8344
Grabill,IN,41.2109,-84.9669
Granger,IN,41.7534,-86.1108
Greencastle,IN,39.6445,-86.8647
Greendale,IN,39.1126,-84.8641
Greenfield,IN,39.7850,-85.7694
Greensburg,IN,39.3373,-85.4836
Greentown,IN,40.4781,-85.9667
Greenwood,IN,39.6137,-86.1067
Griffith,IN,41.5284,-87.4236
Grissom Air Force Base,IN,40.6575,-86.1475
Gulivoire Park,IN,41.6134,-86.2453
Hagerstown,IN,39.9112,-85.1616
Hamilton,IN,41.5337,-84.9127
Hammond,IN,41.5834,-87.5000
Hanover,IN,38.7142,-85.4736
Harlan,IN,41.1962,-84.9197
Hartford City,IN,40.4511,-85.3700
Haubstadt,IN,38.2050,-87.5742
Hebron,IN,41.3186,-87.2003
Henryville,IN,38.5417,-85.7677
Heritage Lake,IN,39.7278,-86.7102
Hidden Valley,IN,39.1623,-84.8430
Highland,IN,38.0398,-87.5731
Highland,IN,41.5536,-87.4520
Hobart,IN,41.5323,-87.2550
Hope,IN,39.3039,-85.7714
Hudson Lake,IN,41.7103,-86.5342
Huntertown,IN,41.2284,-85.1725
Huntingburg,IN,38.2989,-86.9550
Huntington,IN,40.8831,-85.4975
Indian Heights,IN,40.4273,-86.1256
Indianapolis,IN,39.7684,-86.1580
Ingalls,IN,39.9570,-85.8053
Jasonville,IN,39.1631,-87.1992
Jasper,IN,38.3914,-86.9311
Jeffersonville,IN,38.2776,-85.7372
Jonesboro,IN,40.4798,-85.6278
Kendallville,IN,41.4414,-85.2650
Kentland,IN,40.7703,-87.4453
Kingsford Heights,IN,41.4806,-86.6917
Knightstown,IN,39.7956,-85.5264
Knox,IN,41.2959,-86.6250
Kokomo,IN,40.4864,-86.1336
Koontz Lake,IN,41.4181,-86.4858
Kouts,IN,41.3167,-87.0259
La Porte,IN,41.6077,-86.7139
Lafayette,IN,40.4167,-86.8753
Lagrange,IN,41.6417,-85.4167
Lake Dalecarlia,IN,41.3309,-87.3948
Lake Station,IN,41.5750,-87.2389
Lakes of the Four Seasons,IN,41.4103,-87.2131
Lapel,IN,40.0684,-85.8483
Lawrence,IN,39.8387,-86.0253
Lawrenceburg,IN,39.0909,-84.8500
Lebanon,IN,40.0484,-86.4692
Leo-Cedarville,IN,41.2126,-85.0166
Liberty,IN,39.6356,-84.9311
Ligonier,IN,41.4659,-85.5875
Linton,IN,39.0348,-87.1659
Logansport,IN,40.7545,-86.3567
Long Beach,IN,41.7389,-86.8570
Loogootee,IN,38.6770,-86.9142
Lowell,IN,41.2914,-87.4206
Lynn,IN,40.0498,-84.9397
Madison,IN,38.7359,-85.3800
Marion,IN,40.5584,-85.6591
Markle,IN,40.8246,-85.3388
Martinsville,IN,39.4278,-86.4283
McCordsville,IN,39.9081,-85.9228
Melody Hill,IN,38.0262,-87.5159
Meridian Hills,IN,39.8900,-86.1572
Merrillville,IN,41.4828,-87.3328
Michigan City,IN,41.7075,-86.8950
Middlebury,IN,39.2642,-87.1189
Middlebury,IN,41.6753,-85.7061
Middletown,IN,40.0573,-85.5372
Milan,IN,39.1212,-85.1313
Milford,IN,41.4098,-85.8456
Mishawaka,IN,41.6620,-86.1586
Mitchell,IN,38.7328,-86.4736
Monon,IN,40.8678,-86.8789
Monroeville,IN,40.9748,-84.8683
Monrovia,IN,39.5789,-86.4822
Monticello,IN,40.7453,-86.7647
Montpelier,IN,40.5539,-85.2775
Mooresville,IN,39.6128,-86.3742
Morocco,IN,40.9462,-87.4534
Morristown,IN,39.6734,-85.6986
Mount Vernon,IN,37.9323,-87.8950
Mount Vernon,IN,40.6695,-85.8242
Mulberry,IN,40.3445,-86.6653
Muncie,IN,40.1934,-85.3864
Munster,IN,41.5645,-87.5125
Nappanee,IN,41.4428,-86.0014
Nashville,IN,39.2073,-86.2511
New Albany,IN,38.2856,-85.8241
New Carlisle,IN,41.7003,-86.5095
New Castle,IN,39.9289,-85.3702
New Chicago,IN,41.5584,-87.2745
New Haven,IN,41.0706,-85.0144
New Palestine,IN,39.7220,-85.8892
New Paris,IN,41.5003,-85.8281
New Pekin,IN,38.5051,-86.0169
New Whiteland,IN,39.5581,-86.0953
Newburgh,IN,37.9445,-87.4053
Newport,IN,39.8842,-87.4086
Noblesville,IN,40.0456,-86.0086
North Judson,IN,41.2150,-86.7759
North Liberty,IN,41.5342,-86.4272
North Madison,IN,38.7678,-85.3966
North Manchester,IN,41.0006,-85.7686
North Terre Haute,IN,39.5278,-87.3603
North Vernon,IN,39.0062,-85.6236
North Webster,IN,41.3256,-85.6978
Notre Dame,IN,41.7002,-86.2379
Oak Park,IN,38.3056,-85.6963
Oakland City,IN,38.3387,-87.3450
Odon,IN,38.8428,-86.9914
Ogden Dunes,IN,41.6228,-87.1917
Oolitic,IN,38.9009,-86.5253
Orleans,IN,38.6617,-86.4517
Osceola,IN,41.6651,-86.0758
Osgood,IN,39.1292,-85.2916
Ossian,IN,40.8806,-85.1664
Otis,IN,41.5992,-86.9059
Otterbein,IN,40.4906,-87.0964
Owensville,IN,38.2720,-87.6878
Oxford,IN,40.5198,-87.2478
Paoli,IN,38.5562,-86.4683
Parker City,IN,40.1889,-85.2041
Pendleton,IN,39.9975,-85.7466
Peru,IN,40.7537,-86.0689
Petersburg,IN,38.4920,-87.2786
Pierceton,IN,41.2003,-85.7055
Pittsboro,IN,39.8639,-86.4669
Plainfield,IN,39.7042,-86.3994
Plymouth,IN,41.3437,-86.3097
Portage,IN,41.5759,-87.1762
Porter,IN,41.6156,-87.0742
Portland,IN,40.4345,-84.9778
Poseyville,IN,38.1700,-87.7831
Princes Lakes,IN,39.3537,-86.0981
Princeton,IN,38.3553,-87.5675
Redkey,IN,40.3489,-85.1500
Remington,IN,40.7609,-87.1509
Rensselaer,IN,40.9367,-87.1509
Richmond,IN,39.8289,-84.8902
Rising Sun,IN,38.9495,-84.8538
Roanoke,IN,40.9626,-85.3733
Rochester,IN,41.0648,-86.2158
Rockport,IN,39.8809,-87.2789
Rockport,IN,37.8831,-87.0494
Rockville,IN,39.7625,-87.2292
Rome City,IN,41.4962,-85.3766
Roselawn,IN,41.1417,-87.3148
Rossville,IN,40.4170,-86.5947
Rushville,IN,39.6092,-85.4464
Russiaville,IN,40.4175,-86.2714
Saint John,IN,41.4500,-87.4700
Saint Paul,IN,39.4281,-85.6283
Salem,IN,38.6056,-86.1011
Santa Claus,IN,38.1200,-86.9142
Schererville,IN,41.4789,-87.4548
Scottsburg,IN,38.6856,-85.7703
Seelyville,IN,39.4920,-87.2672
Sellersburg,IN,38.3981,-85.7550
Seymour,IN,38.9592,-85.8902
Shadeland,IN,40.3736,-86.9489
Shelburn,IN,39.1784,-87.3936
Shelbyville,IN,39.5214,-85.7769
Sheridan,IN,40.1350,-86.2206
Shoals,IN,38.6664,-86.7911
Shorewood Forest,IN,41.4631,-87.1447
Simonton Lake,IN,41.7542,-85.9750
Smithville-Sanders,IN,39.0597,-86.5108
South Bend,IN,41.6834,-86.2500
South Haven,IN,41.5420,-87.1373
South Whitley,IN,41.0848,-85.6280
Southport,IN,39.6651,-86.1278
Speedway,IN,39.8023,-86.2672
Spencer,IN,39.2867,-86.7625
Sullivan,IN,39.0953,-87.4059
Sunman,IN,39.2370,-85.0947
Sweetser,IN,40.5720,-85.7691
Syracuse,IN,41.4278,-85.7525
Tell City,IN,37.9514,-86.7678
Terre Haute,IN,39.4667,-87.4139
Thorntown,IN,40.1295,-86.6067
Tipton,IN,40.2823,-86.0411
Topeka,IN,41.5392,-85.5397
Trafalgar,IN,39.4162,-86.1508
Trail Creek,IN,41.6984,-86.8592
Tri-Lakes,IN,41.2459,-85.4419
Union City,IN,40.2020,-84.8091
Upland,IN,40.4756,-85.4944
Valparaiso,IN,41.4731,-87.0611
Veedersburg,IN,40.1131,-87.2625
Versailles,IN,39.0720,-85.2519
Vevay,IN,38.7478,-85.0672
Vincennes,IN,38.6773,-87.5286
Wabash,IN,40.7978,-85.8205
Wakarusa,IN,41.5362,-86.0208
Walkerton,IN,41.4667,-86.4831
Walton,IN,40.6609,-86.2419
Wanatah,IN,41.4306,-86.8984
Warren,IN,40.6828,-85.4272
Warren Park,IN,39.7820,-86.0503
Warsaw,IN,41.2381,-85.8530
Washington,IN,38.6592,-87.1728
Waterloo,IN,39.5626,-86.1975
Waterloo,IN,41.4320,-85.0200
West Lafayette,IN,40.4259,-86.9081
West Terre Haute,IN,39.4650,-87.4500
Westfield,IN,40.0428,-86.1275
Westport,IN,39.1759,-85.5730
Westville,IN,41.5414,-86.9006
Whiteland,IN,39.5500,-86.0797
Whitestown,IN,39.9973,-86.3458
Whiting,IN,41.6798,-87.4945
Williamsport,IN,40.2884,-87.2939
Winamac,IN,41.0514,-86.6031
Winchester,IN,40.1720,-84.9814
Winfield,IN,41.4053,-87.2753
Winona Lake,IN,41.2273,-85.8219
Wolcottville,IN,41.5259,-85.3667
Woodburn,IN,41.1253,-84.8533
Worthington,IN,39.1250,-86.9794
Yorktown,IN,40.1737,-85.4941
Zionsville,IN,39.9509,-86.2619
Abilene,KS,38.9172,-97.2139
Alma,KS,39.0167,-96.2892
Altamont,KS,37.1903,-95.2972
Andover,KS,37.7139,-97.1364
Anthony,KS,37.1534,-98.0312
Arkansas City,KS,37.0620,-97.0384
Arma,KS,37.5439,-94.7002
Ashland,KS,37.1886,-99.7657
Atchison,KS,39.5630,-95.1216
Atwood,KS,39.8067,-101.0421
Auburn,KS,38.9061,-95.8161
Augusta,KS,37.6867,-96.9767
Baldwin City,KS,38.7750,-95.1864
Basehor,KS,39.1417,-94.9386
Baxter Springs,KS,37.0237,-94.7355
Bellaire,KS,37.7625,-97.2670
Belle Plaine,KS,37.3939,-97.2811
Belleville,KS,39.8244,-97.6325
Beloit,KS,39.4561,-98.1062
Bonner Springs,KS,39.0597,-94.8836
Buhler,KS,38.1345,-97.7700
Burlington,KS,38.1945,-95.7428
Caldwell,KS,37.0322,-97.6070
Caney,KS,37.0115,-95.9353
Carbondale,KS,38.8186,-95.6891
Chanute,KS,37.6792,-95.4572
Chapman,KS,38.9722,-97.0225
Cheney,KS,37.6300,-97.7826
Cherryvale,KS,37.2703,-95.5525
Chetopa,KS,37.0373,-95.0900
Cimarron,KS,37.8067,-100.3482
Clay Center,KS,37.5195,-96.7711
Clay Center,KS,39.3769,-97.1247
Clearwater,KS,37.5028,-97.5045
Coffeyville,KS,37.0373,-95.6164
Colby,KS,39.3958,-101.0524
Coldwater,KS,37.2689,-99.3268
Columbus,KS,37.1692,-94.8441
Colwich,KS,37.7792,-97.5364
Concordia,KS,39.5708,-97.6625
Conway Springs,KS,37.3903,-97.6423
Cottonwood Falls,KS,38.3722,-96.5428
Council Grove,KS,38.6611,-96.4920
De Soto,KS,38.9792,-94.9686
Derby,KS,37.5456,-97.2689
Dighton,KS,38.4820,-100.4671
Dodge City,KS,37.7528,-100.0171
Douglass,KS,37.5195,-97.0128
Edgerton,KS,38.7647,-95.0080
Edwardsville,KS,39.0611,-94.8197
El Dorado,KS,37.8172,-96.8623
Elkhart,KS,37.0081,-101.8902
Ellinwood,KS,38.3556,-98.5809
Ellis,KS,38.9381,-99.5607
Ellsworth,KS,38.7306,-98.2281
Elwood,KS,39.7555,-94.8725
Emporia,KS,38.4039,-96.1817
Erie,KS,37.5681,-95.2433
Eudora,KS,38.9433,-95.0986
Eureka,KS,37.8239,-96.2892
Fairway,KS,39.0222,-94.6319
Fort Riley North,KS,39.1108,-96.8139
Fort Scott,KS,37.8398,-94.7083
Fredonia,KS,37.5339,-95.8267
Frontenac,KS,37.4556,-94.6891
Galena,KS,37.0759,-94.6397
Garden City,KS,37.9717,-100.8727
Gardner,KS,38.8108,-94.9272
Garnett,KS,38.2806,-95.2419
Girard,KS,37.5112,-94.8380
Goddard,KS,37.6597,-97.5753
Goodland,KS,39.3508,-101.7102
Gove,KS,38.9578,-100.4887
Grandview Plaza,KS,39.0292,-96.7892
Great Bend,KS,38.3645,-98.7648
Greensburg,KS,37.6028,-99.2926
Halstead,KS,38.0014,-97.5087
Harper,KS,37.2867,-98.0259
Haven,KS,37.8989,-97.7828
Hays,KS,38.8792,-99.3268
Haysville,KS,37.5645,-97.3523
Herington,KS,38.6711,-96.9425
Hesston,KS,38.1383,-97.4314
Hiawatha,KS,39.8525,-95.5358
Highland,KS,39.8597,-95.2697
Hill City,KS,39.3647,-99.8421
Hillsboro,KS,38.3520,-97.2045
Hoisington,KS,38.5181,-98.7781
Holcomb,KS,37.9861,-100.9893
Holton,KS,39.4653,-95.7364
Horton,KS,39.6606,-95.5264
Howard,KS,37.4703,-96.2636
Hoxie,KS,39.3575,-100.4418
Hugoton,KS,37.1753,-101.3496
Humboldt,KS,37.8106,-95.4369
Hutchinson,KS,38.0608,-97.9298
Independence,KS,37.2242,-95.7083
Inman,KS,38.2319,-97.7734
Iola,KS,37.9245,-95.4000
Jetmore,KS,38.0845,-99.8935
Johnson,KS,37.5706,-101.7510
Junction City,KS,39.0286,-96.8314
Kansas City,KS,39.1142,-94.6275
Kechi,KS,37.7959,-97.2795
Kingman,KS,37.6459,-98.1137
Kinsley,KS,37.9231,-99.4098
Kiowa,KS,37.0172,-98.4853
La Crosse,KS,38.5314,-99.3087
La Cygne,KS,38.3500,-94.7613
Lakin,KS,37.9406,-101.2549
Lansing,KS,39.2486,-94.9002
Larned,KS,38.1806,-99.0987
Lawrence,KS,38.9717,-95.2352
Leavenworth,KS,39.3111,-94.9225
Leawood,KS,38.9667,-94.6169
Lenexa,KS,38.9536,-94.7336
Leoti,KS,38.4797,-101.3588
Liberal,KS,37.0431,-100.9210
Lincoln,KS,39.0408,-98.1448
Lindsborg,KS,38.5736,-97.6745
Louisburg,KS,38.6195,-94.6808
Lyndon,KS,38.6100,-95.6844
Lyons,KS,38.3450,-98.2017
Maize,KS,37.7792,-97.4673
Manhattan,KS,39.1836,-96.5717
Mankato,KS,39.7872,-98.2100
Marion,KS,38.3484,-97.0173
Marysville,KS,39.8411,-96.6472
McConnell AFB,KS,37.6301,-97.2587
McPherson,KS,38.3708,-97.6642
Meade,KS,37.2856,-100.3401
Medicine Lodge,KS,37.2811,-98.5804
Merriam,KS,39.0236,-94.6936
Minneapolis,KS,39.1219,-97.7067
Mission,KS,39.0278,-94.6558
Mission Hills,KS,39.0178,-94.6169
Mound City,KS,38.1428,-94.8136
Moundridge,KS,38.2031,-97.5192
Mulvane,KS,37.4745,-97.2439
Neodesha,KS,37.4184,-95.6803
Ness City,KS,38.4528,-99.9065
New Century,KS,38.8225,-94.8997
Newton,KS,38.0467,-97.3450
Nickerson,KS,38.1472,-98.0837
North Newton,KS,38.0722,-97.3456
Norton,KS,39.8339,-99.8915
Oakley,KS,39.1333,-100.8638
Oberlin,KS,39.8183,-100.5282
Ogden,KS,39.1111,-96.7061
Olathe,KS,38.8814,-94.8191
Osage City,KS,38.6339,-95.8258
Osawatomie,KS,38.4972,-94.9505
Osborne,KS,39.4391,-98.6962
Oskaloosa,KS,39.2153,-95.3127
Oswego,KS,37.1676,-95.1100
Ottawa,KS,38.6156,-95.2678
Overbrook,KS,38.7806,-95.5572
Overland Park,KS,38.9822,-94.6708
Oxford,KS,37.2742,-97.1689
Paola,KS,38.5722,-94.8791
Park City,KS,37.8000,-97.3184
Parsons,KS,37.3403,-95.2611
Peabody,KS,38.1695,-97.1067
Phillipsburg,KS,39.7561,-99.3240
Pittsburg,KS,37.4109,-94.7050
Plains,KS,37.2603,-100.5927
Plainville,KS,39.2347,-99.2982
Pleasanton,KS,38.1778,-94.7113
Prairie Village,KS,38.9917,-94.6336
Pratt,KS,37.6439,-98.7376
Roeland Park,KS,39.0375,-94.6322
Rose Hill,KS,37.5583,-97.1350
Rossville,KS,39.1361,-95.9517
Russell,KS,38.8953,-98.8610
Sabetha,KS,39.9022,-95.8008
Saint Francis,KS,39.7722,-101.7999
Saint John,KS,38.0022,-98.7601
Saint Marys,KS,39.1942,-96.0711
Saint Marys,KS,37.7067,-97.6401
Salina,KS,38.8403,-97.6114
Satanta,KS,37.4372,-100.9721
Scott City,KS,38.4825,-100.9071
Sedan,KS,37.1267,-96.1869
Sedgwick,KS,37.9167,-97.4225
Seneca,KS,39.8342,-96.0642
Sharon Springs,KS,38.8978,-101.7521
Shawnee,KS,39.0417,-94.7202
Silver Lake,KS,39.1042,-95.8586
Smith Center,KS,39.7792,-98.7851
Solomon,KS,38.9194,-97.3711
South Hutchinson,KS,38.0281,-97.9403
Spring Hill,KS,38.7431,-94.8255
Sterling,KS,38.2100,-98.2070
Stockton,KS,39.4381,-99.2651
Sublette,KS,37.4817,-100.8438
Syracuse,KS,37.9807,-101.7543
Tonganoxie,KS,39.1097,-95.0877
Topeka,KS,39.0483,-95.6780
Towanda,KS,37.7975,-96.9998
Tribune,KS,38.4697,-101.7527
Troy,KS,39.7831,-95.0900
Ulysses,KS,37.5814,-101.3552
Valley Center,KS,37.8347,-97.3734
Valley Falls,KS,39.3433,-95.4603
Victoria,KS,38.8528,-99.1476
WaKeeney,KS,39.0250,-99.8796
Wamego,KS,39.2019,-96.3050
Washington,KS,39.8181,-97.0509
Wathena,KS,39.7592,-94.9497
Wellington,KS,37.2653,-97.3717
Wellsville,KS,38.7183,-95.0816
Westmoreland,KS,39.3939,-96.4136
Westwood,KS,39.0406,-94.6169
Wichita,KS,37.6922,-97.3375
Winfield,KS,37.2398,-96.9956
Yates Center,KS,37.8811,-95.7333
Albany,KY,36.6909,-85.1347
Alexandria,KY,38.9595,-84.3880
Anchorage,KY,38.2667,-85.5330
Annville,KY,37.3192,-83.9705
Ashland,KY,38.4784,-82.6379
Auburn,KY,36.8642,-86.7103
Audubon Park,KY,38.2040,-85.7252
Augusta,KY,38.7717,-84.0058
Barbourmeade,KY,38.2973,-85.6033
Barbourville,KY,36.8665,-83.8888
Bardstown,KY,37.8092,-85.4669
Bardwell,KY,36.8706,-89.0098
Beattyville,KY,37.5718,-83.7069
Beaver Dam,KY,37.4020,-86.8758
Bedford,KY,38.5926,-85.3177
Beechwood Village,KY,38.2548,-85.6313
Bellevue,KY,39.1065,-84.4788
Benton,KY,36.8573,-88.3503
Berea,KY,37.5687,-84.2963
Bloomfield,KY,37.9103,-85.3166
Booneville,KY,37.4762,-83.6749
Bowling Green,KY,36.9903,-86.4436
Brandenburg,KY,37.9990,-86.1694
Breckinridge Center,KY,37.6828,-87.8631
Brodhead,KY,37.4042,-84.4138
Brooks,KY,38.0612,-85.7097
Brooksville,KY,38.6826,-84.0658
Brownsville,KY,37.1925,-86.2678
Buckner,KY,38.3837,-85.4400
Buechel,KY,38.1951,-85.6519
Burkesville,KY,36.7903,-85.3705
Burlington,KY,39.0276,-84.7241
Cadiz,KY,36.8650,-87.8353
Calhoun,KY,37.5389,-87.2583
Calvert City,KY,37.0334,-88.3500
Camargo,KY,37.9943,-83.8877
Campbellsville,KY,37.3434,-85.3419
Campton,KY,37.7343,-83.5474
Carlisle,KY,38.3120,-84.0274
Carrollton,KY,38.6809,-85.1794
Catlettsburg,KY,38.4048,-82.6004
Cave City,KY,37.1367,-85.9569
Central City,KY,37.2939,-87.1233
Claryville,KY,38.9192,-84.3955
Clay,KY,37.4767,-87.8200
Clay City,KY,37.8593,-83.9185
Clinton,KY,36.6673,-88.9934
Cloverport,KY,37.8334,-86.6328
Coal Run Village,KY,37.5132,-82.5585
Cold Spring,KY,39.0217,-84.4399
Coldstream,KY,38.3148,-85.5238
Columbia,KY,37.1028,-85.3063
Corbin,KY,36.9487,-84.0969
Covington,KY,39.0837,-84.5085
Crescent Springs,KY,39.0515,-84.5816
Crestview Hills,KY,39.0273,-84.5849
Crestwood,KY,38.3242,-85.4725
Crittenden,KY,38.7828,-84.6052
Cumberland,KY,36.9781,-82.9885
Cynthiana,KY,38.3903,-84.2941
Danville,KY,37.6456,-84.7722
Dawson Springs,KY,37.1673,-87.6925
Dayton,KY,39.1128,-84.4727
Dixon,KY,37.5178,-87.6903
Doe Valley,KY,37.9567,-86.1165
Douglass Hills,KY,38.2379,-85.5527
Dry Ridge,KY,38.6820,-84.5899
Earlington,KY,37.2742,-87.5119
Eddyville,KY,37.0945,-88.0803
Edgewood,KY,39.0187,-84.5819
Edmonton,KY,36.9801,-85.6122
Elizabethtown,KY,37.6940,-85.8591
Elk Creek,KY,38.1003,-85.3711
Elkfork,KY,37.9648,-83.1329
Elkton,KY,36.8100,-87.1542
Elsmere,KY,39.0126,-84.6047
Eminence,KY,38.3701,-85.1805
Erlanger,KY,39.0167,-84.6008
Fairdale,KY,38.1051,-85.7588
Falmouth,KY,38.6767,-84.3302
Farley,KY,37.0463,-88.5686
Fern Creek,KY,38.1598,-85.5877
Flatwoods,KY,38.5226,-82.7171
Flemingsburg,KY,38.4223,-83.7338
Florence,KY,38.9990,-84.6266
Fort Campbell North,KY,36.6543,-87.4606
Fort Knox,KY,37.8911,-85.9636
Fort Mitchell,KY,39.0595,-84.5474
Fort Thomas,KY,39.0751,-84.4472
Fort Wright,KY,39.0517,-84.5341
Francisville,KY,39.1051,-84.7244
Frankfort,KY,38.2009,-84.8733
Franklin,KY,36.7223,-86.5772
Frenchburg,KY,37.9509,-83.6257
Fulton,KY,36.5042,-88.8742
Georgetown,KY,38.2098,-84.5588
Glasgow,KY,36.9959,-85.9119
Graymoor-Devondale,KY,38.2731,-85.6230
Grayson,KY,38.3326,-82.9485
Greensburg,KY,37.2609,-85.4989
Greenup,KY,38.5731,-82.8302
Greenville,KY,37.2011,-87.1789
Guthrie,KY,36.6484,-87.1664
Hardinsburg,KY,37.7801,-86.4605
Harlan,KY,36.8431,-83.3218
Harrodsburg,KY,37.7623,-84.8433
Hartford,KY,37.4512,-86.9092
Hawesville,KY,37.9001,-86.7550
Hazard,KY,37.2495,-83.1932
Hebron,KY,39.0659,-84.7011
Hebron Estates,KY,38.0495,-85.6661
Henderson,KY,37.8362,-87.5900
Hendron,KY,37.0395,-88.6292
Heritage Creek,KY,38.1237,-85.7197
Hickman,KY,36.5712,-89.1862
Highland Heights,KY,39.0331,-84.4519
Highview,KY,38.1429,-85.6241
Hillview,KY,38.0698,-85.6855
Hindman,KY,37.3359,-82.9804
Hodgenville,KY,37.5740,-85.7400
Hopkinsville,KY,36.8656,-87.4912
Horse Cave,KY,37.1795,-85.9069
Hurstbourne,KY,38.2381,-85.5883
Hurstbourne Acres,KY,38.2212,-85.5891
Hyden,KY,37.1609,-83.3732
Independence,KY,38.9431,-84.5441
Indian Hills,KY,38.2726,-85.6627
Indian Hills Cherokee Section,KY,38.2795,-85.6500
Inez,KY,37.8665,-82.5388
Irvine,KY,37.7006,-83.9738
Irvington,KY,37.8803,-86.2839
Jackson,KY,37.5532,-83.3835
Jackson,KY,37.8251,-84.8708
Jamestown,KY,36.9848,-85.0630
Jeffersontown,KY,38.1942,-85.5644
Jeffersonville,KY,37.9737,-83.8419
Jenkins,KY,37.1734,-82.6310
Junction City,KY,37.5867,-84.7938
Knottsville,KY,37.7717,-86.9042
La Center,KY,37.0767,-88.9737
La Grange,KY,38.4076,-85.3788
Lakeside Park,KY,39.0356,-84.5691
Lancaster,KY,37.6195,-84.5780
Lawrenceburg,KY,38.0373,-84.8966
Lebanon,KY,37.5698,-85.2527
Lebanon Junction,KY,37.8345,-85.7319
Ledbetter,KY,37.0476,-88.4770
Leitchfield,KY,37.4800,-86.2939
Lewisport,KY,37.9370,-86.9022
Lexington,KY,37.9887,-84.4777
Lexington-Fayette,KY,38.0498,-84.4586
Liberty,KY,37.3184,-84.9394
Livermore,KY,37.4931,-87.1319
London,KY,37.1290,-84.0833
Louisa,KY,38.1142,-82.6032
Louisville,KY,38.2542,-85.7594
Ludlow,KY,39.0926,-84.5474
Lyndon,KY,38.2567,-85.6016
Madisonville,KY,37.3281,-87.4989
Manchester,KY,37.1537,-83.7619
Marion,KY,37.3328,-88.0811
Masonville,KY,37.6750,-87.0347
Massac,KY,37.0290,-88.6860
Mayfield,KY,36.7417,-88.6367
Maysville,KY,38.6412,-83.7444
McKee,KY,37.4304,-83.9980
Meads,KY,38.4126,-82.7091
Middlesboro,KY,36.6084,-83.7166
Middletown,KY,38.2454,-85.5388
Midway,KY,38.1509,-84.6838
Monticello,KY,36.8298,-84.8491
Morehead,KY,38.1840,-83.4327
Morehead,KY,37.2711,-87.1764
Morganfield,KY,37.6834,-87.9167
Morgantown,KY,37.2256,-86.6836
Mount Olivet,KY,38.5315,-84.0369
Mount Sterling,KY,38.0565,-83.9433
Mount Vernon,KY,38.0256,-84.4952
Mount Vernon,KY,37.3529,-84.3405
Mount Washington,KY,38.0501,-85.5458
Munfordville,KY,37.2723,-85.8911
Murray,KY,36.6103,-88.3148
New Castle,KY,38.4334,-85.1697
Newburg,KY,38.1601,-85.6597
Newport,KY,39.0915,-84.4958
Nicholasville,KY,37.8806,-84.5730
North Corbin,KY,36.9606,-84.0933
Northfield,KY,38.2870,-85.6411
Nortonville,KY,37.1909,-87.4528
Oak Grove,KY,36.6651,-87.4428
Oak Grove,KY,37.3442,-86.7547
Oakbrook,KY,38.9998,-84.6852
Okolona,KY,38.1412,-85.6877
Olive Hill,KY,38.3001,-83.1741
Orchard Grass Hills,KY,38.3237,-85.5213
Owensboro,KY,37.7742,-87.1133
Owenton,KY,38.5367,-84.8434
Owingsville,KY,38.1448,-83.7641
Paducah,KY,37.0834,-88.6000
Paintsville,KY,37.8145,-82.8071
Paris,KY,38.2098,-84.2530
Park Hills,KY,39.0714,-84.5322
Pewee Valley,KY,38.3106,-85.4875
Pikeville,KY,37.4793,-82.5188
Pine Knot,KY,36.6509,-84.4386
Pineville,KY,36.7620,-83.6949
Pioneer Village,KY,38.0606,-85.6777
Plano,KY,36.8803,-86.4183
Prestonsburg,KY,37.6656,-82.7716
Princeton,KY,37.1092,-87.8820
Prospect,KY,38.3451,-85.6155
Providence,KY,38.5745,-85.2211
Providence,KY,37.3976,-87.7628
Raceland,KY,38.5401,-82.7285
Radcliff,KY,37.8404,-85.9491
Reidland,KY,37.0176,-88.5314
Richmond,KY,37.7479,-84.2947
Russell,KY,38.5173,-82.6977
Russell Springs,KY,37.0562,-85.0886
Russellville,KY,36.8453,-86.8872
Ryland Heights,KY,38.9576,-84.4630
Saint Dennis,KY,38.1884,-85.8458
Saint Matthews,KY,38.2529,-85.6558
Saint Regis Park,KY,38.2267,-85.6166
Salyersville,KY,37.7526,-83.0688
Sandy Hook,KY,38.0865,-83.1263
Scottsville,KY,36.7534,-86.1905
Sebree,KY,37.6070,-87.5286
Shelbyville,KY,38.2120,-85.2236
Shepherdsville,KY,37.9884,-85.7158
Shively,KY,38.2001,-85.8227
Silver Grove,KY,39.0345,-84.3902
Simpsonville,KY,38.2226,-85.3552
Smithland,KY,37.1389,-88.4034
Somerset,KY,37.0920,-84.6041
South Shore,KY,38.7209,-82.9582
Southgate,KY,39.0720,-84.4727
Springfield,KY,37.6853,-85.2222
Stanford,KY,37.5312,-84.6619
Stanton,KY,37.8456,-83.8582
Stearns,KY,36.6990,-84.4774
Sturgis,KY,37.5467,-87.9839
Taylor Mill,KY,38.9976,-84.4963
Taylorsville,KY,38.0317,-85.3424
Tompkinsville,KY,36.7023,-85.6916
Union,KY,38.9459,-84.6805
Valley Station,KY,38.1112,-85.8702
Van Lear,KY,37.7712,-82.7579
Vanceburg,KY,38.5992,-83.3188
Verona,KY,38.8184,-84.6608
Versailles,KY,38.0526,-84.7300
Villa Hills,KY,39.0634,-84.5930
Vine Grove,KY,37.8101,-85.9814
Walton,KY,38.8756,-84.6102
Warsaw,KY,38.7834,-84.9016
Watterson Park,KY,38.1923,-85.6833
West Buechel,KY,38.1970,-85.6633
West Liberty,KY,37.9215,-83.2596
Westwood,KY,38.4831,-82.6699
Whitesburg,KY,37.1184,-82.8268
Whitley City,KY,36.7234,-84.4705
Wickliffe,KY,36.9648,-89.0892
Wilder,KY,39.0564,-84.4869
Williamsburg,KY,36.7434,-84.1597
Williamstown,KY,38.6381,-84.5605
Wilmore,KY,37.8620,-84.6616
Winchester,KY,37.9901,-84.1796
Windy Hills,KY,38.2740,-85.6344
Worthington,KY,38.5484,-82.7243
Worthington,KY,38.3156,-85.5616
Worthington Hills,KY,38.3090,-85.5269
Wurtland,KY,38.5504,-82.7779
Abbeville,LA,29.9747,-92.1343
Abita Springs,LA,30.4786,-90.0401
Addis,LA,30.3538,-91.2654
Albany,LA,30.5044,-90.5823
Alexandria,LA,31.3113,-92.4451
Ama,LA,29.9521,-90.2965
Amelia,LA,29.6663,-91.1020
Amite,LA,30.7266,-90.5090
Arabi,LA,29.9544,-90.0054
Arcadia,LA,32.5490,-92.9202
Arnaudville,LA,30.3977,-91.9315
Avondale,LA,29.9130,-90.2037
Baker,LA,30.5882,-91.1682
Baldwin,LA,29.8380,-91.5443
Ball,LA,31.4155,-92.4118
Banks Springs,LA,32.0821,-92.0929
Barataria,LA,29.7233,-90.1237
Basile,LA,30.4852,-92.5960
Bastrop,LA,32.7783,-91.9114
Batchelor,LA,30.8405,-91.6615
Baton Rouge,LA,30.4433,-91.1875
Bawcomville,LA,32.4704,-92.1674
Bayou Boeuf,LA,29.8694,-90.5968
Bayou Cane,LA,29.6241,-90.7512
Bayou Gauche,LA,29.7874,-90.4131
Bayou Vista,LA,29.6897,-91.2709
Belle Chasse,LA,29.8549,-89.9906
Belle Rose,LA,30.0505,-91.0415
Benton,LA,32.6949,-93.7418
Bernice,LA,32.8221,-92.6579
Berwick,LA,29.6946,-91.2190
Blanchard,LA,32.5810,-93.8927
Bogalusa,LA,30.7910,-89.8487
Bossier City,LA,32.5160,-93.7321
Bourg,LA,29.5536,-90.6023
Boutte,LA,29.9024,-90.3881
Breaux Bridge,LA,30.2735,-91.8993
Bridge City,LA,29.9333,-90.1701
Broussard,LA,30.1471,-91.9612
Brownsfield,LA,30.5466,-91.1207
Brownsville,LA,32.4871,-92.1543
Brusly,LA,30.3944,-91.2537
Bunkie,LA,30.9533,-92.1826
Cade,LA,30.0874,-91.9054
Cameron,LA,29.7977,-93.3251
Campti,LA,31.8935,-93.1182
Carencro,LA,30.3171,-92.0490
Carlyss,LA,30.1688,-93.3760
Carville,LA,30.2174,-91.0962
Catahoula,LA,30.2146,-91.7090
Cecilia,LA,30.3371,-91.8532
Central,LA,30.5543,-91.0368
Chackbay,LA,29.8835,-90.7973
Chalmette,LA,29.9430,-89.9654
Charenton,LA,29.8816,-91.5251
Chauvin,LA,29.4385,-90.5954
Church Point,LA,30.4030,-92.2151
Claiborne,LA,32.5160,-92.1918
Clarks,LA,32.0266,-92.1390
Clinton,LA,30.8657,-91.0157
Colfax,LA,31.5191,-92.7068
Columbia,LA,32.1052,-92.0779
Convent,LA,30.0208,-90.8298
Cottonport,LA,30.9841,-92.0535
Coushatta,LA,32.0149,-93.3421
Covington,LA,30.4755,-90.1004
Crowley,LA,30.2141,-92.3746
Cullen,LA,32.9690,-93.4507
Cut Off,LA,29.5427,-90.3381
DeQuincy,LA,30.4505,-93.4332
DeRidder,LA,30.8463,-93.2891
Delcambre,LA,29.9483,-91.9887
Delhi,LA,32.4576,-91.4932
Denham Springs,LA,30.4874,-90.9575
Des Allemands,LA,29.8238,-90.4751
Destrehan,LA,29.9432,-90.3534
Deville,LA,31.3574,-92.1654
Donaldsonville,LA,30.1011,-90.9941
Dulac,LA,29.3888,-90.7140
Duson,LA,30.2358,-92.1854
Eastwood,LA,32.5563,-93.5671
Eden Isle,LA,30.2285,-89.7987
Edgard,LA,30.0433,-90.5601
Elmwood,LA,29.9566,-90.1898
Elton,LA,30.4813,-92.6957
Erath,LA,29.9583,-92.0360
Erwinville,LA,30.5310,-91.4079
Estelle,LA,29.8458,-90.1067
Eunice,LA,30.4944,-92.4176
Farmerville,LA,32.7735,-92.4057
Ferriday,LA,31.6302,-91.5546
Fort Polk North,LA,31.1030,-93.1791
Fort Polk South,LA,31.0511,-93.2158
Franklin,LA,29.7960,-91.5015
Franklinton,LA,30.8473,-90.1553
French Settlement,LA,30.2960,-90.7963
Galliano,LA,29.4422,-90.2993
Gardere,LA,30.3457,-91.1401
Garyville,LA,30.0560,-90.6193
Glenmora,LA,30.9766,-92.5851
Golden Meadow,LA,29.3791,-90.2601
Gonzales,LA,30.2385,-90.9201
Grambling,LA,32.5277,-92.7140
Gramercy,LA,30.0474,-90.6898
Grand Bayou Mobile Home Park,LA,29.9080,-90.7771
Grand Isle,LA,29.2366,-89.9873
Grand Point,LA,30.0613,-90.7534
Gray,LA,29.6977,-90.7865
Greensburg,LA,30.8307,-90.6718
Greenwood,LA,32.4429,-93.9730
Greenwood,LA,30.5449,-91.1068
Gretna,LA,29.9147,-90.0540
Gueydan,LA,30.0260,-92.5085
Hackberry,LA,29.9961,-93.3421
Hahnville,LA,29.9766,-90.4090
Hammond,LA,30.5046,-90.4629
Harahan,LA,29.9405,-90.2031
Harrisonburg,LA,31.7721,-91.8215
Harvey,LA,29.9035,-90.0773
Haughton,LA,32.5326,-93.5041
Haynesville,LA,32.9621,-93.1402
Henderson,LA,30.3133,-91.7904
Homer,LA,32.7919,-93.0550
Houma,LA,29.5958,-90.7195
Independence,LA,30.6355,-90.5033
Inniswold,LA,30.4049,-91.0834
Iota,LA,30.3313,-92.4957
Iowa,LA,30.2369,-93.0138
Jackson,LA,30.8374,-91.2176
Jean Lafitte,LA,29.7360,-90.1267
Jeanerette,LA,29.9110,-91.6634
Jefferson,LA,29.9660,-90.1531
Jena,LA,31.6832,-92.1337
Jennings,LA,30.2224,-92.6571
Jonesboro,LA,32.2413,-92.7160
Jonesville,LA,31.6266,-91.8182
Kaplan,LA,29.9980,-92.2849
Kenner,LA,29.9941,-90.2417
Kentwood,LA,30.9382,-90.5090
Killian,LA,30.3588,-90.5862
Kinder,LA,30.4855,-92.8507
Krotz Springs,LA,30.5369,-91.7529
Labadieville,LA,29.8374,-90.9562
Lacombe,LA,30.3135,-89.9431
Lafayette,LA,30.2241,-92.0198
Lake Arthur,LA,30.0808,-92.6715
Lake Charles,LA,30.2131,-93.2044
Lake Providence,LA,32.8050,-91.1710
Lakeshore,LA,32.5351,-92.0296
Laplace,LA,30.0670,-90.4815
Larose,LA,29.5724,-90.3817
Lawtell,LA,30.5185,-92.1848
Lecompte,LA,31.0946,-92.4004
Leesville,LA,31.1435,-93.2610
Leonville,LA,30.4705,-91.9784
Livingston,LA,30.5021,-90.7479
Livonia,LA,30.5591,-91.5559
Lockport,LA,29.6460,-90.5392
Lockport Heights,LA,29.6505,-90.5465
Logansport,LA,31.9754,-93.9980
Luling,LA,29.9322,-90.3665
Lutcher,LA,30.0405,-90.6990
Mamou,LA,30.6338,-92.4193
Mandeville,LA,30.3583,-90.0656
Mansfield,LA,32.0377,-93.7002
Mansura,LA,31.0580,-92.0490
Many,LA,31.5688,-93.4841
Maringouin,LA,30.4913,-91.5195
Marksville,LA,31.1280,-92.0662
Marrero,LA,29.8994,-90.1004
Mathews,LA,29.6863,-90.5468
Maurice,LA,30.1085,-92.1246
Melville,LA,30.6930,-91.7440
Meraux,LA,29.9302,-89.9162
Merrydale,LA,30.5013,-91.1084
Merryville,LA,30.7544,-93.5405
Metairie,LA,29.9841,-90.1529
Midway,LA,31.6921,-92.1524
Milton,LA,30.1038,-92.0765
Minden,LA,32.6154,-93.2868
Minorca,LA,31.5793,-91.4818
Monroe,LA,32.5093,-92.1193
Montegut,LA,29.4744,-90.5570
Monticello,LA,32.5965,-91.3940
Montz,LA,30.0069,-90.4687
Morgan City,LA,29.6994,-91.2068
Moss Bluff,LA,30.3027,-93.1907
Napoleonville,LA,29.9405,-91.0248
Natalbany,LA,30.5462,-90.4862
Natchitoches,LA,31.7607,-93.0863
New Iberia,LA,30.0035,-91.8187
New Llano,LA,31.1149,-93.2716
New Orleans,LA,29.9547,-90.0751
New Roads,LA,30.7016,-91.4362
New Sarpy,LA,29.9782,-90.3896
Newellton,LA,32.0727,-91.2409
Norco,LA,29.9991,-90.4123
North Vacherie,LA,29.9969,-90.7057
Oak Grove,LA,32.8610,-91.3885
Oak Hills Place,LA,30.3599,-91.0876
Oakdale,LA,30.8160,-92.6604
Oberlin,LA,30.6202,-92.7626
Old Jefferson,LA,30.3827,-91.0170
Olla,LA,31.9029,-92.2432
Opelousas,LA,30.5335,-92.0815
Ossun,LA,30.2760,-92.1124
Paradis,LA,29.8797,-90.4340
Patterson,LA,29.6933,-91.3020
Paulina,LA,30.0263,-90.7131
Pearl River,LA,30.3760,-89.7484
Pierre Part,LA,29.9652,-91.2032
Pine Prairie,LA,30.7838,-92.4254
Pineville,LA,31.3224,-92.4343
Plaquemine,LA,30.2901,-91.2350
Ponchatoula,LA,30.4388,-90.4415
Port Allen,LA,30.4521,-91.2101
Port Barre,LA,30.5602,-91.9540
Port Sulphur,LA,29.4805,-89.6940
Poydras,LA,29.8694,-89.8889
Prairieville,LA,30.3030,-90.9720
Presquille,LA,29.5638,-90.6462
Prien,LA,30.1819,-93.2738
Raceland,LA,29.7274,-90.5990
Rayne,LA,30.2349,-92.2685
Rayville,LA,32.4774,-91.7549
Red Chute,LA,32.5560,-93.6132
Reserve,LA,30.0538,-90.5517
Richwood,LA,32.4488,-92.0849
Ringgold,LA,32.3285,-93.2799
River Ridge,LA,29.9602,-90.2156
Roseland,LA,30.7649,-90.5118
Rosepine,LA,30.9199,-93.2824
Ruston,LA,32.5232,-92.6379
Saint Francisville,LA,30.7799,-91.3765
Saint Gabriel,LA,30.2577,-91.0993
Saint Joseph,LA,31.9185,-91.2335
Saint Martinville,LA,30.1252,-91.8334
Saint Rose,LA,29.9469,-90.3231
Schriever,LA,29.7421,-90.8104
Scott,LA,30.2358,-92.0946
Shenandoah,LA,30.4013,-91.0009
Shreveport,LA,32.5251,-93.7502
Sibley,LA,32.5393,-93.2963
Simmesport,LA,30.9835,-91.8001
Slidell,LA,30.2752,-89.7812
Sorrento,LA,30.1844,-90.8593
South Vacherie,LA,29.9428,-90.6935
Springhill,LA,33.0060,-93.4668
Sterlington,LA,32.6962,-92.0860
Stonewall,LA,32.2818,-93.8241
Sulphur,LA,30.2366,-93.3774
Sunset,LA,30.4113,-92.0684
Supreme,LA,29.8594,-90.9812
Swartz,LA,32.5688,-91.9851
Tallulah,LA,32.4085,-91.1868
Terrytown,LA,29.9102,-90.0326
Thibodaux,LA,29.7958,-90.8229
Timberlane,LA,29.8774,-90.0320
Urania,LA,31.8638,-92.2960
Vidalia,LA,31.5654,-91.4260
Vienna Bend,LA,31.7324,-93.0410
Village Saint George,LA,30.3621,-91.0673
Ville Platte,LA,30.6880,-92.2715
Vinton,LA,30.1908,-93.5813
Violet,LA,29.8958,-89.8978
Vivian,LA,32.8715,-93.9874
Waggaman,LA,29.9185,-90.2109
Walker,LA,30.4880,-90.8615
Watson,LA,30.5757,-90.9532
Welsh,LA,30.2360,-92.8226
West Ferriday,LA,31.6404,-91.5732
West Monroe,LA,32.5185,-92.1476
Westlake,LA,30.2421,-93.2507
Westwego,LA,29.9060,-90.1423
White Castle,LA,30.1699,-91.1470
Winnfield,LA,31.9256,-92.6413
Winnsboro,LA,32.1632,-91.7207
Woodmere,LA,29.8580,-90.0803
Woodworth,LA,31.1466,-92.4974
Youngsville,LA,30.0997,-91.9901
Zachary,LA,30.6485,-91.1565
Zwolle,LA,31.6316,-93.6441
Aberdeen,MA,42.3445,-71.1495
Abington,MA,42.1048,-70.9453
Acton,MA,42.4851,-71.4328
Acushnet,MA,41.6807,-70.9078
Acushnet Center,MA,41.6851,-70.9064
Adams,MA,42.6243,-73.1176
Agawam,MA,42.0695,-72.6148
Allston,MA,42.3584,-71.1259
Allston/Brighton,MA,42.3557,-71.1423
Amesbury,MA,42.8584,-70.9300
Amherst,MA,42.3672,-72.5185
Amherst Center,MA,42.3754,-72.5192
Andover,MA,42.6584,-71.1370
Arlington,MA,42.4154,-71.1564
Ashburnham,MA,42.6362,-71.9078
Ashby,MA,42.6779,-71.8204
Ashfield,MA,42.5265,-72.7884
Ashland,MA,42.2612,-71.4634
Ashmont,MA,42.2834,-71.0689
Assonet,MA,41.7959,-71.0678
Athol,MA,42.5959,-72.2267
Attleboro,MA,41.9445,-71.2856
Auburn,MA,42.1945,-71.8356
Auburndale,MA,42.3473,-71.2495
Avon,MA,42.1307,-71.0412
Ayer,MA,42.5612,-71.5898
Back Bay,MA,42.3501,-71.0870
Back of the Hill,MA,42.3293,-71.1110
Baldwinville,MA,42.6084,-72.0759
Barnstable,MA,41.7001,-70.2995
Barre,MA,42.4229,-72.1051
Beacon Hill,MA,42.3587,-71.0678
Beaconsfield,MA,42.3368,-71.1412
Becket,MA,42.3320,-73.0829
Bedford,MA,42.4907,-71.2762
Belchertown,MA,42.2770,-72.4009
Bellevue,MA,42.2876,-71.1453
Bellingham,MA,42.0868,-71.4745
Belmont,MA,42.3959,-71.1787
Bemis,MA,42.3687,-71.2037
Berkley,MA,41.8459,-71.0828
Berkshire Heights,MA,42.1890,-73.3690
Berlin,MA,42.3812,-71.6370
Bernardston,MA,42.6709,-72.5495
Beverly,MA,42.5584,-70.8800
Beverly Cove,MA,42.5534,-70.8537
Billerica,MA,42.5584,-71.2690
Blackstone,MA,42.0179,-71.5412
Bliss Corner,MA,41.6118,-70.9384
Bolton,MA,42.4334,-71.6078
Bondsville,MA,42.2126,-72.3454
Boston,MA,42.3584,-71.0598
Bourne,MA,41.7412,-70.5989
Boxborough,MA,42.4908,-71.5285
Boxford,MA,42.6612,-70.9967
Boylston,MA,42.3918,-71.7037
Braintree,MA,42.2038,-71.0022
Brewster,MA,41.7601,-70.0828
Bridgewater,MA,41.9904,-70.9750
Brighton,MA,42.3501,-71.1564
Brimfield,MA,42.1229,-72.2009
Brockton,MA,42.0834,-71.0184
Brook Farm,MA,42.2886,-71.1630
Brookline,MA,42.3318,-71.1212
Buckland,MA,42.5923,-72.7918
Burlington,MA,42.5048,-71.1956
Buzzards Bay,MA,41.7454,-70.6181
Cambridge,MA,42.3751,-71.1056
Canton,MA,42.1584,-71.1448
Carlisle,MA,42.5293,-71.3495
Carver,MA,41.8834,-70.7625
Centerville,MA,41.6487,-70.3481
Charlemont,MA,42.6279,-72.8698
Charlestown,MA,42.3779,-71.0620
Charlton,MA,42.1356,-71.9701
Chatham,MA,41.6821,-69.9597
Chelmsford,MA,42.5998,-71.3673
Chelsea,MA,42.3918,-71.0328
Chesterfield,MA,42.3918,-72.8398
Chestnut Hill,MA,42.3306,-71.1662
Chicopee,MA,42.1487,-72.6079
Clarendon Hills,MA,42.2751,-71.1245
Clinton,MA,42.4168,-71.6829
Cochituate,MA,42.3209,-71.3642
Cohasset,MA,42.2418,-70.8037
Colrain,MA,42.6731,-72.6968
Concord,MA,42.4604,-71.3490
Conway,MA,42.5098,-72.6995
Coolidge Corner,MA,42.3459,-71.1245
Cordaville,MA,42.2690,-71.5239
Cotuit,MA,41.6168,-70.4370
Dalton,MA,42.4737,-73.1662
Danvers,MA,42.5751,-70.9300
Dedham,MA,42.2418,-71.1662
Dennis Port,MA,41.6585,-70.1286
Devens,MA,42.5447,-71.6132
Dighton,MA,41.8140,-71.1203
Dorchester,MA,42.2973,-71.0745
Douglas,MA,42.0543,-71.7395
Dover,MA,42.2459,-71.2828
Dracut,MA,42.6704,-71.3020
Dudley,MA,42.0451,-71.9301
Dunstable,MA,42.6751,-71.4828
Duxbury,MA,42.0418,-70.6723
East Boston,MA,42.3751,-71.0392
East Bridgewater,MA,42.0334,-70.9592
East Brookfield,MA,42.2279,-72.0467
East Cambridge,MA,42.3668,-71.0800
East Dennis,MA,41.7426,-70.1620
East Douglas,MA,42.0723,-71.7134
East Falmouth,MA,41.5784,-70.5586
East Harwich,MA,41.7001,-70.0272
East Longmeadow,MA,42.0645,-72.5126
East Pepperell,MA,42.6654,-71.5731
East Sandwich,MA,41.7418,-70.4517
East Somerville,MA,42.3867,-71.0839
Eastham,MA,41.8301,-69.9739
Easthampton,MA,42.2668,-72.6690
Easton,MA,42.0245,-71.1287
Edgartown,MA,41.3890,-70.5134
Erving,MA,42.6001,-72.3981
Essex,MA,42.6320,-70.7828
Everett,MA,42.4084,-71.0537
Fairhaven,MA,41.6376,-70.9036
Fairmount,MA,42.2515,-71.1148
Fall River,MA,41.7015,-71.1551
Falmouth,MA,41.5515,-70.6148
Faneuil,MA,42.3556,-71.1634
Fiskdale,MA,42.1162,-72.1134
Fitchburg,MA,42.5834,-71.8023
Forestdale,MA,41.6918,-70.4995
Foxborough,MA,42.0654,-71.2478
Framingham,MA,42.2793,-71.4162
Framingham Center,MA,42.2973,-71.4370
Franklin,MA,42.0834,-71.3967
Freetown,MA,41.7668,-71.0328
Gardner,MA,42.5751,-71.9981
Gill,MA,42.6404,-72.4995
Gloucester,MA,42.6140,-70.6631
Grafton,MA,42.2070,-71.6856
Granby,MA,42.2565,-72.5162
Granville,MA,42.0668,-72.8615
Great Barrington,MA,42.1959,-73.3621
Green Harbor-Cedar Crest,MA,42.0750,-70.6584
Greenfield,MA,42.5876,-72.5995
Groton,MA,42.6112,-71.5745
Grove Hall,MA,42.3112,-71.0745
Groveland,MA,42.7604,-71.0315
Hadley,MA,42.3418,-72.5884
Halifax,MA,41.9912,-70.8620
Hamilton Worcester,MA,42.2562,-71.7676
Hampden,MA,42.0640,-72.4134
Hanover,MA,42.1132,-70.8120
Hanson,MA,42.0751,-70.8800
Hardwick,MA,42.3501,-72.1995
Harvard,MA,42.5001,-71.5828
Harwich,MA,41.6862,-70.0759
Harwich Center,MA,41.6923,-70.0694
Harwich Port,MA,41.6668,-70.0786
Hatfield,MA,42.3709,-72.5981
Haverhill,MA,42.7762,-71.0773
Head of Westport,MA,41.6209,-71.0620
Highland,MA,42.2854,-71.1567
Hingham,MA,42.2418,-70.8898
Hinsdale,MA,42.4387,-73.1254
Holbrook,MA,42.1551,-71.0087
Holden,MA,42.3518,-71.8634
Holland,MA,42.0640,-72.1573
Holliston,MA,42.2001,-71.4245
Holyoke,MA,42.2043,-72.6162
Hopedale,MA,42.1307,-71.5412
Hopkinton,MA,42.2287,-71.5226
Housatonic,MA,42.2542,-73.3662
Hubbardston,MA,42.4737,-72.0062
Hudson,MA,42.3918,-71.5662
Hull,MA,42.3020,-70.9078
Hyannis,MA,41.6529,-70.2828
Hyde Park,MA,42.2557,-71.1245
Ipswich,MA,42.6793,-70.8412
Jeffries Point,MA,42.3654,-71.0328
Kendall Square,MA,42.3650,-71.0855
Kingston,MA,41.9945,-70.7245
Lancaster,MA,42.4556,-71.6731
Lanesborough,MA,42.5173,-73.2282
Lawrence,MA,42.7070,-71.1631
Lee,MA,42.3043,-73.2482
Leicester,MA,42.2459,-71.9087
Lenox,MA,42.3565,-73.2848
Leominster,MA,42.5251,-71.7598
Leverett,MA,42.4520,-72.5015
Lexington,MA,42.4473,-71.2245
Lincoln,MA,42.4259,-71.3040
Littleton Common,MA,42.5459,-71.4745
Longmeadow,MA,42.0501,-72.5829
Lowell,MA,42.6334,-71.3162
Lower Allston,MA,42.3646,-71.1258
Ludlow,MA,42.1601,-72.4759
Lunenburg,MA,42.5945,-71.7245
Lynn,MA,42.4668,-70.9495
Lynnfield,MA,42.5390,-71.0481
Malden,MA,42.4251,-71.0662
Manchester-by-the-Sea,MA,42.5779,-70.7689
Mansfield,MA,42.0334,-71.2189
Mansfield Center,MA,42.0226,-71.2181
Marblehead,MA,42.5001,-70.8578
Marion,MA,41.7001,-70.7628
Marion Center,MA,41.7042,-70.7629
Marlborough,MA,42.3459,-71.5523
Marshfield,MA,42.0918,-70.7056
Marshfield Hills,MA,42.1459,-70.7398
Marstons Mills,MA,41.6562,-70.4161
Mashpee,MA,41.6484,-70.4811
Mattapan,MA,42.2723,-71.0870
Mattapoisett,MA,41.6584,-70.8161
Mattapoisett Center,MA,41.6660,-70.8072
Maynard,MA,42.4334,-71.4495
Medfield,MA,42.1876,-71.3064
Medford,MA,42.4184,-71.1062
Medway,MA,42.1418,-71.3967
Melrose,MA,42.4584,-71.0662
Mendon,MA,42.1056,-71.5523
Merrimac,MA,42.8306,-71.0023
Methuen,MA,42.7262,-71.1909
Middleborough,MA,41.8932,-70.9112
Middleborough Center,MA,41.8946,-70.9262
Middleton,MA,42.5951,-71.0162
Milford,MA,42.1398,-71.5162
Millbury,MA,42.1940,-71.7601
Millers Falls,MA,42.5820,-72.4926
Millis,MA,42.1676,-71.3578
Millis-Clicquot,MA,42.1648,-71.3544
Millville,MA,42.0279,-71.5809
Milton,MA,42.2495,-71.0662
Milton Center,MA,42.2543,-71.0800
Milton Upper Mills,MA,42.2612,-71.0953
Milton Village,MA,42.2668,-71.0717
Mission Hill,MA,42.3344,-71.1085
Monson,MA,42.1043,-72.3190
Monson Center,MA,42.0990,-72.3048
Montague,MA,42.5356,-72.5351
Monument Beach,MA,41.7195,-70.6120
Nahant,MA,42.4265,-70.9189
Nantucket,MA,41.2835,-70.0995
Natick,MA,42.2834,-71.3495
Needham,MA,42.2834,-71.2328
New Bedford,MA,41.6353,-70.9270
New Marlborough,MA,42.1229,-73.2287
Newburyport,MA,42.8126,-70.8773
Newton,MA,42.3370,-71.2092
Newton Center,MA,42.3306,-71.1995
Newton Corner,MA,42.3612,-71.1953
Newton Highlands,MA,42.3209,-71.1995
Newton Lower Falls,MA,42.3293,-71.2537
Newton Upper Falls,MA,42.3140,-71.2195
Newtonville,MA,42.3501,-71.2037
Nonantum,MA,42.3626,-71.2023
Norfolk,MA,42.1195,-71.3251
North Adams,MA,42.7009,-73.1087
North Amherst,MA,42.4104,-72.5309
North Andover,MA,42.6987,-71.1351
North Attleborough Center,MA,41.9726,-71.3247
North Brighton,MA,42.3584,-71.1384
North Brookfield,MA,42.2668,-72.0828
North Chicopee,MA,42.1834,-72.5995
North Eastham,MA,41.8651,-69.9911
North Falmouth,MA,41.6459,-70.6184
North Lakeville,MA,41.8576,-70.9423
North Pembroke,MA,42.0932,-70.7925
North Plymouth,MA,41.9709,-70.6828
North Reading,MA,42.5751,-71.0787
North Scituate,MA,42.2190,-70.7856
North Seekonk,MA,41.8893,-71.3300
North Westport,MA,41.6604,-71.0884
Northampton,MA,42.3251,-72.6412
Northborough,MA,42.3195,-71.6412
Northbridge,MA,42.1515,-71.6495
Northfield,MA,42.6959,-72.4529
Northwest Harwich,MA,41.6903,-70.1025
Norton,MA,41.9668,-71.1870
Norton Center,MA,41.9725,-71.1853
Norwell,MA,42.1618,-70.7939
Norwood,MA,42.1945,-71.1995
Oak Bluffs,MA,41.4543,-70.5620
Oak Hill Park,MA,42.2945,-71.1856
Oakham,MA,42.3529,-72.0453
Ocean Bluff-Brant Rock,MA,42.1023,-70.6574
Ocean Grove,MA,41.7293,-71.2092
Onset,MA,41.7418,-70.6578
Orange,MA,42.5904,-72.3098
Orient Heights,MA,42.3876,-71.0037
Orleans,MA,41.7898,-69.9897
Osterville,MA,41.6284,-70.3870
Otis,MA,42.1932,-73.0918
Oxford,MA,42.1168,-71.8648
Palmer,MA,42.1584,-72.3287
Paxton,MA,42.3112,-71.9281
Peabody,MA,42.5279,-70.9287
Pelham,MA,42.3931,-72.4037
Pepperell,MA,42.6659,-71.5884
Phillipston,MA,42.5487,-72.1329
Pinehurst,MA,42.5293,-71.2281
Pittsfield,MA,42.4501,-73.2454
Plainville,MA,42.0043,-71.3328
Plymouth,MA,41.9584,-70.6673
Plympton,MA,41.9529,-70.8145
Pocasset,MA,41.6862,-70.6161
Princeton,MA,42.4487,-71.8773
Provincetown,MA,42.0530,-70.1864
Quincy,MA,42.2529,-71.0023
Randolph,MA,42.1626,-71.0412
Raynham,MA,41.9487,-71.0731
Raynham Center,MA,41.9237,-71.0523
Reading,MA,42.5256,-71.0953
Readville,MA,42.2404,-71.1370
Rehoboth,MA,41.8404,-71.2495
Reservoir,MA,42.3348,-71.1484
Revere,MA,42.4084,-71.0120
Richmond,MA,42.3731,-73.3676
Rochester,MA,41.7318,-70.8200
Rockland,MA,42.1307,-70.9162
Rockport,MA,42.6557,-70.6203
Roslindale,MA,42.2912,-71.1245
Rowley,MA,42.7168,-70.8787
Roxbury Crossing,MA,42.3306,-71.0912
Royalston,MA,42.6776,-72.1879
Rutland,MA,42.3695,-71.9481
Sagamore,MA,41.7701,-70.5284
Salem,MA,42.5198,-70.8955
Salisbury,MA,42.8418,-70.8606
Sandwich,MA,41.7590,-70.4939
Saugus,MA,42.4648,-71.0101
Savin Hill,MA,42.3126,-71.0578
Scituate,MA,42.1959,-70.7259
Seekonk,MA,41.8084,-71.3370
Sharon,MA,42.1237,-71.1787
Sheffield,MA,42.1104,-73.3551
Shelburne,MA,42.5898,-72.6884
Shelburne Falls,MA,42.6043,-72.7393
Sherborn,MA,42.2390,-71.3698
Shirley,MA,42.5437,-71.6495
Shrewsbury,MA,42.2959,-71.7129
Shutesbury,MA,42.4565,-72.4098
Smith Mills,MA,41.6390,-70.9912
Somerset,MA,41.7696,-71.1287
Somerville,MA,42.3876,-71.0995
South Amherst,MA,42.3404,-72.5051
South Ashburnham,MA,42.6104,-71.9390
South Deerfield,MA,42.4773,-72.6079
South Dennis,MA,41.6896,-70.1564
South Duxbury,MA,42.0232,-70.6828
South Hadley,MA,42.2584,-72.5745
South Lancaster,MA,42.4445,-71.6870
South Peabody,MA,42.5098,-70.9495
South Yarmouth,MA,41.6668,-70.1847
Southampton,MA,42.2293,-72.7301
Southborough,MA,42.3056,-71.5245
Southbridge,MA,42.0751,-72.0334
Southwick,MA,42.0548,-72.7704
Spencer,MA,42.2440,-71.9923
Springfield,MA,42.1015,-72.5898
Sterling,MA,42.4376,-71.7606
Stockbridge,MA,42.2876,-73.3204
Stoneham,MA,42.4801,-71.0995
Stoughton,MA,42.1251,-71.1023
Stow,MA,42.4370,-71.5056
Sturbridge,MA,42.1084,-72.0787
Sudbury,MA,42.3834,-71.4162
Suffolk Downs Station,MA,42.3898,-70.9978
Sunderland,MA,42.2445,-71.7717
Sutton,MA,42.1501,-71.7629
Swampscott,MA,42.4709,-70.9176
Swansea,MA,41.7482,-71.1898
Taunton,MA,41.9001,-71.0898
Teaticket,MA,41.5645,-70.5959
Templeton,MA,42.5556,-72.0676
Ten Hills,MA,42.3968,-71.0870
Tewksbury,MA,42.6106,-71.2342
Thompsonville,MA,42.3154,-71.1842
Three Rivers,MA,42.1812,-72.3606
Topsfield,MA,42.6376,-70.9495
Townsend,MA,42.6668,-71.7051
Truro,MA,41.9934,-70.0498
Tufts University,MA,42.4074,-71.1192
Turners Falls,MA,42.6043,-72.5565
Tyngsboro,MA,42.6768,-71.4245
Uphams Corner,MA,42.3168,-71.0606
Upton,MA,42.1745,-71.6023
Uxbridge,MA,42.0773,-71.6295
"VA Boston Healthcare System, Brockton Campus",MA,42.3664,-71.0590
Vineyard Haven,MA,41.4540,-70.6012
Wakefield,MA,42.5065,-71.0728
Wales,MA,42.0695,-72.2223
Walpole,MA,42.1418,-71.2495
Waltham,MA,42.3765,-71.2356
Ware,MA,42.2598,-72.2398
Wareham Center,MA,41.7668,-70.7262
Warren,MA,42.2126,-72.1912
Watertown,MA,42.3709,-71.1828
Watertown Square,MA,42.3653,-71.1846
Wayland,MA,42.3626,-71.3615
Webster,MA,42.0501,-71.8801
Wellesley,MA,42.2965,-71.2926
Wellfleet,MA,41.9376,-70.0328
Wendell,MA,42.5481,-72.3967
Wenham,MA,42.6043,-70.8912
West Barnstable,MA,41.7057,-70.3745
West Boylston,MA,42.3668,-71.7856
West Bridgewater,MA,42.0190,-71.0078
West Brookfield,MA,42.2354,-72.1412
West Cambridge/Harvard Square,MA,42.3725,-71.1195
West Chatham,MA,41.6812,-69.9911
West Concord,MA,42.4584,-71.3953
West Dennis,MA,41.6646,-70.1728
West Falmouth,MA,41.6043,-70.6345
West Fens,MA,42.3430,-71.0984
West Newbury,MA,42.8015,-70.9898
West Newton,MA,42.3501,-71.2328
West Roxbury,MA,42.2793,-71.1495
West Somerville/Davis Square,MA,42.3959,-71.1226
West Springfield,MA,42.1070,-72.6204
West Stockbridge,MA,42.3459,-73.3662
West Tisbury,MA,41.3812,-70.6745
West Wareham,MA,41.7898,-70.7603
West Yarmouth,MA,41.6501,-70.2411
Westborough,MA,42.2695,-71.6162
Westfield,MA,42.1251,-72.7495
Westford,MA,42.5793,-71.4378
Westhampton,MA,42.3029,-72.7745
Westminster,MA,42.5459,-71.9106
Weston,MA,42.3668,-71.3031
Westwood,MA,42.2140,-71.2245
Weweantic,MA,41.7354,-70.7320
Weymouth,MA,42.2209,-70.9398
Whately,MA,42.4398,-72.6348
White Island Shores,MA,41.8001,-70.6347
Whitinsville,MA,42.1112,-71.6662
Whitman,MA,42.0807,-70.9356
Wilbraham,MA,42.1237,-72.4315
Williamsburg,MA,42.3931,-72.7301
Williamstown,MA,42.7120,-73.2037
Wilmington,MA,42.5465,-71.1737
Winchendon,MA,42.6862,-72.0440
Winchester,MA,42.4523,-71.1370
Winter Hill,MA,42.3959,-71.0989
Winthrop,MA,42.3751,-70.9828
Woburn,MA,42.4793,-71.1523
Worcester,MA,42.2626,-71.8023
Wrentham,MA,42.0668,-71.3281
Yarmouth,MA,41.7057,-70.2286
Yarmouth Port,MA,41.7020,-70.2495
Altona,MB,49.1047,-97.5596
Arborg,MB,50.9072,-97.2176
Beausejour,MB,50.0622,-96.5167
Boissevain,MB,49.2306,-100.0559
Brandon,MB,49.8469,-99.9531
Carberry,MB,49.8689,-99.3602
Carman,MB,49.4992,-98.0016
Cross Lake 19A,MB,54.6514,-97.7685
Dauphin,MB,51.1494,-100.0502
Deloraine,MB,49.1908,-100.4948
Flin Flon,MB,54.7670,-101.8743
Gillam,MB,56.3475,-94.7081
Gimli,MB,50.6336,-96.9907
Grunthal,MB,49.4067,-96.8587
Headingley,MB,49.8753,-97.4090
Ile des Chenes,MB,49.7106,-96.9889
Killarney,MB,49.1833,-99.6636
La Broquerie,MB,49.5169,-96.5003
Lac du Bonnet,MB,50.2536,-96.0612
Landmark,MB,49.6717,-96.8223
Lorette,MB,49.7392,-96.8723
Melita,MB,49.2681,-100.9967
Minnedosa,MB,50.2453,-99.8436
Moose Lake,MB,49.2056,-95.3063
Morden,MB,49.1919,-98.1014
Morris,MB,49.3550,-97.3657
Neepawa,MB,50.2289,-99.4664
Niverville,MB,49.6056,-97.0423
Norway House,MB,53.9821,-97.8327
Oxford House,MB,54.9485,-95.2660
Portage la Prairie,MB,49.9728,-98.2926
Rivers,MB,50.0308,-100.2403
Roblin,MB,51.2300,-101.3565
Selkirk,MB,50.1436,-96.8845
Shilo,MB,49.8055,-99.6463
Snow Lake,MB,54.8790,-100.0374
Souris,MB,49.6172,-100.2612
St. Adolphe,MB,49.6744,-97.1112
Ste. Anne,MB,49.6697,-96.6500
Steinbach,MB,49.5258,-96.6845
Stonewall,MB,50.1344,-97.3268
Swan River,MB,52.1058,-101.2676
The Pas,MB,53.8216,-101.2449
Thompson,MB,55.7435,-97.8558
Virden,MB,49.8508,-100.9326
West St. Paul,MB,50.0104,-97.1421
Winkler,MB,49.1817,-97.9410
Winnipeg,MB,49.8844,-97.1470
Aberdeen,MD,39.5096,-76.1641
Aberdeen Proving Ground,MD,39.4669,-76.1307
Abingdon,MD,39.4623,-76.2791
Accokeek,MD,38.6676,-77.0283
Adamstown,MD,39.3109,-77.4747
Adelphi,MD,39.0032,-76.9719
Algonquin,MD,38.5829,-76.1058
Andrews Air Force Base,MD,38.8053,-76.8746
Annapolis,MD,38.9786,-76.4918
Arbutus,MD,39.2546,-76.7000
Arden on the Severn,MD,39.0659,-76.5789
Arlington,MD,39.3486,-76.6832
Armistead Gardens,MD,39.3018,-76.5494
Arnold,MD,39.0321,-76.5027
Ashton-Sandy Spring,MD,39.1498,-77.0050
Aspen Hill,MD,39.0795,-77.0730
Baden,MD,38.6593,-76.7777
Ballenger Creek,MD,39.3726,-77.4353
Baltimore,MD,39.2904,-76.6122
Baltimore Highlands,MD,39.2332,-76.6366
Bartonsville,MD,39.3926,-77.3580
Beechfield,MD,39.2718,-76.6928
Bel Air,MD,39.5359,-76.3483
Bel Air,MD,39.5731,-78.8497
Bel Air North,MD,39.5543,-76.3731
Bel Air South,MD,39.5051,-76.3198
Beltsville,MD,39.0348,-76.9075
Bennsville,MD,38.6093,-77.0122
Berlin,MD,38.3226,-75.2177
Berwyn Heights,MD,38.9940,-76.9105
Bethesda,MD,38.9807,-77.1003
Bladensburg,MD,38.9393,-76.9339
Boonsboro,MD,39.5062,-77.6525
Bowie,MD,38.9428,-76.7303
Bowleys Quarters,MD,39.3354,-76.3902
Bowling Green,MD,39.6237,-78.8045
Braddock Heights,MD,39.4187,-77.5036
Brandywine,MD,38.6968,-76.8478
Brentwood,MD,38.9432,-76.9566
Brock Hall,MD,38.8501,-76.7611
Brooklyn,MD,39.2304,-76.6022
Brooklyn Park,MD,39.2284,-76.6164
Brookmont,MD,38.9421,-77.1203
Brunswick,MD,39.3143,-77.6278
Bryans Road,MD,38.6271,-77.0730
Buckeystown,MD,39.3348,-77.4317
Burtonsville,MD,39.1112,-76.9325
Butcher's Hill,MD,39.2895,-76.5883
Cabin John,MD,38.9754,-77.1580
California,MD,38.3004,-76.5075
Calverton,MD,39.0576,-76.9358
Cambridge,MD,38.5632,-76.0788
Camp Springs,MD,38.8040,-76.9066
Canton,MD,39.2804,-76.5666
Cape Saint Claire,MD,39.0432,-76.4450
Capitol Heights,MD,38.8851,-76.9158
Carney,MD,39.3943,-76.5236
Catonsville,MD,39.2721,-76.7319
Cavetown,MD,39.6443,-77.5858
Cedonia,MD,39.3322,-76.5321
Centreville,MD,39.0418,-76.0663
Charles Village,MD,39.3232,-76.6133
Charlestown,MD,39.2682,-76.7053
Charlestown,MD,39.5737,-75.9750
Charlotte Hall,MD,38.4810,-76.7780
Cherry Hill,MD,39.2548,-76.6344
Chesapeake Beach,MD,38.6862,-76.5347
Chesapeake Ranch Estates,MD,38.3462,-76.4177
Chesapeake Ranch Estates-Drum Point,MD,38.3502,-76.4189
Chester,MD,38.9754,-76.2894
Chestertown,MD,39.2090,-76.0666
Cheswolde,MD,39.3640,-76.6891
Cheverly,MD,38.9282,-76.9158
Chevy Chase,MD,39.0029,-77.0712
Chevy Chase Village,MD,38.9693,-77.0789
Chillum,MD,38.9637,-76.9908
Clarksburg,MD,39.2387,-77.2794
Clinton,MD,38.7651,-76.8983
Clover Hill,MD,39.4562,-77.4289
Cloverly,MD,39.1082,-76.9977
Cobb Island,MD,38.2585,-76.8439
Cockeysville,MD,39.4812,-76.6439
Colesville,MD,39.0757,-77.0019
College Park,MD,38.9807,-76.9369
Colmar Manor,MD,38.9332,-76.9458
Columbia,MD,39.2404,-76.8394
Coral Hills,MD,38.8704,-76.9211
Cottage City,MD,38.9382,-76.9483
Cresaptown,MD,39.5929,-78.8333
Crisfield,MD,37.9835,-75.8538
Crofton,MD,39.0018,-76.6875
Croom,MD,38.7526,-76.7639
Crownsville,MD,39.0284,-76.6013
Cumberland,MD,39.6529,-78.7625
Curtis Bay,MD,39.2268,-76.5880
Damascus,MD,39.2884,-77.2039
Darnestown,MD,39.1034,-77.2908
Davidsonville,MD,38.9229,-76.6283
Deale,MD,38.7765,-76.5552
Denton,MD,38.8846,-75.8272
Derwood,MD,39.1173,-77.1611
District Heights,MD,38.8576,-76.8894
Drum Point,MD,38.3268,-76.4261
Dundalk,MD,39.2507,-76.5205
Dunkirk,MD,38.7218,-76.6605
Dunkirk Town Center,MD,38.7204,-76.6586
East Riverdale,MD,38.9580,-76.9110
Easton,MD,38.7743,-76.0763
Edgemere,MD,39.2420,-76.4480
Edgewater,MD,38.9380,-76.5570
Edgewood,MD,39.4187,-76.2944
Edmondson Village,MD,39.2951,-76.6816
Edmonston,MD,38.9468,-76.9311
Eldersburg,MD,39.4037,-76.9503
Elkridge,MD,39.2126,-76.7136
Elkton,MD,39.6068,-75.8333
Ellicott City,MD,39.2673,-76.7983
Emmitsburg,MD,39.7045,-77.3269
Essex,MD,39.3093,-76.4750
Fairland,MD,39.0762,-76.9578
Fairmount Heights,MD,38.9010,-76.9155
Fairwood,MD,38.9567,-76.7777
Fallstaff,MD,39.3684,-76.7066
Fallston,MD,39.5145,-76.4111
Federalsburg,MD,38.6943,-75.7722
Fells Point,MD,39.2826,-76.5933
Ferndale,MD,39.1832,-76.6402
Forest Glen,MD,39.0145,-77.0547
Forest Heights,MD,38.8096,-76.9980
Forest Park,MD,39.3259,-76.6819
Forestville,MD,38.8451,-76.8750
Fort George G Mead Junction,MD,39.1259,-76.7891
Fort Meade,MD,39.1082,-76.7432
Fort Washington,MD,38.7073,-77.0230
Fountainhead-Orchard Hills,MD,39.6864,-77.7190
Four Corners,MD,39.0204,-77.0127
Frederick,MD,39.4143,-77.4105
Friendly,MD,38.7518,-76.9786
Friendship Village,MD,38.9629,-77.0889
Frostburg,MD,39.6581,-78.9284
Fruitland,MD,38.3221,-75.6202
Fulton,MD,39.1509,-76.9230
Gaithersburg,MD,39.1434,-77.2014
Gambrills,MD,39.0810,-76.6580
Garrett Park,MD,39.0382,-77.0930
Garrison,MD,39.4059,-76.7605
Germantown,MD,39.1732,-77.2716
Glassmanor,MD,38.8190,-76.9986
Glen Burnie,MD,39.1626,-76.6247
Glenarden,MD,38.9293,-76.8616
Glenmont,MD,39.0579,-77.0497
Glenn Dale,MD,38.9876,-76.8205
Goddard,MD,38.9896,-76.8533
Golden Beach,MD,38.4898,-76.6822
Grasonville,MD,38.9582,-76.2102
Greater Upper Marlboro,MD,38.8314,-76.7483
Green Haven,MD,39.1395,-76.5477
Green Valley,MD,39.3093,-77.2972
Greenbelt,MD,39.0046,-76.8755
Greensboro,MD,38.9737,-75.8049
Guilford,MD,39.3348,-76.6180
Gwynn Oak,MD,39.3326,-76.6928
Hagerstown,MD,39.6418,-77.7200
Halfway,MD,39.6206,-77.7589
Hampden,MD,39.3309,-76.6350
Hampstead,MD,39.6048,-76.8500
Hampton,MD,39.4229,-76.5847
Hancock,MD,39.6990,-78.1797
Hanover,MD,39.1929,-76.7241
Havre de Grace,MD,39.5493,-76.0916
Hebron,MD,38.4201,-75.6877
Herald Harbor,MD,39.0537,-76.5691
Highfield-Cascade,MD,39.7162,-77.4828
Highland,MD,39.1790,-76.9575
Highlandtown,MD,39.2865,-76.5688
Hillandale,MD,39.0265,-76.9741
Hillcrest Heights,MD,38.8329,-76.9594
Hillsmere Shores,MD,38.9401,-76.4950
Homeland,MD,39.3582,-76.6244
Howard Park,MD,39.3312,-76.6947
Hughesville,MD,38.5326,-76.7839
Hunt Valley,MD,39.4998,-76.6411
Hunting Ridge,MD,39.2926,-76.7019
Huntingtown,MD,38.6159,-76.6130
Huntingtown Town Center,MD,38.6210,-76.6161
Hurlock,MD,38.6243,-75.8544
Hyattsville,MD,38.9559,-76.9455
Idlewood,MD,39.3701,-76.5891
Ilchester,MD,39.2509,-76.7647
Indian Head,MD,38.6001,-77.1622
Jarrettsville,MD,39.6046,-76.4777
Jefferson,MD,39.3621,-77.5316
Jessup,MD,39.1493,-76.7752
Joppatowne,MD,39.4140,-76.3580
Keedysville,MD,39.4862,-77.6997
Kemp Mill,MD,39.0390,-77.0191
Kensington,MD,39.0257,-77.0764
Kettering,MD,38.8846,-76.8147
Kingstown,MD,39.2048,-76.0513
Kingsville,MD,39.4487,-76.4177
La Plata,MD,38.5293,-76.9753
La Vale,MD,39.6556,-78.8106
Lake Arbor,MD,38.9079,-76.8297
Lake Shore,MD,39.1071,-76.4850
Lakeland,MD,39.2582,-76.6508
Landover,MD,38.9340,-76.8966
Landover Hills,MD,38.9432,-76.8922
Langley Park,MD,38.9887,-76.9814
Lanham,MD,38.9688,-76.8634
Lanham-Seabrook,MD,38.9684,-76.8511
Lansdowne,MD,39.2451,-76.6605
Largo,MD,38.8976,-76.8303
Laurel,MD,39.0993,-76.8483
Layhill,MD,39.0923,-77.0444
Leisure World,MD,39.1023,-77.0690
Leonardtown,MD,38.2912,-76.6358
Lexington Park,MD,38.2668,-76.4538
Linganore,MD,39.4110,-77.3020
Linthicum,MD,39.2051,-76.6527
Lochearn,MD,39.3407,-76.7222
Lonaconing,MD,39.5659,-78.9803
Londontowne,MD,38.9335,-76.5494
Long Beach,MD,38.4610,-76.4688
Lusby,MD,38.3550,-76.4370
Lutherville,MD,39.4212,-76.6261
Lutherville-Timonium,MD,39.4400,-76.6110
Manchester,MD,39.6612,-76.8850
Marlboro Meadows,MD,38.8362,-76.7150
Marlboro Village,MD,38.8305,-76.7696
Marlow Heights,MD,38.8334,-76.9516
Marlton,MD,38.7737,-76.7900
Maryland City,MD,39.0921,-76.8178
Maugansville,MD,39.6929,-77.7447
Mayo,MD,38.8876,-76.5119
Mays Chapel,MD,39.4332,-76.6494
Mechanicsville,MD,38.4429,-76.7438
Mellwood,MD,38.8104,-76.8241
Middle River,MD,39.3343,-76.4394
Middletown,MD,39.4437,-77.5447
Milford Mill,MD,39.3479,-76.7700
Mitchellville,MD,38.9200,-76.8080
Mondawmin,MD,39.3176,-76.6594
Montgomery Village,MD,39.1768,-77.1953
Morningside,MD,38.8301,-76.8914
Morrell Park,MD,39.2645,-76.6608
Mount Airy,MD,39.3762,-77.1547
Mount Rainier,MD,38.9415,-76.9650
Mount Washington,MD,39.3643,-76.6727
Mountain Lake Park,MD,39.3984,-79.3817
Myersville,MD,39.5051,-77.5664
National Harbor,MD,38.7826,-77.0151
Naval Academy,MD,38.9857,-76.4877
New Carrollton,MD,38.9698,-76.8800
New Market,MD,39.3826,-77.2694
New Windsor,MD,39.5421,-77.1080
North Beach,MD,38.7073,-76.5311
North Bethesda,MD,39.0446,-77.1189
North East,MD,39.6001,-75.9413
North Kensington,MD,39.0390,-77.0710
North Laurel,MD,39.1390,-76.8705
North Potomac,MD,39.0829,-77.2650
Oakland,MD,39.4079,-79.4067
Ocean City,MD,38.3365,-75.0849
Ocean Pines,MD,38.3954,-75.1557
Odenton,MD,39.0840,-76.7002
Olney,MD,39.1532,-77.0669
Overlea,MD,39.3634,-76.5205
Owings,MD,38.7176,-76.6013
Owings Mills,MD,39.4196,-76.7802
Oxon Hill,MD,38.8034,-76.9897
Oxon Hill-Glassmanor,MD,38.7961,-76.9750
Paramount-Long Meadow,MD,39.6804,-77.6929
Parkville,MD,39.3773,-76.5397
Parole,MD,38.9810,-76.5450
Pasadena,MD,39.1190,-76.5711
Peppermill Village,MD,38.8947,-76.8865
Perry Hall,MD,39.4126,-76.4636
Perryman,MD,39.4695,-76.2044
Perryville,MD,39.5601,-76.0713
Pikesville,MD,39.3743,-76.7225
Pittsville,MD,38.3954,-75.4130
Pleasant Hills,MD,39.4796,-76.3941
Pocomoke City,MD,38.0757,-75.5680
Point of Rocks,MD,39.2759,-77.5392
Poolesville,MD,39.1459,-77.4169
Potomac,MD,39.0182,-77.2086
Potomac Heights,MD,38.6087,-77.1405
Potomac Park,MD,39.6118,-78.8059
Prince Frederick,MD,38.5404,-76.5844
Princess Anne,MD,38.2029,-75.6924
Pumphrey,MD,39.2173,-76.6372
Queen Anne,MD,38.8987,-76.6783
Queenland,MD,38.8052,-76.7913
Ramblewood,MD,39.3629,-76.5869
Randallstown,MD,39.3673,-76.7952
Reisterstown,MD,39.4698,-76.8319
Ridgely,MD,38.9479,-75.8844
Rising Sun,MD,39.6979,-76.0627
Riva,MD,38.9521,-76.5780
Riverdale Park,MD,38.9634,-76.9316
Riverside,MD,39.4737,-76.2413
Riverside,MD,39.1734,-76.8852
Riviera Beach,MD,39.1668,-76.5080
Robinwood,MD,38.9543,-76.5147
Robinwood,MD,39.6370,-77.6569
Rock Hall,MD,39.1382,-76.2349
Rockville,MD,39.0840,-77.1528
Rognel Heights,MD,39.2940,-76.6858
Rosaryville,MD,38.7568,-76.8097
Rosedale,MD,39.3201,-76.5155
Rossmoor,MD,39.1037,-77.0711
Rossville,MD,39.3384,-76.4797
Saint Charles,MD,38.6032,-76.9386
Saint James,MD,39.5626,-77.7580
Saint Michaels,MD,38.7851,-76.2244
Salisbury,MD,38.3607,-75.5994
Savage,MD,39.1379,-76.8239
Scaggsville,MD,39.1451,-76.9002
Seabrook,MD,38.9740,-76.8490
Seat Pleasant,MD,38.8962,-76.9066
Selby-on-the-Bay,MD,38.9162,-76.5225
Severn,MD,39.1371,-76.6983
Severna Park,MD,39.0704,-76.5452
Shady Side,MD,38.8418,-76.5122
Silver Hill,MD,38.8418,-76.9458
Silver Spring,MD,38.9907,-77.0261
Smithsburg,MD,39.6548,-77.5728
Snow Hill,MD,38.1771,-75.3927
Solomons,MD,38.3185,-76.4541
Somerset,MD,38.9659,-77.0961
South Baltimore,MD,39.2704,-76.6151
South Gate,MD,39.1290,-76.6258
South Kensington,MD,39.0130,-77.0710
South Laurel,MD,39.0698,-76.8503
Spencerville,MD,39.1143,-76.9783
Spring Ridge,MD,39.4015,-77.3525
Springdale,MD,38.9376,-76.8389
St. Charles,MD,38.6073,-76.9248
Stevensville,MD,38.9807,-76.3144
Suitland,MD,38.8487,-76.9239
Suitland-Silver Hill,MD,38.8469,-76.9259
Summerfield,MD,38.9045,-76.8683
Sykesville,MD,39.3737,-76.9678
Takoma Park,MD,38.9779,-77.0075
Taneytown,MD,39.6579,-77.1744
Temple Hills,MD,38.8140,-76.9455
Ten Hills,MD,39.2843,-76.7011
Thurmont,MD,39.6237,-77.4108
Timonium,MD,39.4370,-76.6197
Towson,MD,39.4015,-76.6019
Trappe,MD,38.6585,-76.0580
Travilah,MD,39.0690,-77.2630
University Park,MD,38.9704,-76.9419
Upper Marlboro,MD,38.8160,-76.7497
Urbana,MD,39.3259,-77.3514
Violetville,MD,39.2676,-76.6744
Wakefield,MD,39.3126,-76.6980
Walbrook,MD,39.3090,-76.6714
Waldorf,MD,38.6246,-76.9391
Walker Mill,MD,38.8754,-76.8883
Walkersville,MD,39.4862,-77.3519
Waltherson,MD,39.3465,-76.5627
Waverly,MD,39.3284,-76.6061
West Arlington,MD,39.3368,-76.6950
West Elkridge,MD,39.2071,-76.7269
West Forest Park,MD,39.3204,-76.6918
West Laurel,MD,39.1012,-76.8997
West Ocean City,MD,38.3315,-75.1068
Westernport,MD,39.4854,-79.0447
Westminster,MD,39.5754,-76.9958
Westphalia,MD,38.8454,-76.8111
Westport,MD,39.2621,-76.6355
Wheaton,MD,39.0398,-77.0553
White Marsh,MD,39.3837,-76.4322
White Oak,MD,39.0398,-76.9930
Williamsport,MD,39.6007,-77.8205
Wilson-Conococheague,MD,39.6535,-77.8316
Woodlawn,MD,39.3229,-76.7280
Woodlawn,MD,38.9496,-76.8914
Woodmore,MD,38.9212,-76.8030
Woodsboro,MD,39.5332,-77.3147
Acton,ME,43.5343,-70.9098
Addison,ME,44.6184,-67.7442
Albion,ME,44.5323,-69.4425
Alfred,ME,43.4765,-70.7184
Appleton,ME,44.2892,-69.2509
Arundel,ME,43.3826,-70.4778
Auburn,ME,44.0979,-70.2312
Augusta,ME,44.3106,-69.7795
Bangor,ME,44.7988,-68.7726
Bar Harbor,ME,44.3876,-68.2039
Bath,ME,43.9106,-69.8206
Belfast,ME,44.4259,-69.0064
Belgrade,ME,44.4473,-69.8325
Benton,ME,44.5862,-69.5509
Berwick,ME,43.2659,-70.8645
Bethel,ME,44.4042,-70.7906
Biddeford,ME,43.4926,-70.4534
Boothbay,ME,43.8765,-69.6337
Boothbay Harbor,ME,43.8523,-69.6281
Bradford,ME,45.0667,-68.9378
Bradley,ME,44.9209,-68.6281
Brewer,ME,44.7967,-68.7614
Bridgton,ME,44.0548,-70.7128
Bristol,ME,43.9576,-69.5092
Brooks,ME,44.5504,-69.1209
Brownfield,ME,43.9381,-70.9087
Brownville,ME,45.3070,-69.0334
Brunswick,ME,43.9145,-69.9653
Buckfield,ME,44.2895,-70.3653
Bucksport,ME,44.5737,-68.7956
Burnham,ME,44.6928,-69.4275
Buxton,ME,43.6379,-70.5189
Calais,ME,45.1838,-67.2766
Camden,ME,44.2098,-69.0648
Canaan,ME,44.7617,-69.5614
Canton,ME,44.4408,-70.3165
Cape Neddick,ME,43.1937,-70.6209
Caribou,ME,46.8606,-68.0120
Carmel,ME,44.7976,-69.0512
Castine,ME,44.3879,-68.7998
Charleston,ME,45.0851,-69.0406
Chelsea,ME,44.2503,-69.7173
Cherryfield,ME,44.6073,-67.9258
Chesterville,ME,44.5512,-70.0862
China,ME,44.4787,-69.5173
Chisholm,ME,44.4815,-70.1995
Clinton,ME,44.6378,-69.5031
Corinna,ME,44.9212,-69.2617
Cornish,ME,43.8048,-70.8012
Cornville,ME,44.8367,-69.6731
Cumberland Center,ME,43.7965,-70.2589
Cushing,ME,44.0192,-69.2398
Damariscotta,ME,44.0329,-69.5187
Dayton,ME,43.5497,-70.5756
Dedham,ME,44.6917,-68.6620
Deer Isle,ME,44.2240,-68.6775
Denmark,ME,43.9704,-70.8034
Dexter,ME,45.0239,-69.2898
Dixfield,ME,44.5339,-70.4559
Dixmont,ME,44.6803,-69.1628
Dover-Foxcroft,ME,45.1834,-69.2270
East Machias,ME,44.7392,-67.3900
East Millinocket,ME,45.6275,-68.5745
Easton,ME,46.6412,-67.9095
Eastport,ME,44.9045,-66.9844
Eddington,ME,44.8262,-68.6934
Edgecomb,ME,43.9584,-69.6306
Eliot,ME,43.1531,-70.8001
Ellsworth,ME,44.5434,-68.4195
Enfield,ME,45.2489,-68.5684
Etna,ME,44.8209,-69.1111
Fairfield,ME,44.5884,-69.5987
Falmouth,ME,43.7295,-70.2420
Falmouth Foreside,ME,43.7348,-70.2078
Farmingdale,ME,44.2445,-69.7714
Farmington,ME,44.6706,-70.1512
Fayette,ME,44.4090,-70.0337
Fort Fairfield,ME,46.7723,-67.8339
Fort Kent,ME,47.2587,-68.5895
Frankfort,ME,44.6098,-68.8767
Franklin,ME,44.5870,-68.2322
Freeport,ME,43.8570,-70.1031
Frenchville,ME,47.2809,-68.3798
Friendship,ME,43.9837,-69.3339
Fryeburg,ME,44.0165,-70.9806
Gardiner,ME,44.2301,-69.7753
Garland,ME,45.0384,-69.1603
Gorham,ME,43.6795,-70.4442
Gouldsboro,ME,44.4784,-68.0383
Greenbush,ME,45.0803,-68.6509
Greene Village,ME,44.1898,-70.1403
Greenville,ME,45.4595,-69.5906
Hallowell,ME,44.2859,-69.7909
Hampden,ME,44.7448,-68.8377
Hancock,ME,44.5292,-68.2536
Harpswell Center,ME,43.8017,-69.9842
Harrison,ME,44.1103,-70.6792
Hartford,ME,44.3728,-70.3467
Hebron,ME,44.1981,-70.4065
Hermon,ME,44.8101,-68.9134
Hiram,ME,43.8787,-70.8034
Hodgdon,ME,46.0539,-67.8667
Holden,ME,44.7529,-68.6789
Hollis Center,ME,43.6051,-70.5931
Hope,ME,44.2651,-69.1589
Houlton,ME,46.1262,-67.8403
Howland,ME,45.2387,-68.6636
Hudson,ME,45.0012,-68.8806
Jay,ME,44.5040,-70.2162
Jefferson,ME,44.2067,-69.4525
Jonesport,ME,44.5329,-67.5983
Kenduskeag,ME,44.9195,-68.9317
Kennebunk,ME,43.3840,-70.5448
Kennebunkport,ME,43.3618,-70.4767
Kingfield,ME,44.9592,-70.1539
Kittery,ME,43.0881,-70.7362
Kittery Point,ME,43.0830,-70.7101
Lake Arrowhead,ME,43.6637,-70.7348
Lebanon,ME,43.3945,-70.8509
Leeds,ME,44.3034,-70.1195
Levant,ME,44.8692,-68.9348
Lewiston,ME,44.1003,-70.2148
Limerick,ME,43.6884,-70.7937
Limestone,ME,46.9087,-67.8259
Limington,ME,43.7317,-70.7109
Lincoln,ME,45.3623,-68.5050
Lincolnville,ME,44.2812,-69.0087
Lisbon,ME,44.0315,-70.1045
Lisbon Falls,ME,43.9962,-70.0606
Livermore,ME,44.3840,-70.2492
Livermore Falls,ME,44.4753,-70.1881
Lovell,ME,44.1267,-70.8917
Machias,ME,44.7151,-67.4614
Machiasport,ME,44.6987,-67.3947
Madawaska,ME,47.3553,-68.3217
Madawaska,ME,46.8842,-67.9472
Madison,ME,44.7976,-69.8798
Manchester,ME,44.3245,-69.8603
Mechanic Falls,ME,44.1117,-70.3917
Medway,ME,45.6089,-68.5309
Mexico,ME,44.5609,-70.5453
Milbridge,ME,44.5354,-67.8808
Milford,ME,44.9462,-68.6439
Millinocket,ME,45.6573,-68.7098
Milo,ME,45.2537,-68.9859
Minot,ME,44.0856,-70.3201
Monmouth,ME,44.2387,-70.0356
Mount Vernon,ME,44.5012,-69.9876
New Gloucester,ME,43.9629,-70.2826
New Sharon,ME,44.6390,-70.0156
Newfield,ME,43.6481,-70.8470
Newport,ME,44.8353,-69.2739
Nobleboro,ME,44.0795,-69.4851
Norridgewock,ME,44.7131,-69.7906
North Bath,ME,43.9348,-69.8159
North Berwick,ME,43.3037,-70.7334
North Windham,ME,43.8342,-70.4384
Northport,ME,44.3379,-68.9614
Norway,ME,44.2140,-70.5448
Oakland,ME,44.5403,-69.7220
Ogunquit,ME,43.2490,-70.5992
Old Orchard Beach,ME,43.5173,-70.3775
Old Town,ME,44.9342,-68.6453
Orland,ME,44.5703,-68.7359
Orono,ME,44.8831,-68.6720
Orrington,ME,44.7312,-68.8264
Owls Head,ME,44.0823,-69.0573
Oxford,ME,44.1317,-70.4931
Palermo,ME,44.4079,-69.4739
Palmyra,ME,44.8464,-69.3587
Paris,ME,44.2598,-70.5006
Parsonsfield,ME,43.7270,-70.9287
Patten,ME,45.9964,-68.4461
Penobscot,ME,44.4645,-68.7111
Peru,ME,44.5067,-70.4053
Phillips,ME,44.8231,-70.3395
Phippsburg,ME,43.8206,-69.8148
Pittsfield,ME,44.7826,-69.3834
Pittston,ME,44.2217,-69.7556
Plymouth,ME,44.7673,-69.2103
Poland,ME,44.0606,-70.3937
Porter,ME,43.7959,-70.9326
Portland,ME,43.6574,-70.2589
Presque Isle,ME,46.6812,-68.0159
Randolph,ME,44.2304,-69.7667
Raymond,ME,43.9015,-70.4703
Readfield,ME,44.3879,-69.9667
Richmond,ME,44.0873,-69.7989
Rockland,ME,44.1037,-69.1089
Rockport,ME,44.1845,-69.0761
Rome,ME,44.5851,-69.8692
Rumford,ME,44.5537,-70.5509
Sabattus,ME,44.1198,-70.1076
Saco,ME,43.5009,-70.4428
Saint Albans,ME,44.9101,-69.4100
Saint George,ME,44.0165,-69.1989
Sanford,ME,43.4393,-70.7742
Sangerville,ME,45.1648,-69.3564
Scarborough,ME,43.5781,-70.3217
Searsmont,ME,44.3617,-69.1950
Sedgwick,ME,44.3037,-68.6161
Shapleigh,ME,43.5406,-70.8481
Sidney,ME,44.4131,-69.7289
Skowhegan,ME,44.7651,-69.7192
South Berwick,ME,43.2345,-70.8095
South Eliot,ME,43.1081,-70.7776
South Paris,ME,44.2237,-70.5134
South Portland,ME,43.6415,-70.2409
South Portland Gardens,ME,43.6390,-70.3153
South Sanford,ME,43.4112,-70.7426
South Thomaston,ME,44.0515,-69.1278
South Windham,ME,43.7362,-70.4237
Springvale,ME,43.4667,-70.7937
Steep Falls,ME,43.7940,-70.6526
Stetson,ME,44.8917,-69.1428
Steuben,ME,44.5110,-67.9666
Stockton Springs,ME,44.4895,-68.8570
Stonington,ME,44.1562,-68.6667
Strong,ME,44.8076,-70.2209
Sullivan,ME,44.5204,-68.1967
Surry,ME,44.4959,-68.5017
Swanville,ME,44.5212,-68.9978
Thomaston,ME,44.0790,-69.1817
Topsham,ME,43.9276,-69.9759
Tremont,ME,44.2537,-68.3514
Trenton,ME,44.4390,-68.3700
Troy,ME,44.6648,-69.2409
Turner,ME,44.2565,-70.2562
Union,ME,44.2115,-69.2742
Van Buren,ME,47.1573,-67.9353
Vassalboro,ME,44.4592,-69.6775
Veazie,ME,44.8387,-68.7053
Vinalhaven,ME,44.0481,-68.8317
Waldoboro,ME,44.0954,-69.3756
Warren,ME,44.1204,-69.2400
Washington,ME,44.2737,-69.3673
Waterboro,ME,43.5356,-70.7151
Waterville,ME,44.5520,-69.6317
Wayne,ME,44.3487,-70.0662
Wells Beach Station,ME,43.3240,-70.5914
West Kennebunk,ME,43.4087,-70.5814
West Paris,ME,44.3242,-70.5739
West Scarborough,ME,43.5704,-70.3878
Westbrook,ME,43.6770,-70.3712
Whitefield,ME,44.1701,-69.6253
Wilton,ME,44.5928,-70.2281
Windsor,ME,44.3106,-69.5806
Winslow,ME,44.5470,-69.6212
Winterport,ME,44.6379,-68.8450
Winthrop,ME,44.3051,-69.9770
Wiscasset,ME,44.0029,-69.6656
Woodstock,ME,44.3749,-70.6085
Woolwich,ME,43.9187,-69.8012
Yarmouth,ME,43.8006,-70.1867
York Beach,ME,43.1715,-70.6089
York Harbor,ME,43.1368,-70.6456
Adrian,MI,41.8976,-84.0372
Albion,MI,42.2431,-84.7530
Algonac,MI,42.6186,-82.5323
Allegan,MI,42.5292,-85.8553
Allen Park,MI,42.2575,-83.2110
Allendale,MI,42.9723,-85.9536
Alma,MI,43.3789,-84.6597
Almont,MI,42.9206,-83.0449
Alpena,MI,45.0617,-83.4327
Ann Arbor,MI,42.2776,-83.7409
Argentine,MI,42.7914,-83.8463
Armada,MI,42.8442,-82.8844
Athens,MI,42.0887,-85.2347
Atlanta,MI,45.0047,-84.1439
Atlantic Mine,MI,47.0971,-88.6276
Au Sable,MI,44.4109,-83.3322
Auburn,MI,43.6034,-84.0697
Auburn Hills,MI,42.6875,-83.2341
Avoca,MI,43.0620,-82.6910
Bad Axe,MI,43.8020,-83.0008
Baldwin,MI,43.9011,-85.8517
Bangor,MI,42.3125,-86.1131
Baraga,MI,46.7785,-88.4890
Barnes Lake-Millers Lake,MI,43.1796,-83.3123
Bath,MI,42.8186,-84.4486
Battle Creek,MI,42.3173,-85.1782
Bay City,MI,43.5945,-83.8889
Bay Harbor,MI,45.3641,-85.0821
Beaverton,MI,43.8822,-84.4847
Beecher,MI,43.0900,-83.6944
Beechwood,MI,42.7970,-86.1259
Belding,MI,43.0978,-85.2289
Bellaire,MI,44.9803,-85.2112
Belleville,MI,42.2048,-83.4852
Bellevue,MI,42.4434,-85.0181
Belmont,MI,43.0756,-85.6092
Benton Harbor,MI,42.1167,-86.4542
Benton Heights,MI,42.1311,-86.4072
Berkley,MI,42.5031,-83.1835
Berrien Springs,MI,41.9464,-86.3389
Bessemer,MI,46.4813,-90.0529
Beulah,MI,44.6319,-86.0909
Beverly Hills,MI,42.5239,-83.2233
Big Rapids,MI,43.6981,-85.4837
Bingham Farms,MI,42.5159,-83.2733
Birch Run,MI,43.2509,-83.7941
Birmingham,MI,42.5467,-83.2113
Blissfield,MI,41.8325,-83.8624
Bloomfield Hills,MI,42.5836,-83.2455
Boyne City,MI,45.2167,-85.0139
Breckenridge,MI,43.4081,-84.4750
Bridgeport,MI,43.3595,-83.8816
Bridgman,MI,41.9431,-86.5570
Brighton,MI,42.5295,-83.7802
Bronson,MI,41.8723,-85.1947
Brooklyn,MI,42.1059,-84.2483
Brown City,MI,43.2122,-82.9897
Brownlee Park,MI,42.3189,-85.1425
Buchanan,MI,41.8273,-86.3611
Buena Vista,MI,43.4203,-83.8986
Burt,MI,43.2367,-83.9064
Burton,MI,42.9995,-83.6163
Byron Center,MI,42.8122,-85.7228
Cadillac,MI,44.2520,-85.4012
Caledonia,MI,42.7892,-85.5167
Canadian Lakes,MI,43.5792,-85.3017
Canton,MI,42.3087,-83.4822
Capac,MI,43.0125,-82.9280
Carleton,MI,42.0592,-83.3908
Caro,MI,43.4907,-83.3988
Carrollton,MI,43.4586,-83.9303
Carson City,MI,43.1770,-84.8464
Cass City,MI,43.6009,-83.1747
Cassopolis,MI,41.9117,-86.0100
Cedar Springs,MI,43.2234,-85.5514
Center Line,MI,42.4850,-83.0277
Centreville,MI,41.9234,-85.5283
Charlevoix,MI,45.3181,-85.2584
Charlotte,MI,42.5637,-84.8358
Cheboygan,MI,45.6470,-84.4745
Chelsea,MI,42.3181,-84.0218
Chesaning,MI,43.1848,-84.1150
Clare,MI,43.8195,-84.7686
Clarkston,MI,42.7359,-83.4188
Clawson,MI,42.5334,-83.1463
Clinton,MI,42.0720,-83.9716
Clinton Township,MI,42.5870,-82.9199
Clio,MI,43.1775,-83.7341
Coldwater,MI,41.9403,-85.0005
Coleman,MI,43.7567,-84.5858
Coloma,MI,42.1861,-86.3084
Colon,MI,41.9584,-85.3250
Comstock Northwest,MI,42.3218,-85.5176
Comstock Park,MI,43.0386,-85.6700
Concord,MI,42.1778,-84.6430
Constantine,MI,41.8412,-85.6686
Coopersville,MI,43.0639,-85.9348
Corunna,MI,42.9820,-84.1178
Croswell,MI,43.2756,-82.6210
Crystal Falls,MI,46.0980,-88.3340
Cutlerville,MI,42.8409,-85.6636
Davison,MI,43.0348,-83.5180
DeWitt,MI,42.8423,-84.5691
Dearborn,MI,42.3223,-83.1763
Dearborn Heights,MI,42.3370,-83.2733
Decatur,MI,42.1081,-85.9745
Detroit,MI,42.3314,-83.0457
Detroit Beach,MI,41.9312,-83.3269
Dexter,MI,42.3383,-83.8895
Dimondale,MI,42.6456,-84.6489
Dollar Bay,MI,47.1197,-88.5115
Douglas,MI,42.6434,-86.2006
Dowagiac,MI,41.9842,-86.1086
Dundee,MI,41.9573,-83.6597
Durand,MI,42.9120,-83.9847
Eagle River,MI,47.4138,-88.2957
East Grand Rapids,MI,42.9411,-85.6100
East Jordan,MI,45.1581,-85.1242
East Lansing,MI,42.7370,-84.4839
East Tawas,MI,44.2795,-83.4903
Eastpointe,MI,42.4684,-82.9555
Eastwood,MI,42.3031,-85.5503
Eaton Rapids,MI,42.5092,-84.6558
Ecorse,MI,42.2445,-83.1458
Edgemont Park,MI,42.7467,-84.5936
Edmore,MI,43.4081,-85.0386
Edwardsburg,MI,41.7956,-86.0808
Elk Rapids,MI,44.8956,-85.4165
Escanaba,MI,45.7452,-87.0646
Essexville,MI,43.6153,-83.8419
Evart,MI,43.9006,-85.2581
Fair Plain,MI,42.0870,-86.4559
Farmington,MI,42.4645,-83.3763
Farmington Hills,MI,42.4853,-83.3772
Fennville,MI,42.5939,-86.1017
Fenton,MI,42.7978,-83.7049
Ferndale,MI,42.4606,-83.1346
Ferrysburg,MI,43.0845,-86.2203
Flat Rock,MI,42.0964,-83.2919
Flint,MI,43.0125,-83.6875
Flushing,MI,43.0631,-83.8511
Forest Hills,MI,42.9595,-85.4898
Fowler,MI,43.0017,-84.7397
Fowlerville,MI,42.6606,-84.0730
Frankenmuth,MI,43.3317,-83.7380
Frankfort,MI,44.6336,-86.2345
Franklin,MI,42.5223,-83.3060
Fraser,MI,42.5392,-82.9494
Freeland,MI,43.5250,-84.1228
Fremont,MI,43.4675,-85.9420
Fruitport,MI,43.1320,-86.1548
Galesburg,MI,42.2886,-85.4181
Garden City,MI,42.3256,-83.3310
Gaylord,MI,45.0275,-84.6748
Gibraltar,MI,42.0950,-83.1897
Gladstone,MI,45.8527,-87.0218
Gladwin,MI,43.9808,-84.4864
Goodrich,MI,42.9170,-83.5063
Grand Blanc,MI,42.9275,-83.6299
Grand Haven,MI,43.0631,-86.2284
Grand Ledge,MI,42.7534,-84.7464
Grand Rapids,MI,42.9634,-85.6681
Grandville,MI,42.9098,-85.7631
Grass Lake,MI,42.2509,-84.2130
Grayling,MI,44.6614,-84.7147
Greenville,MI,43.1775,-85.2528
Greilickville,MI,44.7831,-85.6387
Grosse Ile,MI,42.1292,-83.1444
Grosse Pointe,MI,42.3862,-82.9119
Grosse Pointe Farms,MI,42.4092,-82.8919
Grosse Pointe Park,MI,42.3759,-82.9374
Grosse Pointe Shores,MI,42.4367,-82.8769
Grosse Pointe Woods,MI,42.4436,-82.9069
Gwinn,MI,46.2811,-87.4410
Hamtramck,MI,42.3928,-83.0496
Hancock,MI,47.1269,-88.5810
Harbor Beach,MI,43.8447,-82.6513
Harbor Springs,MI,45.4317,-84.9920
Harper Woods,MI,42.4331,-82.9241
Harrison,MI,44.0192,-84.7995
Harrisville,MI,44.6564,-83.2947
Hart,MI,43.6983,-86.3640
Hartford,MI,42.2067,-86.1667
Harvey,MI,46.4947,-87.3543
Haslett,MI,42.7470,-84.4011
Hastings,MI,42.6459,-85.2908
Hazel Park,MI,42.4625,-83.1041
Hemlock,MI,43.4147,-84.2305
Highland Park,MI,42.4056,-83.0969
Hillsdale,MI,41.9201,-84.6305
Holland,MI,42.7875,-86.1089
Holly,MI,42.7920,-83.6277
Holt,MI,42.6406,-84.5152
Homer,MI,42.1459,-84.8089
Houghton,MI,47.1219,-88.5690
Houghton Lake,MI,44.3147,-84.7648
Howard City,MI,43.3956,-85.4678
Howell,MI,42.6073,-83.9294
Hubbard Lake,MI,44.7597,-83.5444
Hudson,MI,41.8550,-84.3538
Hudsonville,MI,42.8709,-85.8650
Huntington Woods,MI,42.4806,-83.1669
Imlay City,MI,43.0247,-83.0777
Indian River,MI,45.4125,-84.6125
Inkster,MI,42.2942,-83.3099
Ionia,MI,42.9873,-85.0711
Iron Mountain,MI,45.8202,-88.0660
Iron River,MI,46.0927,-88.6423
Ironwood,MI,46.4547,-90.1710
Ishpeming,MI,46.4885,-87.6676
Ithaca,MI,43.2917,-84.6075
Jackson,MI,42.2459,-84.4013
Jenison,MI,42.9072,-85.7920
Jonesville,MI,41.9842,-84.6619
K. I. Sawyer Air Force Base,MI,46.3321,-87.3657
Kalamazoo,MI,42.2917,-85.5872
Kalkaska,MI,44.7342,-85.1759
Keego Harbor,MI,42.6081,-83.3438
Kent City,MI,43.2200,-85.7511
Kentwood,MI,42.8695,-85.6448
Kilmanagh,MI,43.7561,-83.3569
Kingsford,MI,45.7950,-88.0721
Kingsley,MI,44.5847,-85.5359
L'Anse,MI,46.7566,-88.4529
Laingsburg,MI,42.8903,-84.3514
Lake City,MI,44.3353,-85.2151
Lake Fenton,MI,42.8461,-83.7077
Lake Isabella,MI,43.6436,-84.9972
Lake Michigan Beach,MI,42.2209,-86.3695
Lake Odessa,MI,42.7848,-85.1383
Lake Orion,MI,42.7845,-83.2397
Lakeview,MI,42.2984,-85.2111
Lakeview,MI,43.4464,-85.2742
Lakewood Club,MI,43.3711,-86.2603
Lambertville,MI,41.7659,-83.6280
Lansing,MI,42.7325,-84.5555
Lapeer,MI,43.0514,-83.3188
Lathrup Village,MI,42.4964,-83.2227
Laurium,MI,47.2374,-88.4432
Lawton,MI,42.1673,-85.8470
Leland,MI,45.0230,-85.7598
Leslie,MI,42.4514,-84.4325
Level Park-Oak Park,MI,42.3642,-85.2665
Lewiston,MI,44.8839,-84.3056
Lexington,MI,43.2681,-82.5308
Lincoln Park,MI,42.2506,-83.1785
Linden,MI,42.8145,-83.7824
Litchfield,MI,42.0439,-84.7575
Livonia,MI,42.3684,-83.3527
Lowell,MI,42.9336,-85.3420
Ludington,MI,43.9553,-86.4526
Luna Pier,MI,41.8070,-83.4424
Madison Heights,MI,42.4859,-83.1052
Mancelona,MI,44.9022,-85.0609
Manchester,MI,42.1503,-84.0377
Manistee,MI,44.2445,-86.3243
Manistique,MI,45.9577,-86.2463
Manitou Beach-Devils Lake,MI,41.9757,-84.2862
Manton,MI,44.4108,-85.3989
Marcellus,MI,42.0259,-85.8156
Marine City,MI,42.7195,-82.4921
Marlette,MI,43.3270,-83.0802
Marquette,MI,46.5435,-87.3954
Marshall,MI,42.2723,-84.9633
Marysville,MI,42.9125,-82.4869
Mason,MI,42.5792,-84.4436
Mattawan,MI,42.2095,-85.7845
Melvindale,MI,42.2825,-83.1752
Memphis,MI,42.8964,-82.7688
Menominee,MI,45.1078,-87.6143
Michigan Center,MI,42.2331,-84.3272
Middleville,MI,42.7131,-85.4620
Midland,MI,43.6156,-84.2472
Milan,MI,42.0853,-83.6824
Milford,MI,42.5936,-83.5994
Millington,MI,43.2814,-83.5297
Mio,MI,44.6522,-84.1297
Monroe,MI,41.9164,-83.3977
Montague,MI,43.4167,-86.3570
Montrose,MI,43.1767,-83.8927
Morenci,MI,41.7195,-84.2180
Mount Clemens,MI,42.5973,-82.8780
Mount Morris,MI,43.1186,-83.6950
Mount Pleasant,MI,43.5978,-84.7675
Munising,MI,46.4112,-86.6493
Muskegon,MI,43.2342,-86.2484
Muskegon Heights,MI,43.2011,-86.2390
Napoleon,MI,42.1606,-84.2461
Nashville,MI,42.6028,-85.0931
Negaunee,MI,46.4991,-87.6118
New Baltimore,MI,42.6811,-82.7369
New Buffalo,MI,41.7939,-86.7439
New Haven,MI,42.7295,-82.8013
New Haven,MI,43.0936,-84.1533
Newaygo,MI,43.4197,-85.8000
Newberry,MI,46.3550,-85.5096
Niles,MI,41.8298,-86.2542
North Branch,MI,43.2295,-83.1966
North Muskegon,MI,43.2561,-86.2676
Northview,MI,43.0456,-85.6006
Northville,MI,42.4312,-83.4833
Norton Shores,MI,43.1689,-86.2639
Norway,MI,45.7869,-87.9037
Novi,MI,42.4806,-83.4755
Oak Park,MI,42.4595,-83.1827
Okemos,MI,42.7223,-84.4275
Olivet,MI,42.4414,-84.9241
Ontonagon,MI,46.8710,-89.3140
Orchard Lake,MI,42.5831,-83.3594
Ortonville,MI,42.8522,-83.4430
Otsego,MI,42.4606,-85.6964
Ovid,MI,43.0059,-84.3716
Owosso,MI,42.9978,-84.1766
Oxford,MI,42.8248,-83.2647
Parchment,MI,42.3281,-85.5697
Paw Paw,MI,42.2178,-85.8911
Paw Paw Lake,MI,42.2123,-86.2720
Pearl Beach,MI,42.6267,-82.5977
Perry,MI,42.8264,-84.2194
Petersburg,MI,41.9012,-83.7149
Petoskey,MI,45.3733,-84.9553
Pigeon,MI,43.8300,-83.2700
Pinckney,MI,42.4570,-83.9479
Pinconning,MI,43.8536,-83.9650
Plainwell,MI,42.4400,-85.6489
Pleasant Ridge,MI,42.4712,-83.1422
Plymouth,MI,42.3714,-83.4702
Pontiac,MI,42.6389,-83.2910
Port Huron,MI,42.9709,-82.4249
Portage,MI,42.2011,-85.5800
Portland,MI,42.8692,-84.9030
Potterville,MI,42.6292,-84.7389
Prudenville,MI,44.2983,-84.6520
Quincy,MI,41.9442,-84.8838
Quinnesec,MI,45.8064,-87.9885
Rapid City,MI,44.8344,-85.2826
Ravenna,MI,43.1895,-85.9370
Reading,MI,41.8395,-84.7480
Redford,MI,42.3834,-83.2966
Reed City,MI,43.8750,-85.5101
Reese,MI,43.4506,-83.6963
Richmond,MI,42.8092,-82.7558
River Rouge,MI,42.2734,-83.1344
Riverview,MI,42.1742,-83.1794
Rochester,MI,42.6806,-83.1338
Rochester Hills,MI,42.6584,-83.1499
Rockford,MI,43.1200,-85.5600
Rockwood,MI,42.0709,-83.2466
Rogers City,MI,45.4214,-83.8183
Romeo,MI,42.8028,-83.0130
Romulus,MI,42.2223,-83.3966
Roosevelt Park,MI,43.1964,-86.2723
Roscommon,MI,44.4984,-84.5920
Roseville,MI,42.4973,-82.9371
Royal Oak,MI,42.4895,-83.1446
Saginaw,MI,43.4195,-83.9508
Saginaw Township North,MI,43.4600,-84.0067
Saint Charles,MI,43.2970,-84.1405
Saint Clair,MI,42.8209,-82.4860
Saint Clair Shores,MI,42.4970,-82.8888
Saint Helen,MI,44.3636,-84.4103
Saint Ignace,MI,45.8661,-84.7275
Saint Johns,MI,43.0011,-84.5592
Saint Joseph,MI,42.1098,-86.4800
Saint Louis,MI,43.4084,-84.6067
Saline,MI,42.1667,-83.7816
Sand Lake,MI,44.3192,-83.6847
Sandusky,MI,43.4203,-82.8297
Saranac,MI,42.9295,-85.2131
Sault Ste. Marie,MI,46.4953,-84.3453
Schoolcraft,MI,42.1142,-85.6378
Scottville,MI,43.9547,-86.2801
Sebewaing,MI,43.7322,-83.4511
Shelby,MI,42.6709,-83.0330
Shelby,MI,43.6086,-86.3640
Shepherd,MI,43.5245,-84.6947
Shields,MI,43.4153,-84.0564
Shorewood-Tower Hills-Harbert,MI,41.8817,-86.6141
Skidway Lake,MI,44.1833,-84.0353
South Gull Lake,MI,42.3875,-85.3967
South Haven,MI,42.4031,-86.2736
South Lyon,MI,42.4606,-83.6516
South Monroe,MI,41.8959,-83.4177
South Rockwood,MI,42.0639,-83.2610
Southfield,MI,42.4734,-83.2219
Southgate,MI,42.2139,-83.1938
Sparta,MI,43.1609,-85.7100
Spring Arbor,MI,42.2050,-84.5527
Spring Lake,MI,43.0770,-86.1970
Springfield,MI,42.3264,-85.2392
Standish,MI,43.9831,-83.9589
Stanton,MI,43.2925,-85.0814
Sterling Heights,MI,42.5803,-83.0302
Stevensville,MI,42.0145,-86.5195
Stockbridge,MI,42.4511,-84.1805
Stony Point,MI,42.4970,-85.4267
Stony Point,MI,41.9414,-83.2649
Sturgis,MI,41.7992,-85.4192
Swartz Creek,MI,42.9573,-83.8305
Sylvan Lake,MI,42.6114,-83.3286
Tawas City,MI,44.2695,-83.5147
Taylor,MI,42.2409,-83.2696
Tecumseh,MI,42.0039,-83.9449
Temperance,MI,41.7792,-83.5688
Three Oaks,MI,41.7987,-86.6106
Three Rivers,MI,41.9439,-85.6325
Traverse City,MI,44.7631,-85.6206
Trenton,MI,42.1395,-83.1783
Trowbridge Park,MI,46.5566,-87.4374
Troy,MI,42.6056,-83.1499
Twin Lake,MI,43.3628,-86.1648
Union City,MI,42.0667,-85.1361
Utica,MI,42.6261,-83.0335
Vandercook Lake,MI,42.1934,-84.3911
Vassar,MI,43.3720,-83.5833
Vicksburg,MI,42.1200,-85.5328
Wacousta,MI,42.8278,-84.7008
Wakefield,MI,46.4752,-89.9399
Walker,MI,43.0014,-85.7681
Walled Lake,MI,42.5378,-83.4810
Warren,MI,42.4904,-83.0130
Waterford,MI,42.6930,-83.4118
Watervliet,MI,42.1867,-86.2606
Waverly,MI,42.7392,-84.6208
Wayland,MI,42.6739,-85.6447
Wayne,MI,42.2814,-83.3863
Webberville,MI,42.6670,-84.1741
West Bloomfield Township,MI,42.5689,-83.3836
West Branch,MI,44.2764,-84.2386
West Ishpeming,MI,46.4836,-87.7010
West Monroe,MI,41.9139,-83.4316
Westland,MI,42.3242,-83.4002
Westwood,MI,42.3028,-85.6336
White Cloud,MI,43.5503,-85.7720
White Pigeon,MI,41.7981,-85.6433
Whitehall,MI,43.4100,-86.3487
Whitmore Lake,MI,42.4397,-83.7453
Williamston,MI,42.6889,-84.2830
Wixom,MI,42.5248,-83.5363
Wolf Lake,MI,43.2547,-86.1098
Wolverine Lake,MI,42.5567,-83.4738
Woodhaven,MI,42.1389,-83.2416
Woodland Beach,MI,41.9400,-83.3133
Wyandotte,MI,42.2142,-83.1499
Wyoming,MI,42.9134,-85.7053
Yale,MI,43.1300,-82.7983
Ypsilanti,MI,42.2411,-83.6130
Zeeland,MI,42.8125,-86.0186
Zilwaukee,MI,43.4764,-83.9205
Ada,MN,47.2997,-96.5153
Adrian,MN,43.6350,-95.9328
Afton,MN,44.9027,-92.7835
Aitkin,MN,46.5330,-93.7103
Albany,MN,45.6300,-94.5700
Albert Lea,MN,43.6480,-93.3683
Albertville,MN,45.2377,-93.6544
Alexandria,MN,45.8852,-95.3775
Andover,MN,45.2333,-93.2913
Annandale,MN,45.2627,-94.1244
Anoka,MN,45.1977,-93.3872
Apple Valley,MN,44.7319,-93.2177
Appleton,MN,45.1969,-96.0198
Arden Hills,MN,45.0502,-93.1566
Arlington,MN,44.6083,-94.0805
Arnold,MN,46.8802,-92.0905
Atwater,MN,45.1388,-94.7781
Aurora,MN,47.5299,-92.2371
Austin,MN,43.6666,-92.9746
Avon,MN,45.6091,-94.4517
Babbitt,MN,47.7085,-91.9446
Bagley,MN,47.5216,-95.3983
Barnesville,MN,46.6522,-96.4198
Baudette,MN,48.7125,-94.5999
Baxter,MN,46.3433,-94.2867
Bayport,MN,45.0214,-92.7810
Becker,MN,45.3933,-93.8769
Belle Plaine,MN,44.6227,-93.7686
Bemidji,MN,47.4736,-94.8803
Benson,MN,45.3150,-95.6025
Big Lake,MN,45.3325,-93.7461
Birchwood,MN,45.0611,-92.9761
Blaine,MN,45.1608,-93.2349
Blooming Prairie,MN,43.8666,-93.0510
Bloomington,MN,44.8408,-93.2983
Blue Earth,MN,43.6375,-94.1022
Braham,MN,45.7227,-93.1708
Brainerd,MN,46.3580,-94.2008
Breckenridge,MN,46.2636,-96.5881
Breezy Point,MN,46.5900,-94.2198
Brooklyn Center,MN,45.0761,-93.3327
Brooklyn Park,MN,45.0941,-93.3563
Buffalo,MN,45.1719,-93.8747
Burnsville,MN,44.7677,-93.2777
Byron,MN,44.0327,-92.6455
Caledonia,MN,43.6347,-91.4968
Cambridge,MN,45.5727,-93.2244
Canby,MN,44.7088,-96.2764
Cannon Falls,MN,44.5069,-92.9055
Carlton,MN,46.6638,-92.4249
Carver,MN,44.7636,-93.6258
Center City,MN,45.3939,-92.8166
Centerville,MN,45.1630,-93.0558
Champlin,MN,45.1889,-93.3975
Chanhassen,MN,44.8622,-93.5308
Chaska,MN,44.7894,-93.6022
Chatfield,MN,43.8455,-92.1890
Chisago City,MN,45.3736,-92.8899
Chisholm,MN,47.4891,-92.8838
Circle Pines,MN,45.1486,-93.1516
Clara City,MN,44.9550,-95.3664
Clearwater,MN,45.4194,-94.0489
Cloquet,MN,46.7216,-92.4594
Cohasset,MN,47.2636,-93.6202
Cokato,MN,45.0758,-94.1900
Cold Spring,MN,45.4558,-94.4289
Coleraine,MN,47.2888,-93.4277
Collegeville,MN,45.5944,-94.3631
Cologne,MN,44.7716,-93.7814
Columbia Heights,MN,45.0408,-93.2630
Columbus,MN,45.2652,-93.0502
Coon Rapids,MN,45.1200,-93.2877
Corcoran,MN,45.0952,-93.5475
Cottage Grove,MN,44.8277,-92.9438
Cottonwood,MN,44.6088,-95.6742
Crookston,MN,47.7741,-96.6081
Crosby,MN,46.4822,-93.9578
Crosslake,MN,46.6594,-94.1139
Crystal,MN,45.0327,-93.3602
Dassel,MN,45.0816,-94.3069
Dawson,MN,44.9327,-96.0545
Dayton,MN,45.2439,-93.5150
Deephaven,MN,44.9297,-93.5225
Delano,MN,45.0419,-93.7891
Dellwood,MN,45.0900,-92.9724
Detroit Lakes,MN,46.8172,-95.8453
Dilworth,MN,46.8766,-96.7034
Dodge Center,MN,44.0280,-92.8546
Duluth,MN,46.7833,-92.1066
Dundas,MN,44.4294,-93.2019
Eagan,MN,44.8041,-93.1669
Eagle Lake,MN,44.1650,-93.8813
East Bethel,MN,45.3194,-93.2024
East Grand Forks,MN,47.9300,-97.0245
East Gull Lake,MN,46.4080,-94.3558
Eden Prairie,MN,44.8547,-93.4708
Eden Valley,MN,45.3261,-94.5461
Edgerton,MN,43.8725,-96.1286
Edina,MN,44.8897,-93.3500
Elbow Lake,MN,45.9941,-95.9767
Elgin,MN,44.1302,-92.2516
Elk River,MN,45.3038,-93.5672
Elko New Market,MN,44.5647,-93.3269
Ely,MN,47.9032,-91.8671
Esko,MN,46.7058,-92.3632
Eveleth,MN,47.4624,-92.5399
Excelsior,MN,44.9033,-93.5663
Eyota,MN,43.9883,-92.2285
Fairfax,MN,44.5291,-94.7208
Fairmont,MN,43.6522,-94.4611
Falcon Heights,MN,44.9916,-93.1663
Faribault,MN,44.2950,-93.2688
Farmington,MN,44.6402,-93.1436
Fergus Falls,MN,46.2830,-96.0776
Foley,MN,45.6647,-93.9097
Forest Lake,MN,45.2789,-92.9852
Fosston,MN,47.5763,-95.7514
Frazee,MN,46.7280,-95.7009
Fridley,MN,45.0861,-93.2633
Fulda,MN,43.8705,-95.6003
Gaylord,MN,44.5530,-94.2205
Gilbert,MN,47.4888,-92.4649
Glencoe,MN,44.7691,-94.1516
Glenwood,MN,45.6502,-95.3898
Glyndon,MN,46.8752,-96.5790
Golden Valley,MN,45.0097,-93.3491
Goodhue,MN,44.4005,-92.6238
Goodview,MN,44.0625,-91.6957
Grand Marais,MN,47.7505,-90.3343
Grand Meadow,MN,43.7058,-92.5721
Grand Rapids,MN,47.2372,-93.5302
Granite Falls,MN,44.8100,-95.5456
Grant,MN,45.0844,-92.9105
Greenfield,MN,45.1033,-93.6913
Hallock,MN,48.7744,-96.9464
Ham Lake,MN,45.2502,-93.2499
Hanover,MN,45.1558,-93.6663
Harris,MN,45.5864,-92.9747
Hastings,MN,44.7433,-92.8524
Hawley,MN,46.8808,-96.3167
Hayfield,MN,43.8905,-92.8477
Hector,MN,44.7439,-94.7155
Hermantown,MN,46.8069,-92.2382
Hibbing,MN,47.4271,-92.9377
Hinckley,MN,46.0113,-92.9444
Hopkins,MN,44.9250,-93.4627
Howard Lake,MN,45.0608,-94.0733
Hoyt Lakes,MN,47.5196,-92.1385
Hugo,MN,45.1600,-92.9933
Hutchinson,MN,44.8877,-94.3697
Independence,MN,45.0252,-93.7075
International Falls,MN,48.6011,-93.4110
Inver Grove Heights,MN,44.8480,-93.0427
Isanti,MN,45.4902,-93.2477
Ivanhoe,MN,44.4633,-96.2473
Jackson,MN,43.6208,-94.9886
Janesville,MN,44.1161,-93.7080
Jordan,MN,44.6669,-93.6269
Kasson,MN,44.0300,-92.7507
Keewatin,MN,47.3997,-93.0724
Kenyon,MN,44.2722,-92.9855
La Crescent,MN,43.8280,-91.3040
Lake City,MN,44.4497,-92.2682
Lake Crystal,MN,44.1058,-94.2189
Lake Elmo,MN,44.9958,-92.8794
Lake Saint Croix Beach,MN,44.9208,-92.7669
Lake Shore,MN,46.4855,-94.3606
Lakefield,MN,43.6775,-95.1717
Lakeland,MN,44.9564,-92.7658
Lakeville,MN,44.6497,-93.2427
Lauderdale,MN,44.9986,-93.2058
Le Center,MN,44.3894,-93.7302
Le Sueur,MN,44.4614,-93.9152
Lester Prairie,MN,44.8839,-94.0416
Lewiston,MN,43.9844,-91.8693
Lexington,MN,45.1425,-93.1633
Lindstrom,MN,45.3894,-92.8480
Lino Lakes,MN,45.1602,-93.0888
Litchfield,MN,45.1272,-94.5280
Little Canada,MN,45.0269,-93.0877
Little Falls,MN,45.9763,-94.3625
Little Rock,MN,47.8680,-95.1106
Long Lake,MN,44.9866,-93.5716
Long Prairie,MN,45.9747,-94.8656
Longfellow Community,MN,44.9426,-93.2256
Lonsdale,MN,44.4802,-93.4286
Luverne,MN,43.6541,-96.2128
Madelia,MN,44.0508,-94.4183
Madison,MN,45.0097,-96.1959
Madison Lake,MN,44.2044,-93.8155
Mahnomen,MN,47.3152,-95.9686
Mahtomedi,MN,45.0697,-92.9516
Mankato,MN,44.1591,-94.0092
Mantorville,MN,44.0691,-92.7558
Maple Grove,MN,45.0725,-93.4558
Maple Lake,MN,45.2291,-94.0019
Maple Plain,MN,45.0072,-93.6558
Mapleton,MN,43.9288,-93.9561
Maplewood,MN,44.9530,-92.9952
Marshall,MN,44.4469,-95.7883
Mayer,MN,44.8850,-93.8877
Medford,MN,44.1741,-93.2463
Medina,MN,45.0352,-93.5825
Melrose,MN,45.6747,-94.8075
Menahga,MN,46.7538,-95.0981
Mendota Heights,MN,44.8836,-93.1383
Milaca,MN,45.7558,-93.6544
Minneapolis,MN,44.9800,-93.2638
Minneota,MN,44.5588,-95.9856
Minnetonka,MN,44.9133,-93.5033
Minnetonka Mills,MN,44.9411,-93.4419
Minnetrista,MN,44.9383,-93.7177
Montevideo,MN,44.9480,-95.7170
Montgomery,MN,44.4389,-93.5813
Monticello,MN,45.3055,-93.7941
Montrose,MN,45.0650,-93.9111
Moorhead,MN,46.8739,-96.7695
Moose Lake,MN,46.4541,-92.7619
Mora,MN,45.8769,-93.2938
Morris,MN,45.5861,-95.9139
Mound,MN,44.9366,-93.6661
Mounds View,MN,45.1050,-93.2086
Mountain Iron,MN,47.5324,-92.6235
Mountain Lake,MN,43.9389,-94.9297
New Brighton,MN,45.0655,-93.2019
New Hope,MN,45.0380,-93.3866
New London,MN,45.3011,-94.9442
New Prague,MN,44.5433,-93.5761
New Richland,MN,43.8939,-93.4938
New Ulm,MN,44.3125,-94.4605
New York Mills,MN,46.5180,-95.3761
Newport,MN,44.8664,-93.0005
Nicollet,MN,44.2761,-94.1875
Nisswa,MN,46.5205,-94.2886
North Branch,MN,45.5114,-92.9802
North Mankato,MN,44.1733,-94.0339
North Oaks,MN,45.1027,-93.0791
North Saint Paul,MN,45.0125,-92.9919
Northfield,MN,44.4583,-93.1616
Norwood (historical),MN,44.7680,-93.9275
Norwood Young America,MN,44.7736,-93.9216
Nowthen,MN,45.3280,-93.4702
Oak Grove,MN,45.3408,-93.3269
Oak Park Heights,MN,45.0314,-92.7930
Oakdale,MN,44.9630,-92.9649
Oakport,MN,46.9319,-96.7790
Olivia,MN,44.7764,-94.9897
Orono,MN,44.9714,-93.6044
Oronoco,MN,44.1661,-92.5349
Ortonville,MN,45.3047,-96.4448
Osakis,MN,45.8669,-95.1522
Osseo,MN,45.1194,-93.4025
Otsego,MN,45.2741,-93.5914
Owatonna,MN,44.0838,-93.2260
Park Rapids,MN,46.9222,-95.0586
Parkers Prairie,MN,46.1530,-95.3289
Parkville,MN,47.5310,-92.5791
Paynesville,MN,45.3805,-94.7120
Pelican Rapids,MN,46.5708,-96.0831
Pequot Lakes,MN,46.6030,-94.3094
Perham,MN,46.5944,-95.5725
Pierz,MN,45.9816,-94.1047
Pine City,MN,45.8261,-92.9685
Pine Island,MN,44.2013,-92.6463
Pipestone,MN,44.0005,-96.3175
Plainview,MN,44.1650,-92.1716
Plymouth,MN,45.0105,-93.4555
Preston,MN,43.6702,-92.0832
Princeton,MN,45.5700,-93.5816
Prior Lake,MN,44.7133,-93.4227
Proctor,MN,46.7472,-92.2255
Ramsey,MN,45.2611,-93.4500
Red Lake,MN,47.8764,-95.0169
Red Lake Falls,MN,47.8822,-96.2742
Red Wing,MN,44.5625,-92.5338
Redby,MN,47.8786,-94.9130
Redwood Falls,MN,44.5394,-95.1169
Renville,MN,44.7891,-95.2117
Rice,MN,45.7519,-94.2203
Richfield,MN,44.8833,-93.2830
Richmond,MN,45.4541,-94.5183
Robbinsdale,MN,45.0322,-93.3386
Rochester,MN,44.0216,-92.4699
Rock Creek,MN,45.7575,-92.9624
Rockford,MN,45.0883,-93.7344
Rockville,MN,45.4719,-94.3408
Rogers,MN,45.1889,-93.5530
Roseau,MN,48.8461,-95.7628
Rosemount,MN,44.7394,-93.1258
Roseville,MN,45.0061,-93.1566
Royalton,MN,45.8300,-94.2936
Rush City,MN,45.6855,-92.9655
Rushford,MN,43.8083,-91.7529
Saint Anthony,MN,45.0205,-93.2180
Saint Augusta,MN,45.4786,-94.1542
Saint Augusta,MN,45.4583,-94.1980
Saint Bonifacius,MN,44.9055,-93.7475
Saint Charles,MN,43.9694,-92.0643
Saint Cloud,MN,45.5608,-94.1625
Saint Francis,MN,45.3869,-93.3594
Saint James,MN,43.9825,-94.6269
Saint Joseph,MN,45.5650,-94.3183
Saint Louis Park,MN,44.9483,-93.3480
Saint Michael,MN,45.2100,-93.6650
Saint Paul,MN,44.9444,-93.0933
Saint Paul Park,MN,44.8422,-92.9913
Saint Peter,MN,44.3236,-93.9580
Sandstone,MN,46.1311,-92.8674
Sartell,MN,45.6216,-94.2069
Sauk Centre,MN,45.7375,-94.9525
Sauk Rapids,MN,45.5919,-94.1661
Savage,MN,44.7791,-93.3363
Scandia,MN,45.2536,-92.8058
Shafer,MN,45.3869,-92.7477
Shakopee,MN,44.7980,-93.5269
Sherburn,MN,43.6522,-94.7269
Shoreview,MN,45.0791,-93.1472
Shorewood,MN,44.9008,-93.5891
Silver Bay,MN,47.2944,-91.2574
Slayton,MN,43.9877,-95.7558
Sleepy Eye,MN,44.2972,-94.7241
South Saint Paul,MN,44.8927,-93.0349
Spicer,MN,45.2330,-94.9400
Spring Grove,MN,43.5611,-91.6360
Spring Lake Park,MN,45.1077,-93.2380
Spring Park,MN,44.9352,-93.6322
Spring Valley,MN,43.6869,-92.3891
Springfield,MN,44.2388,-94.9758
Stacy,MN,45.3980,-92.9874
Staples,MN,46.3555,-94.7922
Starbuck,MN,45.6144,-95.5311
Stewartville,MN,43.8555,-92.4885
Stillwater,MN,45.0564,-92.8060
Taylors Falls,MN,45.4019,-92.6524
Thief River Falls,MN,48.1191,-96.1812
Tonka Bay,MN,44.9086,-93.5930
Tracy,MN,44.2333,-95.6192
Truman,MN,43.8277,-94.4372
Two Harbors,MN,47.0227,-91.6707
Tyler,MN,44.2783,-96.1347
Vadnais Heights,MN,45.0575,-93.0738
Victoria,MN,44.8586,-93.6616
Vineland,MN,46.1636,-93.7575
Virginia,MN,47.5233,-92.5366
Wabasha,MN,44.3839,-92.0329
Waconia,MN,44.8508,-93.7869
Wadena,MN,46.4425,-95.1361
Waite Park,MN,45.5572,-94.2242
Walker,MN,47.1013,-94.5872
Wanamingo,MN,44.3044,-92.7905
Warren,MN,48.1966,-96.7728
Warroad,MN,48.9053,-95.3144
Waseca,MN,44.0777,-93.5074
Watertown,MN,44.9636,-93.8472
Waterville,MN,44.2189,-93.5680
Waverly,MN,45.0666,-93.9664
Wayzata,MN,44.9741,-93.5066
Wells,MN,43.7461,-93.7288
West Coon Rapids,MN,45.1597,-93.3497
West Saint Paul,MN,44.9161,-93.1016
Wheaton,MN,45.8044,-96.4992
White Bear Lake,MN,45.0847,-93.0099
Willmar,MN,45.1219,-95.0433
Windom,MN,43.8663,-95.1169
Winnebago,MN,43.7677,-94.1658
Winona,MN,44.0500,-91.6393
Winsted,MN,44.9639,-94.0475
Winthrop,MN,44.5430,-94.3664
Woodbury,MN,44.9239,-92.9594
Worthington,MN,43.6200,-95.5964
Wyoming,MN,45.3364,-92.9972
Young America (historical),MN,44.7827,-93.9136
Zimmerman,MN,45.4433,-93.5900
Zumbrota,MN,44.2941,-92.6691
Adrian,MO,38.3975,-94.3516
Advance,MO,37.1046,-89.9095
Affton,MO,38.5506,-90.3332
Albany,MO,39.2233,-94.1133
Albany,MO,40.2486,-94.3311
Alton,MO,36.6942,-91.3993
Anderson,MO,36.6506,-94.4436
Appleton City,MO,38.1906,-94.0294
Archie,MO,38.4817,-94.3544
Arnold,MO,38.4328,-90.3776
Ash Grove,MO,37.3153,-93.5852
Ashland,MO,38.7745,-92.2571
Aurora,MO,36.9709,-93.7180
Ava,MO,36.9520,-92.6604
Ballwin,MO,38.5951,-90.5462
Barnhart,MO,38.3442,-90.3935
Battlefield,MO,37.1156,-93.3702
Bel-Nor,MO,38.7020,-90.3168
Bel-Ridge,MO,38.7095,-90.3254
Belle,MO,38.2859,-91.7204
Bellefontaine Neighbors,MO,38.7403,-90.2265
Benton,MO,37.0978,-89.5626
Berkeley,MO,38.7545,-90.3312
Bernie,MO,36.6689,-89.9687
Bethany,MO,40.2683,-94.0283
Billings,MO,37.0675,-93.5521
Bismarck,MO,37.7692,-90.6248
Black Jack,MO,38.7934,-90.2673
Bloomfield,MO,36.8859,-89.9293
Blue Springs,MO,39.0170,-94.2816
Bolivar,MO,37.6145,-93.4105
Bonne Terre,MO,37.9231,-90.5554
Boonville,MO,38.9736,-92.7432
Bourbon,MO,38.1548,-91.2440
Bowling Green,MO,39.3420,-91.1951
Branson,MO,36.6437,-93.2185
Breckenridge Hills,MO,38.7145,-90.3673
Brentwood,MO,38.6176,-90.3493
Bridgeton,MO,38.7670,-90.4115
Brookfield,MO,39.7845,-93.0735
Buckner,MO,39.1325,-94.1986
Buffalo,MO,37.6439,-93.0924
Butler,MO,38.2586,-94.3305
Byrnes Mill,MO,38.4378,-90.5818
Cabool,MO,37.1239,-92.1013
California,MO,38.6275,-92.5666
Calverton Park,MO,38.7648,-90.3137
Camdenton,MO,38.0081,-92.7446
Cameron,MO,39.7403,-94.2411
Campbell,MO,36.4934,-90.0751
Canton,MO,40.1295,-91.5185
Cape Girardeau,MO,37.3059,-89.5182
Carl Junction,MO,37.1767,-94.5655
Carrollton,MO,39.3584,-93.4958
Carterville,MO,37.1492,-94.4430
Carthage,MO,37.1765,-94.3102
Caruthersville,MO,36.1931,-89.6556
Cassville,MO,36.6770,-93.8688
Castle Point,MO,38.7581,-90.2482
Cedar Hill,MO,38.3534,-90.6412
Centerville,MO,37.4350,-90.9585
Centralia,MO,39.2103,-92.1380
Chaffee,MO,37.1801,-89.6551
Charlack,MO,38.7026,-90.3435
Charleston,MO,36.9209,-89.3506
Chesterfield,MO,38.6631,-90.5771
Chillicothe,MO,39.7953,-93.5524
Clarkson Valley,MO,38.6184,-90.5893
Clarkton,MO,36.4517,-89.9670
Claycomo,MO,39.2025,-94.4925
Clayton,MO,38.6425,-90.3237
Clever,MO,37.0303,-93.4730
Clinton,MO,38.3686,-93.7783
Cole Camp,MO,38.4600,-93.2027
Columbia,MO,38.9517,-92.3341
Concord,MO,38.5245,-90.3573
Concordia,MO,38.9834,-93.5686
Cool Valley,MO,38.7278,-90.3101
Cottleville,MO,38.7462,-90.6540
Country Club Hills,MO,38.7209,-90.2748
Country Club Village,MO,39.8322,-94.8216
Crane,MO,36.9053,-93.5716
Crestwood,MO,38.5570,-90.3818
Creve Coeur,MO,38.6609,-90.4226
Crocker,MO,37.9489,-92.2638
Crystal City,MO,38.2212,-90.3790
Cuba,MO,38.0628,-91.4035
Dardenne Prairie,MO,38.7695,-90.7290
De Soto,MO,38.1395,-90.5551
Dellwood,MO,38.7495,-90.2857
Des Peres,MO,38.6009,-90.4329
Desloge,MO,37.8709,-90.5273
Dexter,MO,36.7959,-89.9579
Dixon,MO,37.9917,-92.0938
Doniphan,MO,36.6209,-90.8235
Duenweg,MO,37.0837,-94.4136
Duquesne,MO,37.0767,-94.4594
East Prairie,MO,36.7798,-89.3856
Edina,MO,40.1675,-92.1727
El Dorado Springs,MO,37.8770,-94.0213
Eldon,MO,38.3484,-92.5816
Ellisville,MO,38.5926,-90.5871
Elsberry,MO,39.1667,-90.7810
Elvins,MO,37.8367,-90.5329
Eminence,MO,37.1506,-91.3576
Esther,MO,37.8503,-90.4987
Eureka,MO,38.5025,-90.6279
Excelsior Springs,MO,39.3392,-94.2261
Fair Grove,MO,37.3839,-93.1513
Farmington,MO,37.7809,-90.4218
Fayette,MO,39.1459,-92.6838
Fenton,MO,38.5131,-90.4360
Ferguson,MO,38.7442,-90.3054
Festus,MO,38.2206,-90.3959
Flat River,MO,37.8501,-90.5168
Florissant,MO,38.7892,-90.3226
Forsyth,MO,36.6851,-93.1199
Fort Leonard Wood,MO,37.7057,-92.1572
Four Seasons,MO,38.1981,-92.7110
Fredericktown,MO,37.5598,-90.2940
Frontenac,MO,38.6356,-90.4151
Fulton,MO,38.8467,-91.9480
Gainesville,MO,36.6031,-92.4282
Galena,MO,36.8053,-93.4666
Gallatin,MO,39.9145,-93.9622
Garden City,MO,38.5611,-94.1913
Gerald,MO,38.3998,-91.3307
Gideon,MO,36.4520,-89.9193
Gladstone,MO,39.2039,-94.5547
Glasgow,MO,39.2272,-92.8466
Glasgow Village,MO,38.7537,-90.1984
Glendale,MO,38.5959,-90.3771
Goodman,MO,36.7417,-94.3991
Gower,MO,39.6108,-94.5994
Grain Valley,MO,39.0150,-94.1986
Granby,MO,36.9192,-94.2552
Grandview,MO,38.8858,-94.5330
Grant City,MO,40.4875,-94.4111
Gray Summit,MO,38.4898,-90.8168
Green Park,MO,38.5237,-90.3384
Greenfield,MO,37.4153,-93.8410
Greenville,MO,37.1273,-90.4501
Greenwood,MO,38.8517,-94.3438
Hallsville,MO,39.1170,-92.2207
Hamilton,MO,39.7436,-93.9983
Hanley Hills,MO,38.6859,-90.3237
Hannibal,MO,39.7084,-91.3585
Harrisonville,MO,38.6533,-94.3488
Hartville,MO,37.2509,-92.5104
Hayti,MO,36.2337,-89.7495
Hazelwood,MO,38.7714,-90.3709
Herculaneum,MO,38.2684,-90.3801
Hermann,MO,38.7042,-91.4374
Hermitage,MO,37.9414,-93.3163
Higginsville,MO,39.0725,-93.7172
High Ridge,MO,38.4589,-90.5365
Hillsboro,MO,38.2323,-90.5629
Hillsdale,MO,38.6834,-90.2840
Holden,MO,38.7142,-93.9913
Hollister,MO,36.6212,-93.2155
Holts Summit,MO,38.6403,-92.1224
Houston,MO,37.3262,-91.9560
Humansville,MO,37.7945,-93.5780
Huntsville,MO,39.4406,-92.5452
Imperial,MO,38.3698,-90.3785
Independence,MO,39.0911,-94.4155
Ironton,MO,37.5973,-90.6273
Jackson,MO,37.3823,-89.6662
Jefferson City,MO,38.5767,-92.1735
Jennings,MO,38.7192,-90.2604
Joplin,MO,37.0842,-94.5133
Kahoka,MO,40.4203,-91.7196
Kansas City,MO,39.0997,-94.5786
Kearney,MO,39.3678,-94.3622
Kennett,MO,36.2362,-90.0556
Keytesville,MO,39.4345,-92.9382
Kimberling City,MO,36.6334,-93.4168
King City,MO,40.0514,-94.5241
Kingston,MO,39.6442,-94.0386
Kirksville,MO,40.1947,-92.5833
Kirkwood,MO,38.5834,-90.4068
Kissee Mills,MO,36.6837,-93.0499
Knob Noster,MO,38.7667,-93.5585
La Monte,MO,38.7742,-93.4252
La Plata,MO,40.0234,-92.4916
LaBarque Creek,MO,38.4170,-90.6799
Ladue,MO,38.6498,-90.3807
Lake Lotawana,MO,38.9231,-94.2441
Lake Ozark,MO,38.1986,-92.6388
Lake Saint Louis,MO,38.7976,-90.7857
Lake Winnebago,MO,38.8314,-94.3586
Lakeshire,MO,38.5387,-90.3351
Lamar,MO,37.4950,-94.2766
Lancaster,MO,40.5209,-92.5280
Lathrop,MO,39.5483,-94.3299
Lawson,MO,39.4383,-94.2041
Leadwood,MO,37.8673,-90.5932
Lebanon,MO,37.6806,-92.6638
Lee's Summit,MO,38.9108,-94.3822
Lemay,MO,38.5334,-90.2793
Lexington,MO,39.1847,-93.8799
Liberty,MO,39.2461,-94.4191
Licking,MO,37.4995,-91.8571
Lilbourn,MO,36.5923,-89.6154
Lincoln,MO,38.3909,-93.3346
Linn,MO,38.4859,-91.8504
Linneus,MO,39.8786,-93.1888
Lone Jack,MO,38.8708,-94.1738
Louisiana,MO,39.4489,-91.0515
Macon,MO,39.7423,-92.4727
Malden,MO,36.5570,-89.9665
Manchester,MO,38.5970,-90.5093
Mansfield,MO,37.1067,-92.5807
Maplewood,MO,38.6125,-90.3246
Marble Hill,MO,37.3059,-89.9704
Marceline,MO,39.7120,-92.9483
Marionville,MO,37.0031,-93.6374
Marlborough,MO,38.5703,-90.3371
Marshall,MO,39.1231,-93.1969
Marshfield,MO,37.3387,-92.9071
Marthasville,MO,38.6284,-91.0576
Maryland Heights,MO,38.7131,-90.4298
Maryville,MO,40.3461,-94.8725
Maysville,MO,39.8892,-94.3619
Mehlville,MO,38.5084,-90.3229
Memphis,MO,40.4578,-92.1713
Merriam Woods,MO,36.7139,-93.1619
Mexico,MO,39.1698,-91.8829
Milan,MO,40.2022,-93.1252
Moberly,MO,39.4184,-92.4382
Moline Acres,MO,38.7470,-90.2401
Monett,MO,36.9290,-93.9277
Monroe City,MO,39.6536,-91.7346
Montgomery City,MO,38.9775,-91.5049
Monticello,MO,40.1184,-91.7121
Moscow Mills,MO,38.9478,-90.9182
Mound City,MO,40.1311,-95.2316
Mount Vernon,MO,37.1037,-93.8185
Mountain Grove,MO,37.1306,-92.2635
Mountain View,MO,36.9953,-91.7038
Murphy,MO,38.4903,-90.4871
Neosho,MO,36.8690,-94.3680
Nevada,MO,37.8392,-94.3547
New Franklin,MO,39.0172,-92.7374
New Haven,MO,38.6084,-91.2190
New London,MO,39.5853,-91.4010
New Madrid,MO,36.5864,-89.5279
Nixa,MO,37.0434,-93.2943
Noel,MO,36.5456,-94.4852
Normandy,MO,38.7209,-90.2973
North Kansas City,MO,39.1300,-94.5622
Northwoods,MO,38.7042,-90.2835
O'Fallon,MO,38.8106,-90.6998
Oak Grove,MO,39.0050,-94.1294
Oakland,MO,38.5764,-90.3857
Oakville,MO,38.4701,-90.3046
Odessa,MO,38.9992,-93.9536
Old Jamestown,MO,38.8349,-90.2851
Olivette,MO,38.6653,-90.3760
Oran,MO,37.0851,-89.6554
Oregon,MO,39.9869,-95.1450
Oronogo,MO,37.1884,-94.4702
Osage Beach,MO,38.1296,-92.6528
Osceola,MO,38.0467,-93.7044
Overland,MO,38.7012,-90.3623
Owensville,MO,38.3456,-91.5015
Ozark,MO,37.0209,-93.2060
Pacific,MO,38.4820,-90.7415
Pagedale,MO,38.6834,-90.3076
Palmyra,MO,39.7942,-91.5232
Paris,MO,39.4809,-92.0013
Park Hills,MO,37.8542,-90.5182
Parkville,MO,39.1950,-94.6822
Peculiar,MO,38.7192,-94.4586
Perryville,MO,37.7242,-89.8612
Pevely,MO,38.2834,-90.3951
Piedmont,MO,37.1545,-90.6957
Pierce City,MO,36.9459,-94.0002
Pine Lawn,MO,38.6959,-90.2751
Pineville,MO,36.5945,-94.3841
Platte City,MO,39.3703,-94.7825
Plattsburg,MO,39.5656,-94.4480
Pleasant Hill,MO,38.7875,-94.2694
Pleasant Valley,MO,39.2164,-94.4841
Poplar Bluff,MO,36.7570,-90.3929
Portageville,MO,36.4253,-89.6995
Potosi,MO,37.9364,-90.7879
Princeton,MO,40.4008,-93.5805
Purdy,MO,36.8173,-93.9208
Raymore,MO,38.8019,-94.4527
Raytown,MO,39.0086,-94.4636
Republic,MO,37.1200,-93.4802
Rich Hill,MO,38.0964,-94.3611
Richland,MO,37.8570,-92.4043
Richmond,MO,39.2786,-93.9769
Richmond Heights,MO,38.6287,-90.3196
Riverside,MO,38.2867,-90.3801
Riverside,MO,39.1775,-94.6130
Riverview,MO,38.2759,-93.0696
Riverview,MO,38.7478,-90.2115
Rock Hill,MO,38.6076,-90.3785
Rock Port,MO,40.4111,-95.5169
Rogersville,MO,37.1170,-93.0557
Rolla,MO,37.9514,-91.7713
Saint Ann,MO,38.7273,-90.3832
Saint Charles,MO,38.7839,-90.4812
Saint Clair,MO,38.3453,-90.9810
Saint George,MO,38.5367,-90.3148
Saint James,MO,37.9973,-91.6143
Saint John,MO,38.7148,-90.3463
Saint Johns,MO,38.7134,-90.3432
Saint Joseph,MO,39.7686,-94.8466
Saint Martins,MO,38.5942,-92.3371
Saint Paul,MO,38.8614,-90.7418
Saint Peters,MO,38.8003,-90.6265
Saint Robert,MO,37.8281,-92.1777
Sainte Genevieve,MO,37.9814,-90.0418
Salem,MO,37.6456,-91.5360
Salisbury,MO,39.4239,-92.8016
Sappington,MO,38.5370,-90.3798
Sarcoxie,MO,37.0692,-94.1166
Savannah,MO,39.9417,-94.8303
Scott City,MO,37.2167,-89.5245
Sedalia,MO,38.7045,-93.2283
Senath,MO,36.1342,-90.1598
Seneca,MO,36.8415,-94.6111
Seymour,MO,37.1464,-92.7688
Shelbina,MO,39.6939,-92.0430
Shelbyville,MO,39.8059,-92.0416
Shell Knob,MO,36.6323,-93.6344
Shrewsbury,MO,38.5903,-90.3368
Sikeston,MO,36.8767,-89.5879
Slater,MO,39.2181,-93.0691
Smithville,MO,39.3869,-94.5811
Spanish Lake,MO,38.7878,-90.2159
Sparta,MO,37.0012,-93.0816
Springfield,MO,37.2153,-93.2982
St. Louis,MO,38.6273,-90.1979
Stanberry,MO,40.2178,-94.5383
Steele,MO,36.0840,-89.8293
Steelville,MO,37.9681,-91.3549
Stockton,MO,37.6989,-93.7960
Stover,MO,38.4409,-92.9919
Strafford,MO,37.2684,-93.1171
Sugar Creek,MO,39.1097,-94.4447
Sullivan,MO,38.2081,-91.1604
Sunset Hills,MO,38.5389,-90.4073
Sweet Springs,MO,38.9636,-93.4149
Taos,MO,38.5064,-92.0710
Tarkio,MO,40.4403,-95.3778
Terre Haute,MO,40.4395,-93.2341
Terre du Lac,MO,37.9117,-90.6254
Thayer,MO,36.5245,-91.5382
Tipton,MO,38.6556,-92.7799
Town and Country,MO,38.6123,-90.4634
Trenton,MO,40.0789,-93.6166
Troy,MO,38.9795,-90.9807
Tuscumbia,MO,38.2331,-92.4585
Union,MO,38.4500,-91.0085
Unionville,MO,40.4770,-93.0033
University City,MO,38.6559,-90.3093
Valley Park,MO,38.5492,-90.4926
Van Buren,MO,36.9956,-91.0146
Vandalia,MO,39.3109,-91.4885
Velda Village,MO,38.6900,-90.2943
Velda Village Hills,MO,38.6906,-90.2873
Versailles,MO,38.4314,-92.8410
Vienna,MO,38.1867,-91.9471
Villa Ridge,MO,38.4725,-90.8868
Vinita Park,MO,38.6900,-90.3426
Wardsville,MO,38.4889,-92.1744
Warrensburg,MO,38.7628,-93.7361
Warrenton,MO,38.8114,-91.1415
Warsaw,MO,38.2431,-93.3819
Warson Woods,MO,38.6073,-90.3834
Washington,MO,38.5581,-91.0121
Waynesville,MO,37.8287,-92.2007
Weatherby Lake,MO,39.2378,-94.6961
Webb City,MO,37.1465,-94.4630
Webster Groves,MO,38.5926,-90.3573
Weldon Spring,MO,38.7134,-90.6893
Wellston,MO,38.6728,-90.2993
Wellsville,MO,39.0720,-91.5702
Wentzville,MO,38.8114,-90.8529
West Plains,MO,36.7281,-91.8524
Weston,MO,39.4111,-94.9016
Whiteman Air Force Base,MO,38.7302,-93.5589
Wildwood,MO,38.5828,-90.6629
Willard,MO,37.3051,-93.4285
Willow Springs,MO,36.9923,-91.9699
Winchester,MO,38.5903,-90.5279
Windsor,MO,38.5322,-93.5221
Winfield,MO,38.9973,-90.7385
Winona,MO,37.0098,-91.3235
Woodson Terrace,MO,38.7251,-90.3585
Wright City,MO,38.8276,-91.0201
Aberdeen,MS,33.8251,-88.5437
Ackerman,MS,33.3101,-89.1728
Amory,MS,33.9843,-88.4881
Arnold Line,MS,31.3352,-89.3734
Ashland,MS,34.8329,-89.1759
Baldwyn,MS,34.5095,-88.6353
Batesville,MS,34.3115,-89.9443
Bay Saint Louis,MS,30.3088,-89.3300
Bay Springs,MS,31.9790,-89.2873
Beechwood,MS,32.3276,-90.8268
Belmont,MS,31.5688,-88.4839
Belmont,MS,34.5098,-88.2092
Belzoni,MS,33.1843,-90.4893
Biloxi,MS,30.3960,-88.8853
Booneville,MS,34.6581,-88.5667
Brandon,MS,32.2732,-89.9859
Brookhaven,MS,31.5791,-90.4407
Brooksville,MS,33.2346,-88.5823
Bruce,MS,33.9921,-89.3490
Bude,MS,31.4629,-90.8501
Byhalia,MS,34.8723,-89.6906
Byram,MS,32.1793,-90.2454
Caledonia,MS,33.6829,-88.3245
Calhoun City,MS,33.8554,-89.3115
Canton,MS,32.6126,-90.0367
Carriere,MS,30.6169,-89.6526
Carrollton,MS,33.5082,-89.9204
Carthage,MS,32.7326,-89.5362
Centreville,MS,31.0896,-91.0684
Charleston,MS,34.0068,-90.0568
Clarksdale,MS,34.2001,-90.5709
Cleary,MS,32.1654,-90.1806
Cleveland,MS,33.7440,-90.7248
Clinton,MS,32.3415,-90.3218
Coldwater,MS,32.7149,-89.2142
Coldwater,MS,34.6918,-89.9773
Collins,MS,31.6454,-89.5554
Collinsville,MS,32.4979,-88.8459
Columbia,MS,31.2518,-89.8376
Columbus,MS,33.4957,-88.4273
Columbus Air Force Base,MS,33.6324,-88.4515
Como,MS,34.5107,-89.9398
Conehatta,MS,32.4513,-89.2853
Corinth,MS,34.9342,-88.5223
Crystal Springs,MS,31.9874,-90.3570
D'Iberville,MS,30.4263,-88.8909
De Kalb,MS,32.7676,-88.6509
De Lisle,MS,30.3794,-89.2645
Decatur,MS,32.4390,-89.1084
Derma,MS,33.8557,-89.2845
Diamondhead,MS,30.3946,-89.3639
Drew,MS,33.8096,-90.5265
Duck Hill,MS,33.6332,-89.7112
Durant,MS,33.0751,-89.8545
Edwards,MS,32.3302,-90.6056
Ellisville,MS,31.6041,-89.1956
Escatawpa,MS,30.4870,-88.5520
Eupora,MS,33.5407,-89.2670
Farmington,MS,34.9301,-88.4523
Fayette,MS,31.7115,-91.0607
Flora,MS,32.5432,-90.3093
Florence,MS,32.1535,-90.1312
Flowood,MS,32.3096,-90.1390
Forest,MS,32.3646,-89.4742
Friars Point,MS,34.3709,-90.6383
Fulton,MS,34.2740,-88.4092
Gautier,MS,30.3858,-88.6117
Glendale,MS,31.3646,-89.3062
Goodman,MS,32.9701,-89.9123
Greenville,MS,33.4090,-91.0598
Greenwood,MS,33.5162,-90.1795
Grenada,MS,33.7690,-89.8084
Gulf Hills,MS,30.4305,-88.8423
Gulf Park Estates,MS,30.3919,-88.7611
Gulfport,MS,30.3674,-89.0928
Guntown,MS,34.4432,-88.6598
Hattiesburg,MS,31.3271,-89.2903
Hazlehurst,MS,31.8604,-90.3959
Helena,MS,30.4946,-88.4959
Hernando,MS,34.8240,-89.9937
Hickory Hills,MS,30.4569,-88.6392
Hide-A-Way Lake,MS,30.5649,-89.6402
Hillsboro,MS,32.4593,-89.5115
Hollandale,MS,33.1690,-90.8540
Holly Springs,MS,31.3157,-89.9779
Holly Springs,MS,34.7676,-89.4487
Horn Lake,MS,34.9554,-90.0348
Houston,MS,33.8984,-88.9992
Hurley,MS,30.6610,-88.4942
Indianola,MS,33.4509,-90.6551
Itta Bena,MS,33.4951,-90.3198
Iuka,MS,34.8118,-88.1900
Jackson,MS,32.2988,-90.1848
Jonestown,MS,34.3195,-90.4557
Kearney Park,MS,32.5890,-90.3154
Kiln,MS,30.4091,-89.4351
Kosciusko,MS,33.0580,-89.5896
Lambert,MS,34.2018,-90.2834
Latimer,MS,30.5346,-88.8667
Laurel,MS,31.6941,-89.1306
Leakesville,MS,31.1557,-88.5578
Leland,MS,33.4054,-90.8976
Lexington,MS,33.1132,-90.0531
Liberty,MS,31.1582,-90.8123
Long Beach,MS,30.3505,-89.1528
Louisville,MS,33.1237,-89.0551
Lucedale,MS,30.9252,-88.5900
Lumberton,MS,31.0013,-89.4523
Lyman,MS,30.4947,-89.1256
Lynchburg,MS,34.9623,-90.0959
Lynchburg,MS,32.4401,-90.5490
Macon,MS,33.1054,-88.5609
Madison,MS,32.4618,-90.1154
Magee,MS,31.8738,-89.7337
Magnolia,MS,31.1432,-90.4587
Mantachie,MS,34.3243,-88.4912
Marion,MS,32.4174,-88.6478
Marks,MS,34.2568,-90.2730
Mayersville,MS,32.9021,-91.0512
McComb,MS,31.2438,-90.4531
Meadville,MS,31.4724,-90.8968
Mendenhall,MS,31.9618,-89.8701
Meridian,MS,32.3643,-88.7037
Meridian Station,MS,32.5505,-88.6185
Metcalfe,MS,33.4540,-91.0073
Mikoma,MS,33.9504,-90.2840
Monticello,MS,31.5538,-90.1073
Moorhead,MS,33.4501,-90.5056
Morgantown,MS,31.5727,-91.3476
Morton,MS,32.3538,-89.6545
Moss Point,MS,30.4116,-88.5345
Mound Bayou,MS,33.8782,-90.7273
Natchez,MS,31.5602,-91.4033
Nellieburg,MS,32.4068,-88.7773
Nettleton,MS,34.0890,-88.6223
New Albany,MS,34.4943,-89.0078
New Augusta,MS,31.2026,-89.0367
New Hope,MS,33.4682,-88.3267
Newton,MS,32.3213,-89.1634
Nicholson,MS,30.4771,-89.6937
North Tunica,MS,34.7009,-90.3782
Ocean Springs,MS,30.4113,-88.8278
Okolona,MS,34.0018,-88.7553
Olive Branch,MS,34.9618,-89.8295
Oxford,MS,34.3665,-89.5192
Pascagoula,MS,30.3658,-88.5561
Pass Christian,MS,30.3158,-89.2475
Pearl,MS,32.2746,-90.1320
Pearl River,MS,32.7835,-89.2278
Pearlington,MS,30.2466,-89.6112
Pelahatchie,MS,32.3129,-89.7984
Petal,MS,31.3466,-89.2601
Philadelphia,MS,32.7715,-89.1167
Picayune,MS,30.5256,-89.6779
Pickens,MS,32.8837,-89.9715
Pittsboro,MS,33.9404,-89.3376
Plantersville,MS,34.2134,-88.6645
Pontotoc,MS,34.2479,-88.9987
Poplarville,MS,30.8402,-89.5342
Port Gibson,MS,31.9610,-90.9840
Prentiss,MS,31.5985,-89.8670
Purvis,MS,31.1432,-89.4098
Quitman,MS,32.0401,-88.7281
Raleigh,MS,32.0335,-89.5223
Rawls Springs,MS,31.3807,-89.3714
Raymond,MS,32.2593,-90.4226
Richland,MS,32.2390,-90.1584
Richton,MS,31.3493,-88.9400
Ridgeland,MS,32.4285,-90.1323
Ripley,MS,34.7298,-88.9506
Rolling Fork,MS,32.9065,-90.8782
Rosedale,MS,33.8534,-91.0279
Ruleville,MS,33.7259,-90.5515
Saint Martin,MS,30.4380,-88.8681
Saltillo,MS,34.3765,-88.6817
Sardis,MS,34.4370,-89.9159
Saucier,MS,30.6358,-89.1350
Senatobia,MS,34.6176,-89.9687
Shannon,MS,34.1162,-88.7117
Sharon,MS,31.7896,-89.0987
Shaw,MS,33.6021,-90.7746
Shelby,MS,33.9509,-90.7679
Southaven,MS,34.9890,-90.0126
Starkville,MS,33.4505,-88.8196
Stonewall,MS,32.1318,-88.7934
Summit,MS,31.2838,-90.4684
Sumrall,MS,31.4174,-89.5423
Sunflower,MS,33.5429,-90.5370
Taylorsville,MS,31.8296,-89.4281
Tchula,MS,33.1829,-90.2229
Terry,MS,32.0963,-90.2943
Tunica,MS,34.6846,-90.3829
Tunica Resorts,MS,34.8361,-90.3472
Tupelo,MS,34.2581,-88.7046
Tutwiler,MS,34.0148,-90.4318
Tylertown,MS,31.1160,-90.1420
Union,MS,32.5715,-89.1214
Vancleave,MS,30.5405,-88.6875
Vardaman,MS,33.8757,-89.1773
Verona,MS,34.1943,-88.7198
Vicksburg,MS,32.3526,-90.8779
Wade,MS,30.6424,-88.5697
Walls,MS,34.9582,-90.1526
Walnut Grove,MS,32.5904,-89.4584
Walthall,MS,33.6073,-89.2773
Water Valley,MS,34.1515,-89.6315
Waveland,MS,30.2869,-89.3762
Waynesboro,MS,31.6749,-88.6462
Wesson,MS,31.7013,-90.3976
West Gulfport,MS,30.4041,-89.0942
West Hattiesburg,MS,31.3191,-89.3751
West Point,MS,33.6076,-88.6503
Wiggins,MS,30.8582,-89.1353
Winona,MS,33.4821,-89.7281
Woodville,MS,31.1046,-91.2996
Yazoo City,MS,32.8551,-90.4056
Absarokee,MT,45.5205,-109.4429
Anaconda,MT,46.1285,-112.9423
Baker,MT,46.3670,-104.2847
Belgrade,MT,45.7760,-111.1769
Big Sky,MT,45.2846,-111.3683
Big Timber,MT,45.8349,-109.9555
Bigfork,MT,48.0633,-114.0726
Billings,MT,45.7833,-108.5007
Bonner-West Riverside,MT,46.8767,-113.8868
Boulder,MT,46.2366,-112.1208
Bozeman,MT,45.6797,-111.0386
Broadus,MT,45.4439,-105.4113
Browning,MT,48.5569,-113.0134
Butte,MT,46.0038,-112.5347
Chester,MT,48.5105,-110.9675
Chinook,MT,48.5900,-109.2313
Choteau,MT,47.8124,-112.1836
Circle,MT,47.4167,-105.5922
Clancy,MT,46.4652,-111.9864
Clinton,MT,46.7691,-113.7126
Colstrip,MT,45.8842,-106.6236
Columbia Falls,MT,48.3725,-114.1815
Columbus,MT,45.6366,-109.2521
Conrad,MT,48.1703,-111.9461
Crow Agency,MT,45.6016,-107.4612
Cut Bank,MT,48.6330,-112.3262
Deer Lodge,MT,46.3958,-112.7300
Dillon,MT,45.2163,-112.6375
East Helena,MT,46.5897,-111.9155
East Missoula,MT,46.8708,-113.9446
Ekalaka,MT,45.8889,-104.5527
Eureka,MT,48.8800,-115.0535
Evergreen,MT,48.2258,-114.2762
Forsyth,MT,46.2664,-106.6778
Fort Belknap Agency,MT,48.4825,-108.7654
Fort Benton,MT,47.8183,-110.6674
Four Corners,MT,45.6600,-111.1850
Frenchtown,MT,47.0149,-114.2298
Glasgow,MT,48.1970,-106.6367
Glendive,MT,47.1053,-104.7125
Great Falls,MT,47.5002,-111.3008
Hamilton,MT,46.2469,-114.1604
Hardin,MT,45.7325,-107.6120
Harlowton,MT,46.4355,-109.8344
Havre,MT,48.5500,-109.6841
Helena,MT,46.5927,-112.0361
Helena Valley Northeast,MT,46.6988,-111.9521
Helena Valley Northwest,MT,46.7289,-112.0627
Helena Valley Southeast,MT,46.6153,-111.9216
Helena Valley West Central,MT,46.6629,-112.0604
Helena West Side,MT,46.5967,-112.1130
Hysham,MT,46.2928,-107.2342
Jordan,MT,47.3208,-106.9101
Kalispell,MT,48.1958,-114.3129
Lakeside,MT,48.0194,-114.2246
Lame Deer,MT,45.6230,-106.6667
Laurel,MT,45.6691,-108.7715
Lewistown,MT,47.0625,-109.4282
Libby,MT,48.3883,-115.5560
Lincoln,MT,46.9549,-112.6817
Livingston,MT,45.6624,-110.5610
Lockwood,MT,45.8191,-108.4149
Lolo,MT,46.7588,-114.0809
Malmstrom Air Force Base,MT,47.5055,-111.1830
Malta,MT,48.3597,-107.8743
Manhattan,MT,45.8566,-111.3325
Miles City,MT,46.4083,-105.8406
Missoula,MT,46.8721,-113.9940
Montana City,MT,46.5377,-111.9328
North Browning,MT,48.5703,-113.0095
Orchard Homes,MT,46.8633,-114.0484
Pablo,MT,47.6002,-114.1190
Philipsburg,MT,46.3321,-113.2942
Plains,MT,47.4602,-114.8829
Plentywood,MT,48.7747,-104.5625
Polson,MT,47.6936,-114.1632
Red Lodge,MT,45.1858,-109.2468
Ronan,MT,47.5288,-114.1015
Roundup,MT,46.4452,-108.5418
Ryegate,MT,46.2972,-109.2588
Scobey,MT,48.7925,-105.4208
Seeley Lake,MT,47.1794,-113.4845
Shelby,MT,48.5053,-111.8570
Sidney,MT,47.7167,-104.1563
Somers,MT,48.0802,-114.2215
South Browning,MT,48.5461,-113.0143
Stanford,MT,47.1536,-110.2183
Stevensville,MT,46.5099,-114.0932
Sun Prairie,MT,47.5369,-111.4814
Superior,MT,47.1916,-114.8918
Terry,MT,46.7931,-105.3122
Thompson Falls,MT,47.5949,-115.3383
Three Forks,MT,45.8924,-111.5522
Townsend,MT,46.3191,-111.5208
Virginia City,MT,45.2938,-111.9461
Warm Springs,MT,46.1813,-112.7848
West Glendive,MT,47.1108,-104.7497
West Yellowstone,MT,44.6621,-111.1041
White Sulphur Springs,MT,46.5483,-110.9022
Whitefish,MT,48.4111,-114.3376
Whitehall,MT,45.8708,-112.0975
Wibaux,MT,46.9850,-104.1883
Winnett,MT,47.0028,-108.3521
Wolf Point,MT,48.0906,-105.6406
Abasolo,MX,24.0590,-98.3743
Abasolo,MX,20.4503,-101.5301
Acacoyagua,MX,15.3425,-92.6758
Acajete,MX,19.1115,-97.9523
Acala,MX,16.5561,-92.8077
Acambay,MX,19.9552,-99.8443
Acamixtla,MX,18.5650,-99.5650
Acanceh,MX,20.8129,-89.4533
Acapetahua,MX,15.2820,-92.6895
Acaponeta,MX,22.4905,-105.3607
Acapulco de Juárez,MX,16.8494,-99.9089
Acatic,MX,20.7809,-102.9106
Acatlán de Juárez,MX,20.4224,-103.5910
Acatlán de Osorio,MX,18.2025,-98.0486
Acatlán de Pérez Figueroa,MX,18.5388,-96.6051
Acatzingo,MX,18.9820,-97.7836
Acayuca,MX,20.0279,-98.8412
Acayucan,MX,17.9498,-94.9139
Acolman de Netzahualcóyotl,MX,19.6398,-98.9078
Actipan de Morelos,MX,18.9600,-97.7990
Actopan,MX,20.2690,-98.9422
Acuitlapilco,MX,19.2733,-98.2354
Acuitzio del Canje,MX,19.4964,-101.3329
Acultzingo,MX,18.7189,-97.3037
Acámbaro,MX,20.0325,-100.7243
Adolfo López Mateos,MX,28.4667,-107.3000
Adolfo López Mateos (El Tamarindo),MX,24.8964,-107.6328
Adolfo Ruiz Cortines,MX,25.7039,-108.7189
Adolfo Ruíz Cortínes,MX,25.7500,-108.7500
Agua Dulce,MX,20.3634,-97.2931
Agua Dulce,MX,18.1391,-94.1453
Agua Prieta,MX,31.3224,-109.5425
Aguascalientes,MX,21.8826,-102.2843
Aguililla,MX,18.7370,-102.7885
Ahome,MX,25.9199,-109.1734
Ahuacatlán,MX,21.0507,-104.4847
Ahualulco de Mercado,MX,20.7014,-103.9746
Ajacuba,MX,20.0925,-99.1224
Ajalpan,MX,18.3791,-97.2587
Ajijic,MX,20.2999,-103.2614
Ajuchitlán,MX,20.7075,-100.0209
Ajuchitlán del Progreso,MX,18.1519,-100.4835
Akil,MX,20.2654,-89.3473
Alborada Jaltenco,MX,19.6619,-99.0689
Aldama,MX,22.9210,-98.0752
Aldama,MX,18.2412,-93.3510
Alfredo V. Bonfil,MX,21.0878,-86.8471
Allende,MX,18.1540,-94.3942
Allende,MX,28.3412,-100.8511
Almecatla,MX,19.1429,-98.2360
Almoloya del Río,MX,19.1605,-99.4874
Alpuyeca,MX,18.7415,-99.2600
Altamira,MX,22.3931,-97.9386
Altamirano,MX,16.8833,-92.1500
Altamirano,MX,16.7337,-92.0388
Altar,MX,30.7163,-111.8380
Altepexi,MX,18.3703,-97.2997
Alto Lucero,MX,20.9536,-97.4419
Altotonga,MX,19.7661,-97.2451
Alvarado,MX,18.7714,-95.7618
Amacuzac,MX,18.5986,-99.3694
Amanalco de Becerra,MX,19.3167,-100.0167
Amatitán,MX,20.8342,-103.7302
Amatlán de los Reyes,MX,18.8466,-96.9159
Amaxac de Guerrero,MX,19.3466,-98.1706
Amayuca,MX,18.7241,-98.7976
Amazcala,MX,20.7001,-100.2626
Amealco de Bonfil,MX,20.1866,-100.1444
Ameca,MX,20.5478,-104.0461
Amecameca,MX,19.1238,-98.7665
Amozoc de Mota,MX,19.0461,-98.0450
Ampliación San Mateo,MX,19.6164,-99.1472
Anacleto Canabal 2da. Sección,MX,17.9756,-93.0242
Anahuac,MX,22.2028,-97.8551
Anenecuilco,MX,18.7791,-98.9861
Angahuan,MX,19.5478,-102.2248
Angamacutiro de la Unión,MX,20.1506,-101.7102
Angostura,MX,25.3655,-108.1611
Antonio Escobedo,MX,20.8000,-104.0167
Antón Lizardo,MX,19.0596,-95.9927
Antúnez,MX,19.0159,-102.2058
Antúnez (Morelos),MX,19.0128,-102.2039
Anáhuac,MX,27.2412,-100.1334
Apan,MX,19.7105,-98.4511
Apaseo el Alto,MX,20.4563,-100.6213
Apaseo el Grande,MX,20.5455,-100.6879
Apatzingán,MX,19.0886,-102.3570
Apaxco de Ocampo,MX,19.9751,-99.1711
Apetatitlán Antonio Carbajal,MX,19.3362,-98.1791
Apizaco,MX,19.4133,-98.1436
Arandas,MX,20.7246,-101.3732
Arandas,MX,20.7055,-102.3451
Arbolada los Sauces,MX,19.8158,-99.0442
Arcelia,MX,18.3177,-100.2820
Arenal,MX,19.3811,-98.9428
Ario de Rayón,MX,20.0263,-102.3470
Ario de Rosales,MX,19.2083,-101.7090
Arriaga,MX,16.2356,-93.8997
Arteaga,MX,25.4453,-100.8467
Arteaga,MX,18.3568,-102.2911
Ascención,MX,31.1000,-107.9833
Ascensión,MX,31.0921,-107.9964
Asunción Ixtaltepec,MX,16.5033,-95.0605
Asunción Nochixtlán,MX,17.4586,-97.2257
Atarasquillo,MX,19.3283,-99.4690
Atemajac de Brizuela,MX,20.1407,-103.7276
Atempan,MX,19.8394,-97.4586
Atencingo,MX,18.5135,-98.6054
Atequiza,MX,20.3952,-103.1388
Atitalaquia,MX,20.0596,-99.2217
Atizapán,MX,19.2500,-99.5500
Atlacomulco de Fabela,MX,19.7992,-99.8750
Atlatlahucan,MX,18.9360,-98.8970
Atlautla,MX,19.0219,-98.7786
Atliaca,MX,17.6517,-99.3748
Atlixco,MX,18.9081,-98.4361
Atoluca,MX,19.8550,-97.3536
Atotonilco de Tula,MX,20.0073,-99.2201
Atotonilco el Alto,MX,20.5508,-102.5082
Atotonilco el Grande,MX,20.2867,-98.6690
Atotonilquillo,MX,20.3920,-103.1236
Atoyac,MX,20.0094,-103.5167
Atoyac de Álvarez,MX,17.2067,-100.4331
Atoyatempan,MX,18.8193,-97.9139
Atzacan,MX,18.9072,-97.0831
Autlán de Navarro,MX,19.7719,-104.3664
Axochiapan,MX,18.5021,-98.7530
Axtla de Terrazas,MX,21.4392,-98.8751
Ayapa,MX,18.2232,-93.1121
Ayapango,MX,19.1269,-98.7999
Ayotlán,MX,20.5294,-102.3278
Ayutla,MX,20.1291,-104.3468
Ayutla de los Libres,MX,16.9646,-99.0976
Azcapotzalco,MX,19.4870,-99.1859
Bacalar,MX,18.6811,-88.3933
Bachajón,MX,17.0396,-92.1899
Bacobampo,MX,26.9824,-109.6535
Bahía de Kino,MX,28.8228,-111.9408
Bajos de Chila,MX,15.9231,-97.1209
Bajos del Ejido,MX,16.9610,-99.9705
Balancán,MX,17.8090,-91.5368
Banderilla,MX,19.5889,-96.9373
Barrio de México,MX,19.2825,-99.8283
Barrio de San Miguel,MX,18.8854,-98.6903
Bellavista,MX,20.4336,-103.6369
Belén,MX,17.7870,-92.6130
Benemérito de las Américas,MX,16.5154,-90.6534
Benito García (El Zorrillo),MX,31.6711,-116.5114
Benito Juarez,MX,19.3984,-99.1577
Benito Juárez,MX,17.8332,-92.5302
Benito Juárez,MX,19.5859,-98.4283
Benito Juárez,MX,22.2026,-97.8401
Benito Juárez,MX,29.7506,-107.9352
Benjamín Hill,MX,30.1691,-111.1138
Bermejillo,MX,25.8885,-103.6214
Berriozábal,MX,16.7994,-93.2722
Boca del Rio,MX,19.1046,-96.1041
Bochil,MX,16.9962,-92.8947
Bosque de Saloya,MX,18.0161,-92.9581
Brisas Barra de Suchiate,MX,14.5359,-92.2241
Brisas de Zicatela,MX,15.8369,-97.0419
Bucerías,MX,20.7582,-105.3362
Buctzotz,MX,21.2023,-88.7941
Buenavista,MX,19.6083,-99.1694
Buenavista Tomatlán,MX,19.2114,-102.5883
Buenavista de Cuéllar,MX,18.4594,-99.4082
Buenos Aires,MX,18.0244,-102.2858
Bécal,MX,20.4418,-90.0278
Cabezas,MX,19.3717,-96.3828
Cabo San Lucas,MX,22.8909,-109.9124
Cacahoatán,MX,14.9920,-92.1642
Cacalchen,MX,20.9836,-89.2269
Cacalomacan,MX,19.2531,-99.7062
Cadereyta,MX,25.5833,-99.9833
Cadereyta Jiménez,MX,25.5905,-100.0010
Cadereyta de Montes,MX,20.6948,-99.8151
Cajititlán,MX,20.4306,-103.3092
Calderitas,MX,18.5556,-88.2552
Calera Chica,MX,18.8583,-99.1819
Calimaya,MX,19.1632,-99.6181
Calixtlahuaca,MX,19.3365,-99.6892
Calkiní,MX,20.3706,-90.0508
Calpulalpan,MX,19.5887,-98.5697
Caltzontzin,MX,19.4289,-102.0064
Calvillo,MX,21.8459,-102.7188
Camalú,MX,30.8436,-116.0623
Campeche,MX,19.8407,-90.5168
Campestre Villas del Álamo,MX,20.1017,-98.7072
Cananea,MX,30.9835,-110.2976
Canatlán,MX,24.5265,-104.7740
Cancún,MX,21.1743,-86.8466
Candelaria,MX,18.1869,-91.0401
Capilla de Guadalupe,MX,20.8272,-102.5914
Capula,MX,19.6737,-101.3924
Capulhuac de Mirafuentes,MX,19.1935,-99.4659
Capulín,MX,20.4780,-103.2695
Capácuaro,MX,19.5465,-102.0524
Carapan,MX,19.8596,-102.0377
Cardonal,MX,20.0606,-99.2319
Carlos A. Carrillo,MX,18.3748,-95.7544
Carmen,MX,25.9366,-100.3636
Casa Blanca,MX,19.0422,-98.1189
Casas Grandes,MX,30.3775,-107.9520
Castaños,MX,26.7893,-101.4321
Catemaco,MX,18.4213,-95.1140
Caucel,MX,21.0159,-89.7068
Cañitas de Felipe Pescador,MX,23.6068,-102.7263
Cedral,MX,23.8210,-100.7253
Celaya,MX,20.5218,-100.8140
Celestún,MX,20.8603,-90.3974
Centro Familiar la Soledad,MX,21.1350,-101.7497
Centro de Readaptación Social,MX,20.5544,-103.1936
Cerano,MX,20.1080,-101.3869
Cerritos,MX,22.4283,-100.2847
Cerro Azul,MX,21.1920,-97.7409
Cerro Gordo,MX,20.5932,-101.1266
Cerro de Ortega,MX,18.7502,-103.7190
Chahuite,MX,16.3000,-94.1833
Chahuites,MX,16.2882,-94.1949
Chalchihuapan,MX,18.9718,-98.3370
Chalco,MX,19.2617,-98.8978
Champotón,MX,19.3424,-90.7227
Chanal,MX,16.7167,-92.4000
Chanal,MX,16.6575,-92.2575
Chapala,MX,20.2925,-103.1896
Chapulco,MX,18.6259,-97.4047
Chapultepec,MX,19.2022,-99.5618
Charcas,MX,23.1294,-101.1135
Charo,MX,19.7477,-101.0461
Chautla,MX,18.9657,-98.1529
Chavinda,MX,20.0067,-102.4599
Chemax,MX,20.6556,-87.9369
Cherán,MX,19.6862,-101.9540
Chetumal,MX,18.5196,-88.3040
Chiapa de Corzo,MX,16.7075,-93.0122
Chiautla,MX,19.5490,-98.8824
Chiautla de Tapia,MX,18.3015,-98.6034
Chichicapa,MX,18.2612,-93.1816
Chichihualco,MX,17.6602,-99.6774
Chichimila,MX,20.6318,-88.2169
Chichén-Itzá,MX,20.6667,-88.5667
Chicoloapan,MX,19.4169,-98.9020
Chicomuselo,MX,15.7417,-92.2858
Chiconcuac,MX,19.5594,-98.8988
Chiconcuac,MX,18.7828,-99.2072
Chicxulub Puerto,MX,21.2962,-89.5987
Chietla,MX,18.5203,-98.5789
Chignahuapan,MX,19.8387,-98.0317
Chihuahua,MX,28.6353,-106.0889
Chilapa de Álvarez,MX,17.5944,-99.1772
Chilchota,MX,19.8474,-102.1179
Chilpancingo,MX,17.5523,-99.5012
Chilón,MX,17.2333,-92.4167
Chilón,MX,17.1060,-92.2730
China,MX,25.6998,-99.2346
Chinameca,MX,18.0220,-94.6795
Chinampa de Gorostiza,MX,21.3596,-97.7348
Chinautla,MX,19.8200,-97.3886
Chiná,MX,19.7691,-90.4951
Chocamán,MX,19.0121,-97.0329
Choix,MX,26.7090,-108.3255
Cholul,MX,21.0429,-89.5579
Cholula,MX,19.0641,-98.3035
Chontalpa,MX,17.6653,-93.4809
Cihuatlán,MX,19.2366,-104.5651
Cintalapa de Figueroa,MX,16.6839,-93.7181
Citlaltépec,MX,21.3291,-97.8786
Ciudad Acuña,MX,29.3232,-100.9522
Ciudad Altamirano,MX,18.3566,-100.6697
Ciudad Apaxtla de Castrejón,MX,18.1301,-99.9316
Ciudad Apodaca,MX,25.7814,-100.1891
Ciudad Ayala,MX,18.7669,-98.9822
Ciudad Benito Juárez,MX,25.6466,-100.0914
Ciudad Camargo,MX,26.3148,-98.8331
Ciudad Cerralvo,MX,26.0860,-99.6165
Ciudad Coahuila,MX,32.1935,-114.9996
Ciudad Coahuila (Kilómetro Cincuenta y Siete),MX,32.1956,-115.0025
Ciudad Constitución,MX,25.0321,-111.6626
Ciudad Cuauhtémoc,MX,22.1844,-97.8347
Ciudad Delicias,MX,28.1901,-105.4701
Ciudad Fernández,MX,21.9404,-100.0115
Ciudad General Escobedo,MX,25.7966,-100.3177
Ciudad General Terán,MX,25.2590,-99.6828
Ciudad Guadalupe Victoria,MX,32.2888,-115.1031
Ciudad Guerrero,MX,28.5493,-107.4840
Ciudad Gustavo Díaz Ordaz,MX,26.2318,-98.5965
Ciudad Guzmán,MX,19.7041,-103.4638
Ciudad Hidalgo,MX,14.6802,-92.1519
Ciudad Hidalgo,MX,19.6896,-100.5550
Ciudad Insurgentes,MX,25.2634,-111.7744
Ciudad Juárez,MX,31.7202,-106.4608
Ciudad Lázaro Cárdenas,MX,17.9626,-102.1989
Ciudad López Mateos,MX,19.5579,-99.2567
Ciudad Madero,MX,22.2475,-97.8367
Ciudad Mante,MX,22.7428,-98.9717
Ciudad Manuel Doblado,MX,20.7278,-101.9530
Ciudad Melchor Múzquiz,MX,27.8793,-101.5161
Ciudad Mendoza,MX,18.8065,-97.1787
Ciudad Miguel Alemán,MX,26.3982,-99.0286
Ciudad Nezahualcoyotl,MX,19.4006,-99.0148
Ciudad Obregón,MX,27.4864,-109.9408
Ciudad Río Bravo,MX,25.9851,-98.0896
Ciudad Sabinas Hidalgo,MX,26.5019,-100.1812
Ciudad Serdán,MX,18.9886,-97.4464
Ciudad Tula,MX,22.9968,-99.7119
Ciudad Valles,MX,21.9963,-99.0109
Ciudad Victoria,MX,23.7406,-99.1436
Ciudad de Allende,MX,25.2812,-100.0193
Ciudad de Armería,MX,18.9369,-103.9648
Ciudad de Chiautla de Tapia,MX,18.3000,-98.6039
Ciudad de Cuetzalan,MX,20.0186,-97.5211
Ciudad de Huajuapan de León,MX,17.8079,-97.7796
Ciudad de Huitzuco,MX,18.3059,-99.3339
Ciudad de Nanacamilpa,MX,19.4934,-98.5366
Ciudad de Tlatlauquitepec,MX,19.8528,-97.4953
Ciudad de Villa de Álvarez,MX,19.2672,-103.7378
Ciudad del Carmen,MX,18.6459,-91.8299
Ciudad del Maíz,MX,22.4019,-99.6047
Ciénega de Flores,MX,25.9545,-100.1662
Coacalco,MX,19.6292,-99.1069
Coacoatzintla,MX,19.6516,-96.9404
Coacotla,MX,17.9358,-94.6642
Coahuayana de Hidalgo,MX,18.7036,-103.6627
Coalcomán de Vázquez Pallares,MX,18.7775,-103.1600
Coatepec,MX,19.1374,-99.4295
Coatepec,MX,19.4523,-96.9615
Coatepec,MX,19.3849,-98.8455
Coatepec Harinas,MX,18.8949,-99.7215
Coatetelco,MX,18.7296,-99.3262
Coatzacoalcos,MX,18.1490,-94.4447
Coatzintla,MX,20.4870,-97.4682
Cocotitlán,MX,19.2334,-98.8660
Cocoyoc,MX,18.8842,-98.9819
Cocula,MX,20.3652,-103.8221
Cofradía,MX,19.4333,-103.5500
Cofradía de Juárez,MX,18.9613,-103.9556
Cojumatlán de Régules,MX,20.1183,-102.8515
Colima,MX,19.2447,-103.7127
Colinas del Roble,MX,20.5042,-103.3983
Colonia Anáhuac,MX,28.4840,-106.7454
Colonia Emiliano Zapata,MX,28.3713,-105.6117
Colonia Rincón Viejo,MX,16.8868,-95.0473
Colonia Santa Bárbara,MX,19.5019,-96.8782
Colonia Venustiano Carranza,MX,32.2302,-115.1675
Colonia del Sol,MX,22.9127,-109.9266
Colorines,MX,19.1783,-100.2182
Colotlán,MX,22.1132,-103.2666
Colón,MX,20.7830,-100.0500
Comala,MX,19.3237,-103.7609
Comalapa,MX,15.6600,-92.1411
Comalcalco,MX,18.2650,-93.2243
Comitán,MX,16.2400,-92.1367
Comoapan,MX,18.4069,-95.1746
Comonfort,MX,20.7201,-100.7612
Compostela,MX,21.2373,-104.9006
Concepción Jolalpan,MX,19.5840,-98.8464
Concepción del Oro,MX,24.6132,-101.4205
Concordia,MX,23.2869,-106.0639
Concordia,MX,25.7803,-103.1159
Conjunto Habitacional Villas del Pedregal,MX,19.6836,-101.3036
Conjunto Urbano la Loma I,MX,19.3264,-99.7319
Conkal,MX,21.0750,-89.5195
Constancia,MX,25.9659,-108.9034
Contla,MX,19.3293,-98.1664
Copainalá,MX,17.0933,-93.2106
Copala,MX,16.6076,-98.9780
Copalillo,MX,18.0330,-99.0417
Copoya,MX,16.7119,-93.1209
Coquimatlán,MX,19.2035,-103.8105
Coronango,MX,19.1209,-98.3059
Cortazar,MX,20.4830,-100.9635
Cosalá,MX,24.4114,-106.6920
Cosamaloapan,MX,18.3676,-95.7986
Coscomatepec de Bravo,MX,19.0727,-97.0469
Cosolapa,MX,18.6007,-96.6836
Cosoleacaque,MX,17.9991,-94.6359
Costa Rica,MX,24.5907,-107.3899
Cotija de la Paz,MX,19.8101,-102.7021
Coxcatlán,MX,18.2671,-97.1508
Coyoacán,MX,19.3467,-99.1617
Coyotepec,MX,19.7772,-99.2130
Coyuca de Benítez,MX,17.0076,-100.0879
Coyuca de Catalán,MX,18.3246,-100.6989
Coyula,MX,20.6614,-103.2285
Coyutla,MX,20.2472,-97.6582
Cozumel,MX,20.5004,-86.9427
Creel,MX,27.7528,-107.6347
Crucecita,MX,15.7689,-96.1350
Cruz Grande,MX,16.7234,-99.1235
Cuacnopalan,MX,18.8176,-97.5112
Cuajinicuilapa,MX,16.4710,-98.4139
Cuanalá,MX,19.1092,-98.3279
Cuapiaxtla,MX,19.2959,-97.7688
Cuapiaxtla de Madero,MX,18.9154,-97.8238
Cuatro Ciénegas de Carranza,MX,26.9854,-102.0639
Cuauhtémoc,MX,22.5450,-98.1514
Cuauhtémoc,MX,19.4451,-99.1461
Cuauhtémoc,MX,28.4063,-106.8667
Cuauhtémoc,MX,19.3289,-103.6020
Cuautepec,MX,20.0356,-98.3098
Cuautitlán,MX,19.6705,-99.1799
Cuautitlán Izcalli,MX,19.6439,-99.2160
Cuautla,MX,18.8130,-98.9551
Cuautlancingo,MX,19.0900,-98.2732
Cuautlapán,MX,18.8775,-97.0229
Cuencamé de Ceniceros,MX,24.8712,-103.6973
Cuernavaca,MX,18.9261,-99.2308
Cuerámaro,MX,20.6259,-101.6717
Cuetzalan,MX,20.0177,-97.5228
Cuichapa,MX,17.9389,-94.2800
Cuilápam de Guerrero,MX,16.9963,-96.7800
Cuitláhuac,MX,18.8143,-96.7228
Cuitzeo (La Estancia),MX,20.3428,-102.7839
Cuitzeo del Porvenir,MX,19.9691,-101.1405
Culiacán,MX,24.8021,-107.3942
Cunduacán,MX,18.0656,-93.1730
Cárdenas,MX,22.0014,-99.6425
Cárdenas,MX,18.0013,-93.3756
Cócorit,MX,27.5765,-109.9592
Córdoba,MX,18.8842,-96.9256
Córdoba (Santa Leticia),MX,18.9086,-96.9789
Degollado,MX,20.4670,-102.1498
Delegación Cuajimalpa de Morelos,MX,19.3692,-99.2909
Delta,MX,32.3545,-115.1964
Doctor Alberto Oviedo Mota,MX,32.2276,-115.1679
Doctor Arroyo,MX,23.6722,-100.1823
Doctor Mora,MX,21.1420,-100.3211
Dolores Hidalgo,MX,21.1561,-100.9325
Domingo Arenas,MX,19.1400,-98.4568
Don Antonio,MX,19.8744,-98.9347
Doxey,MX,20.0909,-99.2424
Duarte,MX,21.0871,-101.5240
Dulce Grande,MX,23.0018,-102.1740
Dzidzantun,MX,21.2490,-89.0421
Dzilam González,MX,21.2811,-88.9298
Dzitbalché,MX,20.3202,-90.0570
Ecatepec de Morelos,MX,19.6049,-99.0606
Ecatzingo de Hidalgo,MX,18.9551,-98.7520
Ejido Benito Juárez,MX,30.1494,-106.8836
Ejido Hermosillo,MX,32.5116,-114.9230
Ejido San Lorenzo Cuauhtenco,MX,19.3014,-99.7503
El Arenal,MX,20.7763,-103.6935
El Bosque,MX,17.0625,-92.7210
El Campanario y Oradel,MX,27.4731,-99.6200
El Castillo,MX,19.5472,-96.8651
El Cerrillo Vista Hermosa,MX,19.3234,-99.5425
El Coacoyul,MX,17.6396,-101.4782
El Colomo,MX,19.0602,-104.2573
El Cóporo,MX,19.2831,-99.8353
El Diez,MX,24.7239,-107.4519
El Espinal,MX,16.4857,-95.0401
El Espinal,MX,16.3686,-94.1045
El Fuerte,MX,26.4169,-108.6182
El Grullo,MX,19.8067,-104.2163
El Higo,MX,21.7671,-98.4519
El Llano,MX,20.0572,-99.3175
El Naranjito,MX,18.0016,-94.6079
El Naranjo,MX,22.5260,-99.3297
El Niño,MX,32.5075,-116.7919
El Oro de Hidalgo,MX,19.8027,-100.1308
El Parral,MX,16.3702,-93.0043
El Pino,MX,19.3514,-98.9483
El Porvenir,MX,20.7538,-105.2420
El Pueblito,MX,20.5401,-100.4409
El Refugio,MX,20.6719,-103.7381
El Rincón Citlaltépetl,MX,19.1556,-97.8944
El Rosario,MX,17.0427,-96.6921
El Rosario,MX,22.9903,-105.8542
El Rosario,MX,24.2556,-107.1828
El Salto,MX,23.7785,-105.3604
El Salto,MX,20.5185,-103.1816
El Salto,MX,20.3333,-104.5000
El Sauz,MX,20.4784,-100.1154
El Sauzal de Rodríguez,MX,31.8949,-116.6932
El Súchil,MX,17.2269,-100.6392
El Tejar,MX,19.0750,-96.1609
El Triunfo,MX,17.9226,-91.1706
El Triunfo,MX,16.2020,-91.8592
Eldorado,MX,24.3244,-107.3672
Emiliano Zapata,MX,19.6545,-98.5438
Emiliano Zapata,MX,18.8410,-99.1837
Emiliano Zapata,MX,17.7406,-91.7664
Emiliano Zapata,MX,19.3436,-98.9747
Emiliano Zapata,MX,25.9103,-100.2806
Emiliano Zapata,MX,30.7542,-116.0031
Emiliano Zapata (Santo Domingo),MX,19.5797,-99.7881
Empalme,MX,27.9617,-110.8141
Empalme Escobedo,MX,20.6717,-100.7489
Encarnación de Díaz,MX,21.5263,-102.2402
Ensenada,MX,31.8715,-116.6007
Escuinapa de Hidalgo,MX,22.8347,-105.7777
Escuintla,MX,15.3194,-92.6583
Escárcega,MX,18.6089,-90.7454
Esperanza,MX,18.8585,-97.3764
Esperanza,MX,27.5805,-109.9312
Espita,MX,21.0106,-88.3067
Esqueda,MX,30.7275,-109.5878
Estación Bamoa,MX,25.7075,-108.3131
Estación Huehuetán,MX,15.0109,-92.4066
Estación Manuel,MX,22.7287,-98.3218
Estación Naranjo,MX,25.8062,-108.4813
Estación Santa Engracia,MX,24.0153,-99.2019
Etchojoa,MX,26.9107,-109.6255
Etzatlán,MX,20.7665,-104.0790
Ex-Hacienda Santa Inés,MX,19.7067,-99.0725
Ex-Rancho San Dimas,MX,19.1739,-99.5653
Ex-hacienda de Xalpa,MX,19.8215,-99.1827
Ezequiel Montes,MX,20.6657,-99.8987
Felipe Carrillo Puerto,MX,19.5775,-88.0453
Felipe Carrillo Puerto,MX,19.1611,-102.7069
Filomeno Mata,MX,20.2000,-97.7039
Fortín de las Flores,MX,18.9081,-97.0000
Fraccionamiento Arboledas San Ramón,MX,19.0942,-96.1567
Fraccionamiento Ciudad Olmeca,MX,18.1506,-94.5525
Fraccionamiento Colinas del Sol,MX,19.3722,-99.7403
Fraccionamiento Galaxia Tarímbaro,MX,19.7617,-101.1944
Fraccionamiento Geovillas los Pinos,MX,19.2172,-96.2264
Fraccionamiento Lomas de Ahuatlán,MX,18.9544,-99.2572
Fraccionamiento Metrópolis II,MX,19.7564,-101.2044
Fraccionamiento Misión del Valle,MX,19.7656,-101.1217
Fraccionamiento Real Palmas,MX,25.9042,-100.1597
Fraccionamiento la Trinidad,MX,19.8292,-99.0828
Fraccionamiento los Ángeles,MX,23.1883,-106.3300
Francisco I. Madero,MX,25.7730,-103.2713
Francisco I. Madero,MX,21.5823,-104.8240
Francisco Javier Mina,MX,27.4614,-110.1085
Fray Bernardino de Sahagún,MX,19.7727,-98.5823
Fresnillo,MX,23.1749,-102.8679
Frontera,MX,18.5433,-92.6453
Frontera,MX,26.9281,-101.4521
Frontera Corozal,MX,16.8147,-90.8835
Fuentes del Valle,MX,19.6325,-99.1386
Gabriel Leyva Solano,MX,25.6616,-108.6366
Galaxia Bonito Jalisco,MX,20.5050,-103.2047
Galaxia la Noria,MX,20.4572,-103.4189
Galeana,MX,24.8253,-100.0760
García,MX,25.8009,-100.5861
General Miguel Alemán,MX,18.8921,-96.7966
General Zuazua,MX,25.8960,-100.1078
General Ángel Flores (La Palma),MX,24.8192,-107.6567
González,MX,22.8276,-98.4271
Grajales,MX,19.2280,-97.8031
Granjas Ampliación Santa Rosa,MX,19.5928,-98.9667
Guachochi,MX,26.8204,-107.0713
Guadalajara,MX,20.6774,-103.3475
Guadalupe,MX,25.6766,-100.2591
Guadalupe,MX,22.7468,-102.5188
Guadalupe Victoria,MX,19.2911,-97.3429
Guadalupe Victoria,MX,24.4468,-104.1234
Guadalupe Victoria,MX,19.5547,-96.9606
Guadalupe y Calvo,MX,26.0939,-106.9639
Guamúchil,MX,25.4587,-108.0773
Guanajuato,MX,21.0186,-101.2591
Guasave,MX,25.5679,-108.4695
Guerrero Negro,MX,27.9600,-114.0559
Guillermo Zúñiga,MX,24.0198,-99.1927
Gustavo Adolfo Madero,MX,19.4939,-99.1107
Gutiérrez Zamora,MX,20.4535,-97.0859
Gómez Palacio,MX,25.5687,-103.4996
Hacienda Blanca,MX,17.1399,-96.7759
Hacienda San Marcos [Fraccionamiento],MX,21.8061,-102.2656
Hacienda Santa Fe,MX,20.5181,-103.3806
Halachó,MX,20.4787,-90.0817
Hecelchakán,MX,20.1766,-90.1343
Hermosillo,MX,29.0887,-110.9668
Heroica Caborca,MX,30.7183,-112.1584
Heroica Ciudad de Ejutla de Crespo,MX,16.5652,-96.7318
Heroica Ciudad de Juchitán de Zaragoza,MX,16.4337,-95.0218
Heroica Ciudad de Tlaxiaco,MX,17.2687,-97.6803
Heroica Guaymas,MX,27.9199,-110.8989
Heroica Matamoros,MX,25.8797,-97.5042
Heroica Villa de San Blas Atempa,MX,16.3261,-95.2271
Heróica Zitácuaro,MX,19.4366,-100.3564
Hidalgo,MX,25.9724,-100.4522
Hidalgo del Parral,MX,26.9299,-105.6662
Higuera de Zaragoza,MX,25.9686,-109.3022
Homun,MX,20.7392,-89.2849
Hopelchén,MX,19.7471,-89.8441
Hualahuises,MX,24.8850,-99.6741
Huamantla,MX,19.3145,-97.9252
Huamuxtitlán,MX,17.8024,-98.5639
Huandacareo,MX,19.9886,-101.2761
Huanímaro,MX,20.3679,-101.4988
Huapinol,MX,17.9229,-92.9109
Huatabampo,MX,26.8265,-109.6421
Huatusco,MX,19.1488,-96.9676
Huauchinango,MX,20.1738,-98.0549
Huautla de Jiménez,MX,18.1315,-96.8409
Huayacocotla,MX,20.5367,-98.4808
Huehuetoca,MX,19.8282,-99.2037
Huehuetán,MX,15.0193,-92.3831
Huejotzingo,MX,19.1589,-98.4082
Huejutla de Reyes,MX,21.1400,-98.4194
Huetamo de Núñez,MX,18.6260,-100.9000
Hueyapán,MX,19.8828,-97.4454
Hueyotlipan,MX,18.8915,-97.8658
Hueytamalco,MX,19.9403,-97.2885
Huichapan,MX,20.3763,-99.6491
Huilango,MX,19.6806,-99.2564
Huimanguillo,MX,17.8350,-93.3890
Huitel,MX,20.1648,-99.2736
Huitzila,MX,19.8120,-98.9558
Huixcolotla,MX,18.9207,-97.7717
Huixquilucan,MX,19.3599,-99.3502
Huixquilucan de Degollado,MX,19.3603,-99.3498
Huixtla,MX,15.1392,-92.4634
Hunucmá,MX,21.0164,-89.8772
Héctor Caballero,MX,25.6356,-100.1267
Ignacio Zaragoza,MX,19.2923,-97.9212
Iguala de la Independencia,MX,18.3448,-99.5377
Imuris,MX,30.7895,-110.8460
Indaparapeo,MX,19.7897,-100.9685
Independencia,MX,18.8772,-99.1224
Irapuato,MX,20.6710,-101.3558
Irámuco,MX,19.9621,-100.9238
Isla,MX,18.0278,-95.5295
Isla Aguada,MX,18.7868,-91.4901
Isla Mujeres,MX,21.2311,-86.7310
Isla Soyaltepec,MX,18.2011,-96.4832
Isla del Bosque,MX,22.7331,-105.8456
Ixhuatlán del Café,MX,19.0512,-96.9839
Ixhuatlán del Sureste,MX,18.0214,-94.3886
Ixmiquilpan,MX,20.4840,-99.2185
Ixtaczoquitlán,MX,18.8536,-97.0623
Ixtapa,MX,16.8031,-92.9053
Ixtapa,MX,20.7160,-105.2051
Ixtapa,MX,17.6678,-101.6416
Ixtapa-Zihuatanejo,MX,17.6434,-101.5521
Ixtapaluca,MX,19.3156,-98.8828
Ixtapan de la Sal,MX,18.8437,-99.6767
Ixtenco,MX,19.2515,-97.8941
Ixtepec,MX,16.5605,-95.1038
Ixtlahuaca de Rayón,MX,19.5689,-99.7669
Ixtlahuacán de los Membrillos,MX,20.3487,-103.1921
Ixtlahuacán del Río,MX,20.8639,-103.2392
Ixtlán del Río,MX,21.0351,-104.3688
Izamal,MX,20.9332,-89.0189
Iztacalco,MX,19.3953,-99.0978
Iztapalapa,MX,19.3553,-99.0622
Izúcar de Matamoros,MX,18.6016,-98.4615
Jacarandas,MX,19.4956,-96.8528
Jacona de Plancarte,MX,19.9563,-102.3056
Jala,MX,21.1048,-104.4380
Jalacingo,MX,19.8033,-97.3083
Jalapilla,MX,18.8255,-97.0888
Jalostotitlán,MX,21.1681,-102.4610
Jalpa,MX,21.6324,-102.9791
Jalpa de Méndez,MX,18.1768,-93.0638
Jalpan de Serra,MX,21.2174,-99.4718
Jaltenango de la Paz,MX,15.8726,-92.7247
Jaltenco,MX,19.7530,-99.0939
Jaltepec,MX,20.1152,-98.4183
Jaltepec,MX,19.7296,-98.6346
Jaltocán,MX,21.1335,-98.5385
Jamay,MX,20.2948,-102.7094
Jaral del Progreso,MX,20.3721,-101.0642
Jardines de la Silla,MX,25.6294,-100.1878
Jaumave,MX,23.4064,-99.3762
Javier Rojo Gómez,MX,20.0697,-98.4178
Jerez de García Salinas,MX,22.6497,-102.9898
Jerécuaro,MX,20.1511,-100.5105
Jesús Gómez Portugal,MX,21.9988,-102.2909
Jesús Gómez Portugal (Margaritas),MX,21.9992,-102.2914
Jesús María,MX,21.9611,-102.3433
Jesús María,MX,20.6074,-102.2197
Jesús María Garza,MX,16.3967,-93.2937
Jesús del Monte,MX,19.3750,-99.2944
Jicaltepec Autopan,MX,19.3717,-99.6408
Jilotepec de Molina Enríquez,MX,19.9519,-99.5328
Jilotzingo,MX,19.8689,-99.0619
Jiquilpan de Juárez,MX,19.9917,-102.7184
Jiquipilas,MX,16.6681,-93.6467
Jiutepec,MX,18.8814,-99.1778
Jocotepec,MX,20.2857,-103.4291
Jocotitlán,MX,19.7099,-99.7887
Jojutla,MX,18.6147,-99.1803
Jolalpan,MX,18.3250,-98.8449
Jonacatepec de Leandro Valle,MX,18.6807,-98.8036
Jonuta,MX,18.0898,-92.1381
Jorge Jiménez Cantú,MX,19.3097,-98.8467
José Cardel,MX,19.3681,-96.3695
José María Morelos,MX,19.7489,-88.7087
Juan Aldama,MX,24.2907,-103.3934
Juan Aldama,MX,28.8378,-105.9123
Juan Díaz Covarrubias,MX,18.1596,-95.1868
Juan José Ríos,MX,25.7571,-108.8242
Juan Morales,MX,18.8114,-98.9219
Juan Rodríguez Clara,MX,17.9928,-95.4010
Juanacatlán,MX,20.5087,-103.1676
Juchipila,MX,21.4109,-103.1169
Juchitepec,MX,19.1006,-98.8788
Jungapeo de Juárez,MX,19.4586,-100.4945
Juriquilla,MX,20.7114,-100.4570
Juventino Rosas,MX,20.6435,-100.9952
Juárez,MX,17.6075,-93.1925
Jáltipan de Morelos,MX,17.9654,-94.7140
Kanasín,MX,20.9349,-89.5582
Kantunilkín,MX,21.1018,-87.4864
Kilómetro 30,MX,16.9978,-99.7800
Kinchil,MX,20.9135,-89.9502
La Alameda,MX,20.4953,-103.2483
La Aldea,MX,20.9019,-101.4789
La Aldea,MX,19.7431,-101.1350
La Barca,MX,20.2899,-102.5420
La Cabecera,MX,19.3561,-99.7481
La Candelaria Tlapala,MX,19.2404,-98.8477
La Cañada,MX,20.6064,-100.3311
La Concepción de los Baños,MX,19.6825,-99.8610
La Concordia,MX,16.1180,-92.6909
La Constitución Toltepec,MX,19.3486,-99.5492
La Cruz,MX,23.9213,-106.8925
La Curva,MX,17.8682,-92.4883
La Ermita,MX,21.1519,-101.7331
La Estancia,MX,20.4216,-100.0682
La Huacana,MX,18.9622,-101.8079
La Huerta,MX,19.4844,-104.6424
La Isla,MX,18.6000,-96.1500
La Joya,MX,18.6667,-99.4667
La Joya,MX,32.4436,-117.0037
La Joya,MX,18.8905,-99.1249
La Junta,MX,28.4792,-107.3297
La Lima,MX,17.9106,-92.9339
La Lira,MX,20.4762,-100.1628
La Llave,MX,20.4663,-99.9937
La Magdalena Chichicaspa,MX,19.4124,-99.3256
La Magdalena Tetela Morelos,MX,19.0492,-97.9413
La Magdalena Tlaltelulco,MX,19.2829,-98.1961
La Mira,MX,18.0366,-102.3259
La Negreta,MX,20.5274,-100.4511
La Orilla,MX,17.9958,-102.2269
La Pastoría,MX,19.5431,-98.9111
La Paz,MX,24.1423,-110.3132
La Peñita de Jaltemba,MX,21.0383,-105.2502
La Piedad de Cabadas,MX,20.3411,-102.0225
La Pila,MX,22.0343,-100.8679
La Pradera,MX,20.6589,-100.3422
La Providencia Siglo XXI,MX,20.0642,-98.7172
La Reforma,MX,25.0819,-108.0563
La Resolana,MX,19.6039,-104.4342
La Resurrección,MX,19.1028,-98.1301
La Ribera,MX,20.3478,-102.2795
La Selva,MX,18.0233,-92.9631
La Tijera,MX,20.5817,-103.4406
La Trinitaria,MX,16.1189,-92.0519
La Valla,MX,20.4965,-100.0282
La Venta,MX,18.0980,-94.0452
La Venta del Astillero,MX,20.7265,-103.5463
Lagos de Moreno,MX,21.3588,-101.9331
Lampazos de Naranjo,MX,27.0255,-100.5042
Las Amapolas,MX,19.1519,-96.1978
Las Choapas,MX,17.9118,-94.0965
Las Delicias,MX,32.4089,-116.9436
Las Guacamayas,MX,18.0191,-102.2101
Las Jarretaderas,MX,20.6925,-105.2739
Las Juntas,MX,20.7003,-105.2433
Las Margaritas,MX,16.3128,-91.9822
Las Palmas,MX,22.9367,-109.9424
Las Pintitas,MX,20.5644,-103.3022
Las Rosas,MX,16.3655,-92.3706
Las Varas,MX,21.1797,-105.1363
Las Veredas,MX,23.1503,-109.7061
Las Vigas de Ramírez,MX,19.6372,-97.0982
Leona Vicario,MX,20.9897,-87.2022
Lerdo,MX,25.5361,-103.5249
Lerdo de Tejada,MX,18.6294,-95.5197
Lerma,MX,19.8040,-90.6009
Lerma de Villada,MX,19.2888,-99.5116
León de los Aldama,MX,21.1218,-101.6825
Libres,MX,19.4657,-97.6874
Licenciado Benito Juárez,MX,24.6567,-107.5450
Linares,MX,24.8580,-99.5677
Loma Bonita,MX,18.1077,-95.8805
Loma la Paz,MX,25.7111,-100.1347
Lomas Verdes,MX,19.5045,-96.8890
Lomas de Altavista,MX,19.3614,-98.9447
Lomas de Barrillas,MX,18.1481,-94.5264
Lomas de San Agustín,MX,20.5275,-103.4678
Lomas de Santa Anita,MX,32.5428,-116.6514
Lomas del Sur,MX,20.4925,-103.4175
Lombardía,MX,19.1581,-102.0511
Loreto,MX,26.0122,-111.3489
Loreto,MX,22.2719,-101.9860
Los Arcos,MX,18.8872,-99.0242
Los Mochis,MX,25.7910,-108.9982
Los Olivos,MX,20.4392,-103.2378
Los Reyes Acaquilpan,MX,19.3636,-98.9771
Los Reyes de Juárez,MX,18.9492,-97.8038
Los Reyes de Salgado,MX,19.5885,-102.4733
Los Ruiseñores,MX,20.7108,-103.6914
Los Tuzos,MX,20.0539,-98.7564
Los Zacatones,MX,22.9614,-102.0556
Luis Gil Pérez,MX,17.8757,-93.0716
Luis Moya,MX,22.4324,-102.2486
Lázaro Cárdenas,MX,28.3903,-105.6240
Lázaro Cárdenas,MX,30.5266,-115.9314
Maclovio Rojas,MX,32.4731,-116.8028
Macultepec,MX,18.1433,-92.8596
Macuspana,MX,17.7605,-92.5954
Madera,MX,29.1927,-108.1433
Magdalena,MX,20.9069,-103.9769
Magdalena Contreras,MX,19.3321,-99.2112
Magdalena Cuayucatepec,MX,18.5497,-97.4847
Magdalena de Kino,MX,30.6268,-110.9615
Malinalco,MX,18.9485,-99.4962
Maltrata,MX,18.8109,-97.2754
Manlio Fabio Altamirano,MX,19.0942,-96.3335
Manuel Ojinaga,MX,29.5644,-104.4164
Manzanillo,MX,19.1169,-104.3421
Mapastepec,MX,15.4336,-92.9004
Mapimí,MX,25.8336,-103.8483
Maravatío de Ocampo,MX,19.8919,-100.4419
Marfil,MX,20.9975,-101.2855
Marquelia,MX,16.5833,-98.8169
Marte R. Gómez (Tobarito),MX,27.3678,-109.8858
Martínez de la Torre,MX,20.0708,-97.0608
Mascota,MX,20.5254,-104.7852
Matamoros,MX,25.5270,-103.2285
Matehuala,MX,23.6482,-100.6433
Matías Romero Avendaño,MX,16.8774,-95.0382
Maxcanú,MX,20.5857,-90.0020
Mazamitla,MX,19.9160,-103.0199
Mazatecochco,MX,19.1787,-98.1868
Mazatlán,MX,17.4360,-99.4644
Mazatlán,MX,23.2216,-106.4189
Mazatán,MX,14.8631,-92.4494
Mecatlán,MX,20.2105,-97.6820
Mecayapan,MX,18.2200,-94.8379
Medellín y Madero Segunda Sección,MX,18.1135,-92.8540
Medina,MX,21.1497,-101.6225
Melchor Ocampo,MX,19.7019,-99.1449
Metepec,MX,19.2593,-99.6017
Mexicali,MX,32.6278,-115.4545
Mexicaltzingo,MX,19.2113,-99.5847
Mexicanos,MX,20.5297,-101.0715
Mexico City,MX,19.4285,-99.1277
Mezcala,MX,20.3357,-103.0179
Mezcales,MX,20.7304,-105.2830
Miacatlán,MX,18.7653,-99.3590
Miahuatlán,MX,18.5498,-97.4395
Miahuatlán,MX,18.2916,-97.2879
Miahuatlán de Porfirio Díaz,MX,16.3290,-96.5961
Miguel Ahumada,MX,30.6186,-106.5122
Miguel Alemán (La Doce),MX,28.8403,-111.4775
Miguel Auza,MX,24.2945,-103.4511
Miguel Hidalgo,MX,18.2548,-93.3059
Miguel Hidalgo,MX,19.4341,-99.2002
Milpa Alta,MX,19.1925,-99.0232
Minas de Barroterán,MX,27.6524,-101.2836
Minatitlán,MX,18.0001,-94.5569
Mineral del Monte,MX,20.1390,-98.6747
Miraflores,MX,19.2221,-98.8074
Miramar,MX,22.3609,-97.9000
Misantla,MX,19.9299,-96.8519
Misión San Pablo,MX,25.7400,-100.1442
Misión de Chichimecas,MX,21.2898,-100.4922
Mitras Poniente,MX,25.7758,-100.4258
Mixquiahuala de Juárez,MX,20.2300,-99.2143
Mochicahui,MX,25.9513,-108.9297
Mochitlán,MX,17.4721,-99.3701
Mocorito,MX,25.4815,-107.9213
Monclova,MX,26.9069,-101.4206
Monte Blanco,MX,18.9663,-97.0168
Monte Kristal,MX,25.6261,-100.1569
Montecillo,MX,19.4571,-98.9083
Montemorelos,MX,25.1890,-99.8293
Monterrey,MX,25.6843,-100.3172
Moralillo,MX,22.2259,-97.9125
Morelia,MX,19.7008,-101.1844
Morelos,MX,28.4068,-100.8885
Morelos,MX,22.8622,-102.6097
Morelos,MX,19.6489,-101.2389
Moroleón,MX,20.1303,-101.1908
Motozintla,MX,15.3661,-92.2467
Motul,MX,21.0957,-89.2833
Moyotzingo,MX,19.2481,-98.4049
Muna,MX,20.4883,-89.7144
Mundo Nuevo,MX,18.0876,-94.3888
Mérida,MX,20.9670,-89.6232
Nacajuca,MX,18.1696,-93.0184
Naco,MX,31.3264,-109.9460
Nacozari Viejo,MX,30.4000,-109.6500
Nacozari de García,MX,30.3746,-109.6880
Nahuatzen,MX,19.6543,-101.9170
Nanchital de Lázaro Cárdenas del Río,MX,18.0712,-94.4076
Naolinco de Victoria,MX,19.6547,-96.8732
Naranjos,MX,21.3509,-97.6866
Naucalpan de Juárez,MX,19.4785,-99.2396
Nava,MX,28.4207,-100.7656
Navojoa,MX,27.0706,-109.4434
Navolato,MX,24.7668,-107.6977
Nazareno,MX,25.3987,-103.4196
Nealtican,MX,19.0499,-98.4272
Necaxa,MX,20.2127,-98.0119
Nicolás Romero,MX,19.6418,-99.3068
Nieves,MX,23.9946,-103.0200
Nochistlán de Mejía,MX,21.3636,-102.8475
Nogales,MX,18.8278,-97.1631
Nogales,MX,31.3086,-110.9422
Nombre de Dios,MX,23.8489,-104.2471
Nopalucán,MX,19.2184,-97.8227
Nueva Italia de Ruiz,MX,19.0247,-102.0931
Nueva Palestina,MX,16.8172,-91.2600
Nueva Rosita,MX,27.9371,-101.2175
Nueva Villa de Padilla,MX,24.0482,-98.9006
Nuevo Casas Grandes,MX,30.4155,-107.9117
Nuevo Ideal,MX,24.8882,-105.0746
Nuevo Laredo,MX,27.4763,-99.5164
Nuevo México,MX,20.7565,-103.4430
Nuevo Necaxa,MX,20.2105,-98.0066
Nuevo Progreso,MX,26.0538,-97.9515
Nuevo San Juan Parangaricutiro,MX,19.4175,-102.1306
Nunkiní,MX,20.4010,-90.1488
Oaxaca,MX,17.0602,-96.7254
Oaxtepec,MX,18.9091,-98.9716
Ocampo,MX,22.8458,-99.3357
Ocampo,MX,21.6476,-101.4792
Ocosingo,MX,16.9063,-92.0935
Ocotito,MX,17.2468,-99.5137
Ocotlán,MX,20.3512,-102.7683
Ocotlán de Morelos,MX,16.7918,-96.6750
Ocoyoacac,MX,19.2713,-99.4579
Ocozocoautla de Espinosa,MX,16.7612,-93.3743
Ojinaga,MX,29.5669,-104.5449
Ojo de Agua,MX,19.6803,-99.0100
Ojocaliente,MX,21.8770,-102.6753
Ojuelos de Jalisco,MX,21.8637,-101.5934
Olinalá,MX,17.7784,-98.7394
Oluta,MX,17.9297,-94.8966
Ometepec,MX,16.6861,-98.4047
Opopeo,MX,19.4122,-101.6068
Oriental,MX,19.3761,-97.6205
Orizaba,MX,18.8519,-97.0996
Oteapan,MX,18.0017,-94.6662
Otumba,MX,19.6999,-98.7564
Oxchuc,MX,16.7866,-92.3444
Oxkutzkab,MX,20.3073,-89.4181
Ozumba de Alzate,MX,19.0369,-98.7952
Pabellón de Arteaga,MX,22.1475,-102.2790
Pachuca de Soto,MX,20.1170,-98.7333
Pachuquilla,MX,20.0725,-98.6966
Pajacuarán,MX,20.1167,-102.5643
Pajapan,MX,18.2627,-94.6917
Palaú,MX,27.8924,-101.4235
Palenque,MX,17.5091,-91.9813
Palmarito Tochapan,MX,18.9014,-97.6383
Palmira,MX,18.8828,-97.1114
Palo Alto,MX,21.9171,-101.9628
Panabá,MX,21.2965,-88.2702
Panindícuaro,MX,19.9843,-101.7612
Panotla,MX,19.3162,-98.2701
Pantelhó,MX,17.0052,-92.4706
Papalotla,MX,19.1686,-98.2039
Papantla de Olarte,MX,20.4465,-97.3249
Paracho de Verduzco,MX,19.6476,-102.0477
Paraiso,MX,18.4012,-93.2141
Paredón,MX,16.0508,-93.8667
Parque Industrial Ciudad Mitras,MX,25.7886,-100.4478
Parque Urbano Napateco,MX,20.1428,-98.3408
Parras de la Fuente,MX,25.4418,-102.1781
Parrilla,MX,17.9130,-92.9175
Parrilla II,MX,17.8770,-92.9247
Paseos de Itzincab,MX,20.9164,-89.6982
Paseos de San Juan,MX,19.7819,-99.0175
Paso de Ovejas,MX,19.2845,-96.4404
Paso del Macho,MX,18.9710,-96.7242
Paso del Toro,MX,19.0313,-96.1358
Pastor Ortiz,MX,20.3026,-101.5970
Pedernales,MX,19.1408,-101.4698
Pedro Amaro,MX,18.5964,-99.1731
Pedro Escobedo,MX,20.5023,-100.1447
Pedro Meoqui,MX,28.2685,-105.4805
Pemex,MX,17.8830,-92.4795
Peribán de Ramos,MX,19.5203,-102.4153
Pericos,MX,25.0809,-107.6997
Perote,MX,19.5623,-97.2424
Pesqueira,MX,29.3797,-110.8961
Pesquería,MX,25.7856,-100.0514
Petalcingo,MX,17.2272,-92.4151
Petaquillas,MX,17.4859,-99.4561
Petatlán,MX,17.5382,-101.2692
Peto,MX,20.1261,-88.9230
Peñuela,MX,18.8642,-96.8945
Peñón Blanco,MX,24.7920,-104.0342
Pichucalco,MX,17.5100,-93.1159
Piedras Negras,MX,18.7694,-96.1732
Piedras Negras,MX,28.7001,-100.5235
Pihuamo,MX,19.2499,-103.3828
Pijijiapan,MX,15.6862,-93.2094
Pilcaya,MX,18.7472,-99.6749
Pinos,MX,22.2988,-101.5748
Pinotepa Nacional,MX,16.3401,-98.0530
Pinotepa de Don Luis,MX,16.4276,-97.9767
Piste,MX,20.6997,-88.5889
Pitiquito,MX,30.6766,-112.0545
Plan de Ayala,MX,20.5475,-97.4748
Plan de Ayala,MX,21.0713,-101.7232
Platón Sánchez,MX,21.2718,-98.3746
Playa Vicente,MX,17.8311,-95.8119
Playa del Carmen,MX,20.6274,-87.0799
Playas del Rosario,MX,17.8529,-92.9324
Pocitos,MX,21.9217,-102.3347
Pomoca,MX,18.0497,-92.9306
Pomuch,MX,20.1375,-90.1744
Ponciano Arriaga,MX,22.2622,-98.5897
Poncitlán,MX,20.3811,-102.9240
Poza Rica de Hidalgo,MX,20.5331,-97.4595
Pozo de Gamboa,MX,22.9486,-102.5709
Presas,MX,20.1600,-99.2532
Primero de Mayo,MX,22.2278,-97.8205
Profesor Carlos Hank González,MX,19.3722,-98.9389
Progreso,MX,21.2822,-89.6629
Progreso,MX,32.5817,-115.5843
Progreso,MX,18.8801,-99.1526
Progreso Industrial,MX,19.6364,-99.3569
Progreso de Obregón,MX,20.2488,-99.1897
Puebla,MX,19.0478,-98.2072
Puebla,MX,32.5665,-115.3539
Pueblo Nuevo,MX,17.1600,-92.8990
Pueblo Nuevo,MX,23.3836,-105.3708
Pueblo Yaqui,MX,27.3551,-110.0340
Puente Grande,MX,20.5683,-103.1563
Puente de Ixtla,MX,18.6147,-99.3181
Puerto Aventuras,MX,20.5008,-87.2265
Puerto Escondido,MX,15.8628,-97.0683
Puerto Escondido (Tepeolulco Puerto Escondido),MX,19.5519,-99.0981
Puerto Madero,MX,14.7208,-92.4215
Puerto Palomas de Villa,MX,31.7778,-107.6351
Puerto Peñasco,MX,31.3172,-113.5380
Puerto San Carlos,MX,24.7887,-112.1050
Puerto Vallarta,MX,20.6170,-105.2302
Puruarán,MX,19.0975,-101.5220
Puruándiro,MX,20.0888,-101.5156
Purépero de Echáiz,MX,19.9103,-102.0069
Purísima de Bustos,MX,21.0297,-101.8778
Putla Villa de Guerrero,MX,17.0262,-97.9284
Pánuco,MX,22.0538,-98.1819
Pátzcuaro,MX,19.5132,-101.6099
Pénjamo,MX,20.4313,-101.7240
Pórticos de San Antonio,MX,32.4425,-117.0342
Pótam,MX,27.6258,-110.4177
Quecholac,MX,18.9547,-97.6586
Quechultenango,MX,17.4147,-99.2419
Queréndaro,MX,19.8101,-100.8851
Quesería,MX,19.3861,-103.5739
Quilá,MX,24.4227,-107.2214
Quinta del Cedro,MX,32.4375,-117.0658
Quinto Barrio (Ejido Cahuacán),MX,19.6222,-99.4181
Quintín Arauz,MX,18.3672,-93.2142
Quiroga,MX,19.6648,-101.5232
Rafael Delgado,MX,18.8101,-97.0717
Ramos Arizpe,MX,25.5393,-100.9474
Rancho Alegre [Fraccionamiento],MX,20.4736,-103.2578
Raudales Malpaso,MX,17.1883,-93.6058
Rayón,MX,21.8433,-99.6426
Rayón,MX,17.2011,-93.0108
Real del Sol,MX,25.9383,-100.1811
Real del Valle (El Paraíso) [Fraccionamiento],MX,20.5456,-103.3697
Reforma,MX,17.8590,-93.1538
Revolución Mexicana,MX,16.1716,-93.0767
Reyes Acozac,MX,19.7755,-98.9808
Reynosa,MX,26.0800,-98.2846
Rinconada,MX,19.3565,-96.5680
Rincón Chamula,MX,17.2081,-92.9390
Rincón de Nicolás Romero (Cedros Tercera Manzana),MX,19.4136,-100.2975
Rincón de Romos,MX,22.2292,-102.3225
Rincón de Tamayo,MX,20.4235,-100.7555
Rioverde,MX,21.9311,-99.9949
Rodolfo Sánchez Taboada,MX,31.7229,-116.5720
Romita,MX,20.8721,-101.5170
Rosarito,MX,32.3604,-117.0464
Ruiz,MX,21.9505,-105.1449
Río Blanco,MX,18.8304,-97.1560
Río Frío de Juárez,MX,19.3534,-98.6706
Río Grande,MX,16.0111,-97.4356
Río Grande,MX,23.8273,-103.0341
Río Viejo Primera Sección,MX,17.9391,-92.9802
Río de Teapa,MX,17.7747,-92.9022
Sabancuy,MX,18.9708,-91.1787
Sabinas,MX,27.8559,-101.1174
Sahuayo de Morelos,MX,20.0570,-102.7164
Sain Alto,MX,23.5799,-103.2477
Salamanca,MX,20.5698,-101.1977
Saldarriaga,MX,20.6285,-100.2913
Salina Cruz,MX,16.1754,-95.1942
Salinas Victoria,MX,25.9642,-100.2917
Salinas de Hidalgo,MX,22.6279,-101.7142
Salitrillo,MX,19.8294,-99.2159
Saltillo,MX,25.4260,-100.9796
Salto de Agua,MX,17.5544,-92.3403
Salvatierra,MX,20.2161,-100.8821
San Agustin de las Juntas,MX,17.0121,-96.7118
San Agustín Tlaxco,MX,19.0563,-97.9916
San Agustín Tlaxiaca,MX,20.1168,-98.8855
San Andrés Ahuashuatepec,MX,19.3783,-98.1065
San Andrés Azumiatla,MX,18.9042,-98.2528
San Andrés Calpan,MX,19.1036,-98.4619
San Andrés Cholula,MX,19.0514,-98.2953
San Andrés Cuexcontitlán,MX,19.3589,-99.6215
San Andrés Ixtlán,MX,19.8204,-103.4703
San Andrés Mixquic,MX,19.2251,-98.9641
San Andrés Ocotlán,MX,19.1930,-99.5861
San Andrés Tuxtla,MX,18.4487,-95.2133
San Antonino Castillo Velasco,MX,16.8014,-96.6826
San Antonio Acahualco,MX,19.2740,-99.7717
San Antonio Buenavista,MX,19.2608,-99.7119
San Antonio Mihuacán,MX,19.1533,-98.3047
San Antonio Tecómitl,MX,19.2178,-98.9881
San Antonio de la Cal,MX,17.0292,-96.7009
San Antonio del Coyote,MX,25.6968,-103.2844
San Antonio la Isla,MX,19.1644,-99.5669
San Bartolo,MX,19.6553,-98.9022
San Bartolo,MX,19.8329,-99.1927
San Bartolo Cuautlalpan,MX,19.8151,-99.0104
San Bartolo Oxtotitlán,MX,19.6190,-99.6135
San Bartolo Tlaxihuicalco,MX,19.7309,-99.1597
San Bartolo de Berrios,MX,21.6121,-101.0675
San Bartolomé Atlatlahuca,MX,19.0696,-99.6098
San Bartolomé Coatepec,MX,19.3978,-99.3121
San Bartolomé Tlaltelulco,MX,19.2274,-99.6296
San Benito Xaltocan,MX,19.4059,-98.1668
San Bernardino,MX,19.4767,-98.8963
San Bernardino Tlaxcalancingo,MX,19.0287,-98.2770
San Blas,MX,26.0818,-108.7609
San Blas,MX,21.5408,-105.2880
San Buenaventura,MX,19.2660,-99.6733
San Buenaventura,MX,27.0619,-101.5489
San Buenaventura,MX,29.8435,-107.4608
San Buenaventura,MX,19.3025,-98.8631
San Ciro de Acosta,MX,21.6507,-99.8192
San Cristóbal Nexquipayac,MX,19.5801,-98.9305
San Cristóbal de las Casas,MX,16.7301,-92.6382
San Damián Texoloc,MX,19.2783,-98.2854
San Diego de Alejandría,MX,20.9931,-101.9932
San Diego de la Unión,MX,21.4679,-100.8730
San Dionisio Ocotepec,MX,16.7969,-96.3958
San Esteban Tizatlán,MX,19.3391,-98.2137
San Felipe,MX,31.0253,-114.8417
San Felipe,MX,21.4788,-101.2158
San Felipe Jalapa de Díaz,MX,18.0712,-96.5356
San Felipe Orizatlán,MX,21.1711,-98.6078
San Felipe Tlalmimilolpan,MX,19.2393,-99.6422
San Fernando,MX,24.8471,-98.1488
San Fernando,MX,16.8713,-93.2070
San Francisco,MX,19.9385,-98.9823
San Francisco Acuautla,MX,19.3456,-98.8603
San Francisco Chimalpa,MX,19.4428,-99.3440
San Francisco Ixhuatan,MX,16.3511,-94.4840
San Francisco Ocotlán,MX,19.1341,-98.2835
San Francisco Pujiltic,MX,16.2792,-92.4532
San Francisco Tecoxpa,MX,19.1917,-99.0064
San Francisco Telixtlahuaca,MX,17.2963,-96.9048
San Francisco Tepeolulco,MX,19.8329,-99.9883
San Francisco Tetlanohcan,MX,19.2602,-98.1637
San Francisco Tlalcilalcalpan,MX,19.2947,-99.7677
San Francisco de Asís,MX,20.5969,-102.5636
San Francisco de los Romo,MX,22.0721,-102.2722
San Francisco del Rincón,MX,21.0189,-101.8584
San Gabriel Chilac,MX,18.3260,-97.3470
San Gabriel Tetzoyocán,MX,18.7573,-97.7032
San Gaspar Tlahuelilpan,MX,19.2429,-99.5457
San Gaspar Tonatico,MX,18.8067,-99.6692
San Gregorio Cuautzingo,MX,19.2596,-98.8574
San Hipólito,MX,18.9407,-97.8732
San Ignacio Cerro Gordo,MX,20.7432,-102.5366
San Ignacio Río Muerto,MX,27.4161,-110.2447
San Isidro,MX,19.3397,-98.9506
San Isidro Buen Suceso,MX,19.1549,-98.1049
San Jacinto Amilpas,MX,17.1019,-96.7623
San Jeronimito,MX,17.5671,-101.3448
San Jerónimo Amanalco,MX,19.5179,-98.7567
San Jerónimo Coyula,MX,18.8944,-98.5171
San Jerónimo Cuatro Vientos,MX,19.2931,-98.8417
San Jerónimo de Juárez,MX,17.1366,-100.4692
San Joaquín Coapango,MX,19.5404,-98.8274
San Jorge Pueblo Nuevo,MX,19.2542,-99.6278
San Jose de Lourdes,MX,23.2765,-103.0097
San José Agua Azul,MX,20.4857,-100.6564
San José Guadalupe Otzacatipan,MX,19.3447,-99.5919
San José Iturbide,MX,21.0002,-100.3858
San José Ixtapa (Barrio Viejo),MX,17.7022,-101.6194
San José Teacalco,MX,19.3356,-98.0645
San José Temascatío,MX,20.6918,-101.2603
San José Tetel,MX,19.4331,-98.1595
San José Xicohténcatl,MX,19.3544,-97.8308
San José de Gracia,MX,20.6747,-102.5699
San José de Gracia,MX,19.9896,-103.0215
San José de los Olvera,MX,20.5526,-100.4151
San José del Cabo,MX,23.0541,-109.7037
San José del Castillo,MX,20.5117,-103.2369
San José del Valle,MX,20.7638,-105.2281
San José el Alto,MX,20.6534,-100.3822
San José el Vidrio,MX,19.6533,-99.3842
San Juan Bautista Valle Nacional,MX,17.7754,-96.3039
San Juan Cancuc,MX,16.8928,-92.3697
San Juan Coajomulco,MX,19.7531,-99.9686
San Juan Colorado,MX,16.4607,-97.9543
San Juan Cosalá,MX,20.2876,-103.3411
San Juan Huactzinco,MX,19.2334,-98.2526
San Juan Ixtayopan,MX,19.2319,-98.9987
San Juan Tehuixtitlán,MX,19.0543,-98.7672
San Juan Tepa,MX,20.2158,-99.0655
San Juan Tepulco,MX,19.1171,-97.9885
San Juan Tilapa,MX,19.2202,-99.6601
San Juan Tuxco,MX,19.2594,-98.4517
San Juan Xiutetelco,MX,19.7956,-97.3258
San Juan Zitlaltepec,MX,19.8121,-99.1453
San Juan de Abajo,MX,20.8150,-105.1930
San Juan de la Vega,MX,20.6242,-100.7609
San Juan de las Huertas,MX,19.2476,-99.7583
San Juan de los Lagos,MX,21.2489,-102.3304
San Juan del Río,MX,20.3890,-99.9964
San Juan y San Pedro Tezompa,MX,19.2068,-98.9607
San Juanito,MX,27.9721,-107.6011
San Juanito de Escobedo,MX,20.7982,-104.0016
San Julián,MX,21.0103,-102.1797
San Lorenzo Axocomanitla,MX,19.2239,-98.2486
San Lorenzo Cacaotepec,MX,17.1277,-96.8024
San Lorenzo Chiautzingo,MX,19.2043,-98.4675
San Lorenzo Oyamel,MX,19.4336,-99.5776
San Lorenzo Tlacotepec,MX,19.8125,-99.9122
San Lorenzo Tlalmimilolpan,MX,19.6673,-98.8722
San Lucas Ojitlán,MX,18.0577,-96.3983
San Lucas el Grande,MX,19.3058,-98.4783
San Luis,MX,28.4333,-113.7500
San Luis,MX,32.4317,-116.9536
San Luis Acatlán,MX,16.8088,-98.7338
San Luis Apizaquito,MX,19.4252,-98.1171
San Luis Potosí,MX,22.1523,-100.9714
San Luis Río Colorado,MX,32.4555,-114.7704
San Luis Tecuhautitlán,MX,19.7674,-98.8887
San Luis de La Loma,MX,17.2700,-100.8937
San Luis de la Paz,MX,21.2984,-100.5148
San Marcos,MX,20.0304,-99.3356
San Marcos,MX,16.7955,-99.3887
San Marcos Huixtoco,MX,19.2967,-98.8637
San Marcos Tlacoyalco,MX,18.6739,-97.6035
San Marcos Yachihuacaltepec,MX,19.3232,-99.6791
San Marcos de León,MX,19.4226,-96.9642
San Martin Texmelucan de Labastida,MX,19.2843,-98.4389
San Martín Azcatepec,MX,19.6867,-98.9728
San Martín Caltenco,MX,18.8849,-97.8189
San Martín Cuautlalpan,MX,19.2762,-98.8317
San Martín Hidalgo,MX,20.4354,-103.9288
San Martín de las Pirámides,MX,19.7058,-98.8355
San Mateo Atarasquíllo,MX,19.3230,-99.4616
San Mateo Atenco,MX,19.2676,-99.5321
San Mateo Huitzilzingo,MX,19.2291,-98.9250
San Mateo Ixtacalco,MX,19.6992,-99.1716
San Mateo Otzacatipan,MX,19.3327,-99.6034
San Mateo Xoloc,MX,19.7065,-99.2482
San Mateo del Mar,MX,16.2111,-94.9818
San Matias Tlalancaleca,MX,19.3254,-98.4986
San Matías Cuijingo,MX,19.0849,-98.8531
San Miguel Ajusco,MX,19.2220,-99.2024
San Miguel Ameyalco,MX,19.3068,-99.4588
San Miguel Canoa,MX,19.1519,-98.1031
San Miguel Coatlinchán,MX,19.4500,-98.8727
San Miguel Contla,MX,19.3611,-98.1325
San Miguel Cuyutlán,MX,20.4174,-103.3894
San Miguel Octopan,MX,20.5743,-100.7479
San Miguel Panixtlahuaca,MX,16.2601,-97.3771
San Miguel Tenochtitlán,MX,19.7603,-99.9225
San Miguel Tlaixpan,MX,19.5096,-98.8108
San Miguel Topilejo,MX,19.2026,-99.1419
San Miguel Totocuitlapilco,MX,19.2289,-99.5942
San Miguel Totoltepec,MX,19.3240,-99.5778
San Miguel Vindho,MX,19.9900,-99.3261
San Miguel Xoxtla,MX,19.1676,-98.3076
San Miguel Zapotitlán,MX,25.9476,-109.0474
San Miguel de Allende,MX,20.9153,-100.7439
San Miguel el Alto,MX,21.0305,-102.4023
San Nicolás,MX,20.4778,-99.9398
San Nicolás Galeana,MX,18.6387,-99.2122
San Nicolás Guadalupe,MX,19.6141,-100.0308
San Nicolás Tolentino,MX,19.3589,-99.5717
San Nicolás de los Agustinos,MX,20.2464,-100.9660
San Nicolás de los Garza,MX,25.7417,-100.3022
San Nicolás de los Ranchos,MX,19.0714,-98.4860
San Pablo Atlazalpan,MX,19.2174,-98.9076
San Pablo Autopan,MX,19.3564,-99.6572
San Pablo Huitzo,MX,17.2774,-96.8853
San Pablo Huixtepec,MX,16.8215,-96.7815
San Pablo Oztotepec,MX,19.1865,-99.0736
San Pablo Tecalco,MX,19.6731,-98.9584
San Pablo Villa de Mitla,MX,16.9217,-96.3629
San Pablo de las Salinas,MX,19.6666,-99.0948
San Patricio,MX,19.2253,-104.7045
San Pedro,MX,25.7560,-102.9839
San Pedro,MX,25.4333,-103.2167
San Pedro Abajo,MX,19.4809,-99.5670
San Pedro Apatlaco,MX,18.7931,-98.9597
San Pedro Arriba,MX,19.4864,-99.5625
San Pedro Atocpan,MX,19.2016,-99.0496
San Pedro Buenavista,MX,16.0833,-93.1167
San Pedro Cahro,MX,20.1155,-102.6533
San Pedro Chochula,MX,19.2636,-99.4859
San Pedro Cholula,MX,19.2644,-99.4864
San Pedro Garza García,MX,25.6616,-100.4034
San Pedro Itzicán,MX,20.3172,-102.9541
San Pedro Los Baños,MX,19.6254,-99.8217
San Pedro Mártir,MX,20.6179,-100.4704
San Pedro Piedra Gorda,MX,22.4500,-102.3456
San Pedro Pochutla,MX,15.7455,-96.4657
San Pedro Tapanatepec,MX,16.3711,-94.1931
San Pedro Tlaltizapan,MX,19.1997,-99.4996
San Pedro Tlanixco,MX,19.0626,-99.6524
San Pedro Totoltepec,MX,19.3111,-99.5720
San Pedro Tultepec,MX,19.2651,-99.5093
San Pedro Zictepec,MX,19.0366,-99.5777
San Pedro de los Baños,MX,19.6687,-99.8353
San Rafael,MX,20.1886,-96.8674
San Rafael,MX,19.2096,-98.7564
San Rafael Tlanalapan,MX,19.2917,-98.4681
San Roque,MX,20.5990,-101.3413
San Salvador Atenco,MX,19.5517,-98.9187
San Salvador Cuauhtenco,MX,19.1928,-99.0898
San Salvador El Seco,MX,19.1333,-97.6417
San Salvador Tizatlalli,MX,19.2603,-99.5908
San Sebastián,MX,19.7843,-99.0556
San Sebastián Xolalpa,MX,19.6765,-98.8453
San Sebastián de Aparicio,MX,19.1033,-98.1608
San Vicente,MX,20.7489,-105.2501
San Vicente Tancuayalab,MX,21.7189,-98.5877
Sanctorum,MX,19.0992,-98.2542
Santa Ana,MX,30.5412,-111.1188
Santa Ana Chiautempan,MX,19.3066,-98.1877
Santa Ana Hueytlalpan,MX,20.1710,-98.3104
Santa Ana Ixtlahuatzingo (Santa Ana),MX,18.9706,-99.6236
Santa Ana Jilotzingo,MX,19.4562,-99.4884
Santa Ana Maya,MX,20.0074,-101.0208
Santa Ana Nextlalpan,MX,19.7417,-99.0750
Santa Ana Nopalucan,MX,19.2981,-98.3332
Santa Ana Pacueco,MX,20.3472,-102.0158
Santa Ana Tlachiahualpa,MX,19.7687,-98.9089
Santa Ana Tlacotenco,MX,19.1757,-98.9979
Santa Ana Xalmimilulco,MX,19.2129,-98.3821
Santa Anita,MX,20.5500,-103.4435
Santa Anita Huiloac,MX,19.3884,-98.1436
Santa Bárbara,MX,26.8026,-105.8196
Santa Catarina,MX,19.6366,-98.9265
Santa Catarina,MX,25.6732,-100.4581
Santa Catarina Ayometla,MX,19.1983,-98.2136
Santa Catarina Ayotzingo,MX,19.2095,-98.9299
Santa Catarina Juquila,MX,16.2382,-97.2916
Santa Catarina Yecahuizotl,MX,19.3120,-98.9646
Santa Catarina del Monte,MX,19.4840,-98.7724
Santa Clara de Valladares,MX,19.6385,-102.4912
Santa Clara del Cobre,MX,19.4066,-101.6399
Santa Cruz Amilpas,MX,17.0583,-96.6833
Santa Cruz Atizapán,MX,19.1769,-99.4885
Santa Cruz Cuauhtenco,MX,19.2491,-99.7294
Santa Cruz Xoxocotlán,MX,17.0296,-96.7352
Santa Cruz de Rosales,MX,28.1872,-105.5560
Santa Cruz de las Flores,MX,20.4806,-103.5028
Santa Cruz del Monte,MX,19.7670,-99.2287
Santa Cruz del Valle,MX,20.5333,-103.4333
Santa Eulalia,MX,28.5945,-105.8876
Santa Gertrudis,MX,19.7333,-99.3667
Santa Isabel,MX,32.6307,-115.5704
Santa Maria Coatepec,MX,19.1092,-97.5925
Santa María Ajoloapan,MX,19.9769,-99.0447
Santa María Ajoloapan,MX,19.7636,-98.9591
Santa María Atzompa,MX,17.1016,-96.7769
Santa María Chimalhuacán,MX,19.4215,-98.9504
Santa María Citendejé,MX,19.7819,-99.9286
Santa María Huatulco,MX,15.8329,-96.3208
Santa María Huexoculco,MX,19.2580,-98.8205
Santa María Ixtiyucán,MX,19.1869,-97.8109
Santa María Ixtulco,MX,19.3253,-98.2084
Santa María Jajalpa,MX,19.1117,-99.5358
Santa María Jalapa del Marqués,MX,16.4399,-95.4437
Santa María Magdalena,MX,20.5979,-100.4474
Santa María Magdalena Cahuacán,MX,19.6380,-99.4135
Santa María Magdalena Ocotitlán,MX,19.2371,-99.6242
Santa María Nativitas,MX,19.2114,-99.6294
Santa María Rayón,MX,19.1481,-99.5797
Santa María Xadani,MX,16.3617,-95.0185
Santa María Xonacatepec,MX,19.0894,-98.1036
Santa María Zacatepec,MX,19.1233,-98.3653
Santa María Zolotepec,MX,19.4173,-99.4933
Santa María del Oro,MX,25.9494,-105.3644
Santa María del Río,MX,21.7962,-100.7382
Santa María del Tule,MX,17.0468,-96.6363
Santa María la Alta,MX,18.5998,-97.6581
Santa Rita Tlahuapan,MX,19.3321,-98.5769
Santa Rosa,MX,25.8230,-100.2203
Santa Rosa Jáuregui,MX,20.7421,-100.4478
Santa Rosa Treinta,MX,18.7018,-99.1824
Santa Rosalía,MX,18.0885,-93.3581
Santa Rosalía,MX,27.3404,-112.2671
Santa Rosalía de Camargo,MX,27.6789,-105.1716
Santa Teresa,MX,20.9597,-101.3173
Santa Teresa,MX,19.8450,-99.2333
Santander Jiménez,MX,24.2164,-98.4845
Santiago,MX,25.4260,-100.1540
Santiago Acatlán,MX,18.9933,-97.9338
Santiago Acutzilapan,MX,19.7864,-99.7657
Santiago Alseseca,MX,18.8451,-97.7072
Santiago Cuautlalpan,MX,19.6842,-99.2887
Santiago Cuautlalpan,MX,19.4323,-98.9014
Santiago Ixcuintla,MX,21.8111,-105.2084
Santiago Jamiltepec,MX,16.2814,-97.8228
Santiago Juxtlahuaca,MX,17.3346,-98.0115
Santiago Momoxpan,MX,19.0736,-98.2669
Santiago Papasquiaro,MX,25.0439,-105.4192
Santiago Suchilquitongo,MX,17.2476,-96.8738
Santiago Tangamandapio,MX,19.9558,-102.4353
Santiago Teyahualco,MX,19.6598,-99.1249
Santiago Tianguistenco de Galeana,MX,19.1802,-99.4664
Santiago Tlacotepec,MX,19.2271,-99.6708
Santiago Tulantepec,MX,20.0364,-98.3565
Santiago Tuxtla,MX,18.4658,-95.3006
Santiago Tílapa,MX,19.1895,-99.4209
Santiago Yancuitlalpan,MX,19.3840,-99.3047
Santiago de Cuenda,MX,20.5990,-100.9958
Santiago de Querétaro,MX,20.5881,-100.3881
Santiago de la Peña,MX,20.9446,-97.4071
Santiaguito Tlalcilalcalli,MX,19.3403,-99.7272
Santo Domingo Petapa,MX,16.8182,-95.1395
Santo Domingo Tehuantepec,MX,16.3246,-95.2410
Santo Domingo Zanatepec,MX,16.4831,-94.3475
Santo Domingo de Guzmán,MX,19.5931,-99.7797
Santo Tomás Chiconautla,MX,19.6389,-99.0075
Santos Reyes Nopala,MX,16.1069,-97.1444
Sarabia,MX,20.5235,-101.0606
Saucillo,MX,28.0299,-105.2928
Sayula,MX,19.8837,-103.6007
Sayula de Alemán,MX,17.8819,-94.9599
Seybaplaya,MX,19.6397,-90.6864
Seyé,MX,20.8376,-89.3722
Silao de la Victoria,MX,20.9436,-101.4270
Simojovel de Allende,MX,17.1401,-92.7140
Sinaloa de Leyva,MX,25.8225,-108.2228
Soconusco,MX,17.9631,-94.8810
Soledad de Doblado,MX,19.0464,-96.4214
Soledad de Graciano Sánchez,MX,22.1891,-100.9379
Soltepec,MX,19.1211,-97.7086
Sombrerete,MX,23.6314,-103.6413
Sonoyta,MX,31.8632,-112.8501
Soteapan,MX,18.2339,-94.8730
Soto la Marina,MX,23.7692,-98.2053
Sotuta,MX,20.5967,-89.0080
Suchiapa,MX,16.6247,-93.0989
Tabasco,MX,21.8632,-102.9111
Tacoaleche,MX,22.8201,-102.4034
Tacotalpa,MX,17.5964,-92.8260
Tacámbaro de Codallos,MX,19.2361,-101.4580
Tala,MX,20.6527,-103.7015
Talpa de Allende,MX,20.3808,-104.8221
Tamalín,MX,21.3394,-97.8119
Tamazula de Gordiano,MX,19.6801,-103.2514
Tamazulapam Villa del Progreso,MX,17.6771,-97.5731
Tamazunchale,MX,21.2599,-98.7893
Tamiahua,MX,21.2788,-97.4462
Tampico,MX,22.2852,-97.8778
Tamulté de las Sabanas,MX,18.1605,-92.7837
Tamuín,MX,22.0055,-98.7797
Tancítaro,MX,19.3368,-102.3628
Tangancícuaro de Arista,MX,19.8868,-102.2072
Tanhuato de Guerrero,MX,20.2849,-102.3281
Tanquián de Escobedo,MX,21.6059,-98.6628
Tantoyuca,MX,21.3506,-98.2257
Tapachula,MX,14.9054,-92.2589
Tapalpa,MX,19.9457,-103.7593
Tapilula,MX,17.2493,-93.0168
Tarandacuao,MX,20.0013,-100.5183
Tarecuato,MX,19.8437,-102.4652
Taretan,MX,19.3344,-101.9178
Tarimoro,MX,20.2874,-100.7561
Tarímbaro,MX,19.7958,-101.1778
Tatahuicapan,MX,18.2462,-94.7612
Taxco de Alarcón,MX,18.5571,-99.6051
Tayoltita,MX,24.1028,-105.9308
Teabo,MX,20.3995,-89.2830
Teapa,MX,17.5560,-92.9479
Tecali,MX,18.9006,-97.9706
Tecalitlán,MX,19.4716,-103.3071
Tecamachalco,MX,18.8835,-97.7334
Tecate,MX,32.5660,-116.6319
Tecax,MX,20.2052,-89.2852
Tecolotes,MX,32.5667,-114.9833
Tecolotlán,MX,20.2014,-104.0483
Tecolutilla,MX,18.2825,-93.3335
Tecomán,MX,18.9161,-103.8771
Tecozautla,MX,20.5344,-99.6349
Tecuala,MX,22.3980,-105.4572
Tecámac,MX,19.7129,-98.9690
Tecámac de Felipe Villanueva,MX,19.7131,-98.9683
Tehuacán,MX,18.4642,-97.3974
Tehuitzingo,MX,18.3319,-98.2759
Tehuixtla,MX,18.5601,-99.2702
Tejupilco de Hidalgo,MX,18.9047,-100.1527
Tekit,MX,20.5360,-89.3340
Tekoh,MX,20.7436,-89.4741
Teloloapan,MX,18.3693,-99.8704
Temamatla,MX,19.2031,-98.8692
Temascal,MX,18.2419,-96.4031
Temascalapa,MX,19.8277,-98.9017
Temascalcingo,MX,19.9164,-100.0037
Temax,MX,21.1506,-88.9394
Temixco,MX,18.8458,-99.2237
Temoac,MX,18.7722,-98.7775
Temozon,MX,20.8039,-88.2015
Tempoal de Sánchez,MX,21.5200,-98.3883
Tenabo,MX,20.0398,-90.2257
Tenancingo,MX,19.1472,-98.2013
Tenancingo de Degollado,MX,18.9614,-99.5903
Tenango de Arista,MX,19.1045,-99.5898
Tenango de las Flores,MX,20.2058,-97.9881
Tenango del Aire,MX,19.1577,-98.8569
Tenextepango,MX,18.7289,-98.9578
Tenosique,MX,17.4729,-91.4236
Teocaltiche,MX,21.4343,-102.5743
Teocelo,MX,19.3856,-96.9737
Teolocholco,MX,19.2433,-98.1908
Teoloyucan,MX,19.7442,-99.1811
Teontepec,MX,18.4922,-97.5296
Teopisca,MX,16.5414,-92.4729
Teotihuacán de Arista,MX,19.6897,-98.8608
Teotitlán de Flores Magón,MX,18.1307,-97.0695
Teotlaltzingo,MX,19.2309,-98.5008
Tepalcatepec,MX,19.1872,-102.8470
Tepalcingo,MX,18.5951,-98.8444
Tepatepec,MX,20.2450,-99.0911
Tepatitlán de Morelos,MX,20.8169,-102.7635
Tepatlaxco de Hidalgo,MX,19.0807,-97.9734
Tepeaca,MX,18.9669,-97.8998
Tepeapulco,MX,19.7861,-98.5531
Tepecoacuilco de Trujano,MX,18.2866,-99.4653
Tepeji del Río de Ocampo,MX,19.9055,-99.3423
Tepetitla,MX,19.2653,-98.3765
Tepetlaoxtoc de Hidalgo,MX,19.5744,-98.8183
Tepetlixpa,MX,19.0289,-98.8213
Tepetzintla,MX,21.1641,-97.8524
Tepexpan,MX,19.6139,-98.9364
Tepic,MX,21.5073,-104.8933
Tepotzotlán,MX,19.7212,-99.2239
Tepoztlán,MX,18.9856,-99.1016
Tequexquináhuac,MX,19.4776,-98.8248
Tequila,MX,20.8820,-103.8360
Tequisistlán,MX,19.5964,-98.9411
Tequisistlán Primero,MX,19.6000,-98.9569
Tequisquiapan,MX,20.5225,-99.8917
Tequixquiac,MX,19.9094,-99.1447
Terrazas del Valle,MX,32.4875,-116.8267
Tesechoacan,MX,18.1375,-95.6583
Tetela del Volcán,MX,18.8931,-98.7297
Tetepango,MX,20.1033,-99.1560
Tetla,MX,19.4420,-98.1033
Tetlanohcán,MX,19.2603,-98.1643
Texcalac,MX,19.4233,-98.0866
Texcoco de Mora,MX,19.5119,-98.8829
Texistepec,MX,17.8948,-94.8171
Teziutlan,MX,19.8173,-97.3599
Tezonapa,MX,18.6071,-96.6842
Tezontepec,MX,19.8813,-98.8194
Tezoyuca,MX,19.5928,-98.9108
Tianguismanalco,MX,18.9762,-98.4486
Ticul,MX,20.3987,-89.5349
Tierra Blanca,MX,18.4477,-96.3591
Tierra Colorada,MX,17.1655,-99.5256
Tierra Nueva,MX,21.6690,-100.5729
Tihuatlan,MX,20.7145,-97.5333
Tijuana,MX,32.5027,-117.0037
Tila,MX,17.3003,-92.4260
Tingambato,MX,19.5016,-101.8533
Tingüindín,MX,19.7389,-102.4816
Tixkokob,MX,21.0012,-89.3948
Tixtla de Guerrero,MX,17.5673,-99.3980
Tizapán el Alto,MX,20.1594,-103.0447
Tizayuca,MX,19.8419,-98.9810
Tizimín,MX,21.1430,-88.1519
Tlachichuca,MX,19.1149,-97.4192
Tlacolula de Matamoros,MX,16.9552,-96.4776
Tlacotalpan,MX,18.6133,-95.6589
Tlacotepec,MX,18.8140,-98.7507
Tlacotepec,MX,18.6819,-97.6560
Tlacotepec,MX,17.7892,-99.9781
Tlahualilo de Zaragoza,MX,26.1074,-103.4426
Tlahuelilpan,MX,20.1308,-99.2303
Tlaixpan,MX,18.9122,-97.7382
Tlajomulco de Zúñiga,MX,20.4742,-103.4465
Tlalixtac de Cabrera,MX,17.0707,-96.6466
Tlalmanalco,MX,19.2052,-98.8012
Tlalnepantla,MX,19.5401,-99.1954
Tlalpan,MX,19.2951,-99.1621
Tlaltenango,MX,19.1716,-98.3407
Tlaltenango de Sánchez Román,MX,21.7813,-103.3044
Tlaltizapán,MX,18.6836,-99.1201
Tlamacazapa,MX,18.4968,-99.5015
Tlanalapa,MX,19.8176,-98.6033
Tlanchinol,MX,20.9895,-98.6594
Tlapa de Comonfort,MX,17.5463,-98.5824
Tlapacoyan,MX,19.9627,-97.2114
Tlapanaloya,MX,19.9362,-99.0966
Tlapehuala,MX,18.2404,-100.5392
Tlaquepaque,MX,20.6412,-103.2934
Tlaquiltenango,MX,18.6332,-99.1628
Tlatenchi,MX,18.5964,-99.1864
Tlatlauquitepec,MX,19.8477,-97.4972
Tlaxcala,MX,19.3178,-98.2385
Tlaxco,MX,19.6144,-98.1200
Tlaxcoapan,MX,20.0921,-99.2217
Tlayacapan,MX,18.9556,-98.9811
Tláhuac,MX,19.2869,-99.0051
Tocatlán,MX,19.3886,-98.0274
Tochtepec,MX,18.8393,-97.8228
Todos Santos,MX,23.4469,-110.2231
Tolcayuca,MX,19.9576,-98.9223
Toluca,MX,19.2879,-99.6532
Tomatlán,MX,19.9366,-105.2501
Tonalá,MX,16.0901,-93.7546
Tonalá,MX,20.6226,-103.2417
Tonanitla,MX,19.6879,-99.0534
Topolobampo,MX,25.6005,-109.0504
Torreón,MX,25.5439,-103.4190
Totolac,MX,19.3258,-98.2583
Totolapa,MX,20.5559,-97.4764
Totolapan,MX,18.9849,-98.9207
Tototlán,MX,20.5422,-102.7913
Trancoso,MX,22.7357,-102.3659
Tres Marías,MX,19.0540,-99.2442
Tres Palos,MX,16.8296,-99.7781
Tres Valles,MX,18.2391,-96.1357
Tres de Mayo,MX,18.8686,-99.2083
Tula de Allende,MX,20.0556,-99.3440
Tulancingo,MX,20.0805,-98.3683
Tulantongo,MX,19.5316,-98.8746
Tulcingo de Valle,MX,18.0437,-98.4407
Tultepec,MX,19.6850,-99.1281
Tultitlán de Mariano Escobedo,MX,19.6466,-99.1679
Tulum,MX,20.2117,-87.4633
Tuxpan,MX,21.9417,-105.2990
Tuxpan,MX,19.5679,-100.4641
Tuxpan,MX,19.5556,-103.3759
Tuxtepec,MX,18.0883,-96.1253
Tuxtla,MX,16.7536,-93.1158
Tuxtla Chico,MX,14.9395,-92.1666
Tuzamapan,MX,19.4036,-96.8635
Tuzantla,MX,19.2029,-100.5668
Tzimol,MX,16.1793,-92.1854
Tzucacab,MX,20.0721,-89.0501
Técpan de Galeana,MX,17.2230,-100.6301
Túxpam de Rodríguez Cano,MX,20.9578,-97.4081
Umán,MX,20.8815,-89.7480
Unidad Habitacional José María Morelos y Pavón,MX,18.8203,-99.2622
Unidad Minera 11 de Julio,MX,20.1047,-98.7228
Unión Hidalgo,MX,16.4723,-94.8295
Unión de San Antonio,MX,21.1271,-102.0062
Unión de Tula,MX,19.9565,-104.2681
Unión y Progreso,MX,18.8728,-97.1192
Uriangato,MX,20.1416,-101.1787
Urireo,MX,20.2140,-100.8425
Uruapan,MX,19.4168,-102.0584
Usmajac,MX,19.8747,-103.5413
Valente Diaz,MX,19.1635,-96.2165
Valentín Gómez Farías,MX,29.3579,-107.7390
Valladolid,MX,20.6881,-88.1994
Valle Dorado Inn,MX,20.5244,-103.3619
Valle Hermoso,MX,25.6732,-97.8127
Valle de Banderas,MX,20.8066,-105.2476
Valle de Bravo,MX,19.1950,-100.1313
Valle de Lincoln,MX,25.7933,-100.4778
Valle de Santiago,MX,20.3915,-101.1910
Valparaíso,MX,22.7709,-103.5704
Valtierrilla,MX,20.5323,-101.1286
Vega de Alatorre,MX,20.0282,-96.6475
Veintidós de Febrero,MX,19.6114,-99.3467
Venado,MX,22.9300,-101.0954
Venceremos,MX,20.5508,-100.3981
Venustiano Carranza,MX,16.3385,-92.5632
Venustiano Carranza,MX,16.1902,-91.9275
Venustiano Carranza,MX,20.5067,-97.6681
Veracruz,MX,19.1809,-96.1429
Vicam,MX,27.6431,-110.2946
Vicente Camalote,MX,18.5139,-96.5282
Vicente Guerrero,MX,18.3893,-92.8955
Vicente Guerrero,MX,23.7327,-103.9825
Vicente Guerrero,MX,30.7305,-115.9887
Vicente Guerrero,MX,16.9331,-96.7014
Victoria de Durango,MX,24.0203,-104.6576
Vida Mejor I,MX,14.8697,-92.3078
Villa Alberto Andrés Alvarado Arámburo,MX,27.6444,-113.3847
Villa Alta,MX,19.2926,-98.4011
Villa Avila Camacho,MX,20.3859,-97.8799
Villa Azueta,MX,18.0742,-95.7122
Villa Comaltitlán,MX,15.2129,-92.5760
Villa Corona,MX,20.4156,-103.6642
Villa Corzo,MX,16.1846,-93.2680
Villa Cuauhtémoc,MX,19.4168,-99.5587
Villa Emilio Carranza,MX,19.9702,-96.6116
Villa García,MX,22.1624,-101.9549
Villa González Ortega,MX,22.5131,-101.9139
Villa Guerrero,MX,18.9621,-99.6406
Villa Hidalgo,MX,21.7412,-105.2315
Villa Hidalgo,MX,21.6762,-102.5880
Villa Independencia,MX,20.0552,-97.0521
Villa Juárez,MX,27.1298,-109.8371
Villa Juárez,MX,25.4920,-103.5939
Villa Luvianos,MX,18.9200,-100.2983
Villa Lázaro Cárdenas,MX,20.4619,-97.7002
Villa Madero,MX,19.3918,-101.2787
Villa Mariano Matamoros,MX,19.3266,-98.3783
Villa Progreso,MX,20.6424,-99.8356
Villa Union,MX,28.2167,-100.7167
Villa Unión,MX,28.2223,-100.7262
Villa Unión,MX,23.9753,-104.0446
Villa Unión,MX,23.1899,-106.2195
Villa Vicente Guerrero,MX,19.1212,-98.1657
Villa Zaragoza,MX,22.0372,-100.7309
Villa Zempoala,MX,19.4442,-96.4077
Villa de Arista,MX,22.6425,-100.8481
Villa de Arriaga,MX,21.9092,-101.3822
Villa de Cos,MX,23.2940,-102.3466
Villa de El Carmen Tequexquitla,MX,19.3243,-97.6535
Villa de Etla,MX,17.2062,-96.7989
Villa de Reyes,MX,21.8031,-100.9342
Villa de Zaachila,MX,16.9505,-96.7493
Villa del Campo,MX,32.5075,-116.7383
Villa del Carbón,MX,19.7288,-99.4636
Villa del Prado 2da Sección,MX,32.4239,-116.9717
Villaflores,MX,16.2338,-93.2701
Villagrán,MX,20.5136,-100.9964
Villahermosa,MX,17.9862,-92.9393
Villanueva,MX,19.0608,-97.7194
Villanueva,MX,22.3545,-102.8837
Villas de Alcalá,MX,25.9153,-100.1853
Villas de Irapuato,MX,20.6872,-101.4053
Villas de la Hacienda [Fraccionamiento],MX,20.5311,-103.3828
Vista Hermosa de Negrete,MX,20.2730,-102.4743
Víctor Rosales,MX,22.9489,-102.7022
X-Cán,MX,20.8572,-87.6692
Xalapa de Enríquez,MX,19.5312,-96.9159
Xalatlaco,MX,19.1831,-99.4184
Xalisco,MX,21.4446,-104.8998
Xaloztoc,MX,19.4078,-98.0460
Xaltepec,MX,18.8816,-97.6082
Xaltianguis,MX,17.0995,-99.7133
Xico,MX,19.4218,-97.0082
Xico,MX,19.2703,-98.9509
Xicohtzinco,MX,19.1737,-98.2338
Xicotepec de Juárez,MX,20.2761,-97.9611
Xicoténcatl,MX,22.9980,-98.9406
Xilitla,MX,21.3868,-98.9901
Xochimanca,MX,19.4905,-98.8243
Xochimilco,MX,19.2547,-99.1036
Xochitepec,MX,18.7816,-99.2309
Xochitlan Todos Santos,MX,18.7039,-97.7761
Xocotla,MX,19.0148,-97.1007
Xocotlán,MX,19.5163,-98.8463
Xonacatlán,MX,19.4051,-99.5281
Xoxocotla,MX,18.6856,-99.2458
Yahualica de González Gallo,MX,21.1798,-102.8861
Yajalón,MX,17.1729,-92.3339
Yanga,MX,18.8329,-96.7984
Yautepec,MX,18.8819,-99.0671
Yecapixtla,MX,18.8833,-98.8650
Yehualtepec,MX,18.7952,-97.6616
Yerbabuena,MX,20.9632,-101.2745
Yuriria,MX,20.2108,-101.1319
Yurécuaro,MX,20.3395,-102.2822
Zacamulpa,MX,19.3557,-99.3315
Zacapechpan,MX,19.0544,-98.3511
Zacapoaxtla,MX,19.8727,-97.5890
Zacapu,MX,19.8152,-101.7920
Zacatecas,MX,22.7684,-102.5814
Zacatelco,MX,19.2158,-98.2397
Zacatepec,MX,19.2663,-97.5328
Zacatepec de Hidalgo,MX,18.6534,-99.1912
Zacatlán,MX,19.9355,-97.9613
Zacoalco de Torres,MX,20.2263,-103.5698
Zacualtipán,MX,20.6454,-98.6540
Zamora de Hidalgo,MX,19.9840,-102.2863
Zapopan,MX,20.7211,-103.3874
Zapotiltic,MX,19.6275,-103.4175
Zapotlanejo,MX,20.6227,-103.0681
Zaragoza,MX,19.7710,-97.5551
Zaragoza,MX,19.1483,-99.6440
Zaragoza,MX,17.9578,-94.6423
Zaragoza,MX,28.4932,-100.9223
Zempoala,MX,19.9151,-98.6685
Zimapán,MX,20.7380,-99.3830
Zimatepec,MX,19.4213,-98.1646
Zimatlán de Álvarez,MX,16.8671,-96.7848
Zinacantepec,MX,19.2843,-99.7339
Zinacatepec,MX,18.3352,-97.2462
Zinapécuaro de Figueroa,MX,19.8601,-100.8273
Zitlala,MX,17.6903,-99.1851
Zitlaltépec,MX,19.2039,-97.9072
Zongolica,MX,18.6667,-96.9971
Zumpango,MX,19.7967,-99.0995
Zumpango del Río,MX,17.6544,-99.5272
Álamo,MX,20.9115,-97.6755
Álamos,MX,27.0299,-108.9392
Álvaro Obregón,MX,14.9223,-92.3781
Álvaro Obregón,MX,19.8250,-101.0394
Ángel R. Cabada,MX,18.5960,-95.4458
Ébano,MX,22.2181,-98.3771
Úrsulo Galván,MX,19.4053,-96.3609
Alnwick,NB,47.2157,-65.1806
Arcadia,NB,45.8081,-66.0638
Atholville,NB,47.9894,-66.7125
Baie Ste. Anne,NB,47.0523,-64.9536
Balmoral,NB,47.9726,-66.4455
Bas-Caraquet,NB,47.8006,-64.8320
Bathurst,NB,47.6181,-65.6511
Beaubassin East,NB,46.2092,-64.4180
Beaurivage,NB,46.6821,-64.9602
Beausoleil,NB,46.2983,-64.6033
Belle-Baie,NB,47.7653,-65.7450
Belledune,NB,47.8858,-65.8113
Beresford,NB,47.6913,-65.6989
Berry Mills Heights,NB,46.1000,-64.8500
Bertrand,NB,47.7567,-65.0655
Black River-Hardwicke,NB,47.0212,-65.2076
Bois-Joli,NB,47.9910,-66.5116
Bouctouche,NB,46.4684,-64.7391
Burnt Church,NB,47.1989,-65.1396
Butternut Valley,NB,45.8333,-65.5347
Campbellton,NB,48.0075,-66.6727
Cap-Acadie,NB,46.2014,-64.3242
Cap-Pele,NB,46.2129,-64.2784
Cap-de-Richibucto,NB,46.5946,-64.7793
Caraquet,NB,47.7941,-64.9386
Carleton North,NB,46.4990,-67.5575
Centennial Place,NB,46.0833,-64.8167
Central York,NB,46.0051,-66.9080
Champdore,NB,46.3860,-64.7824
Charlo,NB,48.0007,-66.3287
Chartersville,NB,46.0849,-64.7334
Chipman,NB,46.1693,-65.8839
Cocagne,NB,46.3349,-64.6150
Dalhousie,NB,48.0644,-66.3749
Devon,NB,45.9638,-66.6170
Dieppe,NB,46.0784,-64.6873
Douglas,NB,45.9783,-66.7311
Eastern Charlotte,NB,45.1030,-66.7948
Edmundston,NB,47.3737,-68.3251
Eel Ground,NB,46.9654,-65.6288
Eel River Crossing,NB,48.0159,-66.4220
Elsipogtog First Nation,NB,46.5854,-64.9858
Estey's Bridge,NB,46.0350,-66.7140
Fairvale,NB,45.4008,-65.9717
Five Rivers,NB,46.5568,-64.9046
Florenceville-Bristol,NB,46.4435,-67.6154
Forest Hills,NB,45.3124,-66.0122
Fredericton,NB,45.9454,-66.6656
Fundy Albert,NB,45.8027,-64.6598
Fundy Bay,NB,44.7410,-66.7604
Fundy Heights,NB,45.2517,-66.0723
Fundy Shores,NB,45.1666,-66.3918
Fundy-St. Martins,NB,45.4078,-65.4391
Glen Cairn,NB,46.1167,-64.8500
Grand Bay-Westfield,NB,45.3407,-66.2528
Grand Falls,NB,47.0461,-67.7418
Grand Lake,NB,46.1126,-65.9568
Grand Manan,NB,44.6982,-66.8211
Grand-Bouctouche,NB,46.4889,-64.7103
Grande-Digue,NB,46.3001,-64.5655
Greater Lakeburn,NB,46.0765,-64.6682
Greendale,NB,45.2532,-66.1033
Gunningsville,NB,46.0739,-64.7730
Hampton,NB,45.5288,-65.8535
Hanwell,NB,45.8831,-66.7690
Harrisville,NB,46.1177,-64.7221
Haut-Madawaska,NB,47.2606,-68.6369
Hautes-Terres,NB,47.6288,-65.0928
Heron Bay,NB,48.0219,-66.3960
Hildegarde,NB,46.1230,-64.8539
Hillsborough,NB,45.9198,-64.6552
Humphrey,NB,46.1199,-64.7780
Humphreys Mills,NB,46.1124,-64.7589
Ile-de-Lameque,NB,47.8466,-64.5961
Indiantown,NB,45.2751,-66.0785
Island View Heights,NB,45.2337,-66.1266
Kedgwick,NB,47.6446,-67.3434
Keswick Ridge,NB,46.0001,-66.8822
Kingsclear,NB,45.8844,-66.9085
Lakeburn,NB,46.1001,-64.6821
Lakeland Ridges,NB,45.9715,-67.4899
Lameque,NB,47.7936,-64.6475
Lewisville,NB,46.1044,-64.7532
Lincoln,NB,45.9001,-66.5822
Lutes Mountain,NB,46.1460,-64.9080
Magnetic Hill,NB,46.1347,-64.8885
Manners Sutton,NB,45.6889,-67.0399
Maple Hills,NB,46.2133,-64.8695
Marysville,NB,45.9834,-66.5822
Maugerville,NB,45.8717,-66.4453
McAdam,NB,45.5923,-67.3070
McEwen,NB,46.1452,-64.7862
Memramcook,NB,46.0044,-64.5516
Millidgeville,NB,45.3017,-66.1032
Minto,NB,46.0848,-66.0622
Miramichi,NB,47.0290,-65.5019
Miramichi River Valley,NB,46.6150,-65.9017
Moncton,NB,46.0945,-64.7965
Nackawic-Millville,NB,46.0783,-67.2334
Nauwigewauk,NB,45.4669,-65.8988
Neguac,NB,47.2489,-65.0741
Nelson-Miramichi,NB,46.9786,-65.5406
New Maryland,NB,45.8966,-66.6822
Newcastle,NB,47.0001,-65.5654
Noonan,NB,45.9668,-66.5322
North Devon,NB,45.9708,-66.6325
Norton,NB,45.6388,-65.6984
Nouvelle-Arcadie,NB,46.6981,-65.3613
Oromocto,NB,45.8351,-66.4792
Pennfield,NB,45.1016,-66.7390
Penobsquis,NB,45.7763,-65.3810
Perth-Andover,NB,46.7355,-67.7039
Petit-Rocher,NB,47.7827,-65.7175
Petitcodiac,NB,45.9393,-65.1802
Plaster Rock,NB,46.9065,-67.3900
Quarryville,NB,46.8334,-65.7820
Quinton Heights,NB,45.2521,-66.1201
Quispamsis,NB,45.4213,-65.9513
Red Head,NB,45.2494,-66.0004
Richibucto,NB,46.6807,-64.8804
Riverview,NB,46.0545,-64.8160
Riviere-du-Nord,NB,47.7231,-65.1839
Rogersville,NB,46.7345,-65.4270
Rothesay,NB,45.3805,-65.9674
Rusagonis,NB,45.8028,-66.6204
Sackville,NB,45.8987,-64.3684
Saint Andrews,NB,45.0737,-67.0531
Saint John,NB,45.2708,-66.0562
Saint John East,NB,45.2878,-66.0407
Saint John West,NB,45.2594,-66.0778
Saint-Anselme,NB,46.0639,-64.7126
Saint-Antoine,NB,46.3629,-64.7498
Saint-Leonard,NB,47.1632,-67.9246
Saint-Quentin,NB,47.5133,-67.3929
Salisbury,NB,46.0391,-65.0463
Shediac,NB,46.2198,-64.5411
Shediac Bridge-Shediac River,NB,46.2689,-64.6005
Shippagan,NB,47.7442,-64.7080
Southern Victoria,NB,46.7738,-67.7214
St-Andre,NB,47.1010,-67.7592
St. George,NB,45.1265,-66.8314
St. Stephen,NB,45.1804,-67.2953
Strait Shores,NB,46.0897,-64.0764
Sunbury-York South,NB,45.8378,-66.6098
Sunny Brae,NB,46.1035,-64.7768
Sussex,NB,45.7227,-65.5066
Sussex Corner,NB,45.7102,-65.4833
Tantramar,NB,45.9337,-64.3998
Three Rivers,NB,45.9118,-65.1523
Tobique Valley,NB,46.9349,-67.3911
Tracadie-Sheila,NB,47.5144,-64.9181
Upper Miramichi,NB,46.4660,-66.4112
Vallee-des-Rivieres,NB,47.2151,-67.9607
Valley Waters,NB,45.6730,-65.8370
Westmorland Heights,NB,45.2920,-66.0423
Woodhaven Court,NB,46.1167,-64.8667
Woodstock,NB,46.1580,-67.5838
Aberdeen,NC,35.1315,-79.4295
Advance,NC,35.9412,-80.4092
Ahoskie,NC,36.2868,-76.9847
Albemarle,NC,35.3501,-80.2001
Andrews,NC,35.2017,-83.8241
Angier,NC,35.5071,-78.7392
Apex,NC,35.7326,-78.8503
Archdale,NC,35.9146,-79.9720
Archer Lodge,NC,35.6940,-78.3756
Asheboro,NC,35.7079,-79.8136
Asheville,NC,35.6009,-82.5540
Atlantic Beach,NC,34.6990,-76.7402
Avery Creek,NC,35.4635,-82.5826
Ayden,NC,35.4727,-77.4155
Badin,NC,35.4060,-80.1167
Bakersville,NC,36.0157,-82.1587
Balfour,NC,35.3465,-82.4721
Banner Elk,NC,36.1632,-81.8715
Barker Heights,NC,35.3112,-82.4440
Bayboro,NC,35.1429,-76.7702
Bayshore,NC,34.2896,-77.7875
Beaufort,NC,34.7184,-76.6616
Belhaven,NC,35.5402,-76.6230
Belmont,NC,35.2429,-81.0373
Belville,NC,34.2300,-77.9892
Benson,NC,35.3821,-78.5486
Bent Creek,NC,35.5090,-82.6079
Bermuda Run,NC,36.0037,-80.4220
Bessemer City,NC,35.2849,-81.2840
Bethel,NC,35.8071,-77.3789
Bethlehem,NC,35.8257,-81.3070
Beulaville,NC,34.9238,-77.7739
Biltmore Forest,NC,35.5337,-82.5285
Biscoe,NC,35.3599,-79.7798
Black Mountain,NC,35.6179,-82.3212
Bladenboro,NC,34.5388,-78.7875
Blowing Rock,NC,36.1351,-81.6776
Boiling Spring Lakes,NC,34.0305,-78.0672
Boiling Springs,NC,35.2543,-81.6670
Bolivia,NC,34.0677,-78.1483
Boone,NC,36.2168,-81.6745
Boonville,NC,36.2326,-80.7081
Brevard,NC,35.2334,-82.7343
Briar Chapel,NC,35.8242,-79.1169
Brices Creek,NC,35.0560,-77.0877
Broad Creek,NC,34.7207,-76.9363
Broadway,NC,35.4579,-79.0531
Brogden,NC,35.2927,-78.0344
Brunswick,NC,34.2868,-78.7011
Bryson City,NC,35.4313,-83.4494
Buies Creek,NC,35.4132,-78.7356
Burgaw,NC,34.5521,-77.9261
Burlington,NC,36.0957,-79.4378
Burnsville,NC,35.1124,-80.2445
Burnsville,NC,35.9173,-82.3010
Butner,NC,36.1321,-78.7567
Buxton,NC,35.2677,-75.5424
Cajahs Mountain,NC,35.8349,-81.5415
Calabash,NC,33.8907,-78.5683
Camden,NC,36.3285,-76.1719
Canton,NC,35.5329,-82.8374
Cape Carteret,NC,34.6915,-77.0630
Carolina Beach,NC,34.0352,-77.8936
Carolina Shores,NC,33.9010,-78.5806
Carrboro,NC,35.9101,-79.0753
Carthage,NC,35.3460,-79.4170
Cary,NC,35.7915,-78.7811
Castle Hayne,NC,34.3557,-77.9000
Cedar Point,NC,34.6877,-77.0725
Chadbourn,NC,34.3221,-78.8270
Chapel Hill,NC,35.9132,-79.0558
Charlotte,NC,35.2271,-80.8431
Cherokee,NC,35.4743,-83.3149
Cherryville,NC,35.3787,-81.3790
China Grove,NC,35.5693,-80.5817
Claremont,NC,35.7146,-81.1462
Clayton,NC,35.6507,-78.4564
Clemmons,NC,36.0215,-80.3820
Clinton,NC,34.9980,-78.3233
Clyde,NC,35.5334,-82.9107
Coats,NC,35.4079,-78.6720
Columbia,NC,35.9177,-76.2522
Columbus,NC,35.2532,-82.1971
Concord,NC,35.4089,-80.5816
Connelly Springs,NC,35.7429,-81.5134
Conover,NC,35.7065,-81.2187
Cordova,NC,34.9129,-79.8220
Cornelius,NC,35.4868,-80.8601
Cove Creek,NC,35.6065,-83.0113
Cramerton,NC,35.2388,-81.0751
Creedmoor,NC,36.1224,-78.6861
Cricket,NC,36.1715,-81.1940
Cullowhee,NC,35.3137,-83.1765
Currituck,NC,36.4499,-76.0155
Dallas,NC,35.3165,-81.1762
Dana,NC,35.3293,-82.3754
Danbury,NC,36.4093,-80.2059
Davidson,NC,35.5023,-80.8391
Denton,NC,35.6335,-80.1159
Denver,NC,35.5312,-81.0298
Dobson,NC,36.3957,-80.7226
Drexel,NC,35.7579,-81.6043
Dunn,NC,35.3063,-78.6089
Durham,NC,35.9940,-78.8986
East Flat Rock,NC,35.2801,-82.4221
East Rockingham,NC,34.9182,-79.7626
East Spencer,NC,35.6818,-80.4323
Eastover,NC,35.1000,-78.8000
Eden,NC,36.4885,-79.7667
Edenton,NC,36.0579,-76.6077
Edneyville,NC,35.3940,-82.3410
Elizabeth City,NC,36.2946,-76.2511
Elizabethtown,NC,34.6293,-78.6053
Elkin,NC,36.2443,-80.8484
Ellerbe,NC,35.0713,-79.7614
Elm City,NC,35.8066,-77.8633
Elon,NC,36.1029,-79.5067
Elroy,NC,35.3427,-77.9086
Emerald Isle,NC,34.6779,-76.9508
Enfield,NC,36.1810,-77.6666
Enochville,NC,35.5299,-80.6681
Erwin,NC,35.3268,-78.6761
Etowah,NC,35.3176,-82.5943
Fairfield Harbour,NC,35.0765,-76.9636
Fairmont,NC,34.4968,-79.1142
Fairplains,NC,36.1985,-81.1529
Fairview,NC,35.5140,-82.3959
Fairview,NC,35.1385,-80.5376
Farmville,NC,35.5707,-79.2200
Farmville,NC,35.5954,-77.5853
Fayetteville,NC,35.0527,-78.8784
Fearrington Village,NC,35.8038,-79.0903
Flat Rock,NC,35.2712,-82.4415
Flat Rock,NC,36.5124,-80.5698
Fletcher,NC,35.4307,-82.5012
Forest City,NC,35.3340,-81.8651
Forest Oaks,NC,35.9882,-79.7061
Fort Bragg,NC,35.1390,-79.0060
Foscoe,NC,36.1618,-81.7657
Four Oaks,NC,35.4449,-78.4270
Franklin,NC,35.1823,-83.3815
Franklin,NC,35.7212,-80.4989
Franklinton,NC,36.1018,-78.4581
Franklinville,NC,35.7437,-79.6923
Fremont,NC,35.5454,-77.9747
Fruitland,NC,35.3965,-82.3932
Fuquay-Varina,NC,35.5843,-78.8000
Gamewell,NC,35.8693,-81.5962
Garner,NC,35.7113,-78.6142
Gaston,NC,36.5004,-77.6450
Gastonia,NC,35.2621,-81.1873
Gatesville,NC,36.4035,-76.7530
Gibsonville,NC,36.1057,-79.5422
Glen Alpine,NC,35.7290,-81.7793
Glen Raven,NC,36.1132,-79.4764
Goldsboro,NC,35.3849,-77.9928
Gorman,NC,36.0365,-78.8233
Graham,NC,36.0690,-79.4006
Granite Falls,NC,35.7965,-81.4306
Granite Quarry,NC,35.6124,-80.4467
Green Level,NC,36.1210,-79.3442
Green Level,NC,35.7821,-78.9039
Greensboro,NC,36.0726,-79.7920
Greenville,NC,35.6127,-77.3663
Grifton,NC,35.3727,-77.4375
Half Moon,NC,34.8260,-77.4594
Halifax,NC,36.3285,-77.5894
Hamlet,NC,34.8849,-79.6942
Hampstead,NC,34.3677,-77.7105
Harkers Island,NC,34.6952,-76.5594
Harrisburg,NC,35.3240,-80.6578
Havelock,NC,34.8790,-76.9013
Haw River,NC,36.0915,-79.3642
Hayesville,NC,35.0462,-83.8179
Hays,NC,36.2499,-81.1156
Hazelwood,NC,35.4687,-83.0040
Hemby Bridge,NC,35.1037,-80.6280
Henderson,NC,36.3296,-78.3992
Hendersonville,NC,35.3187,-82.4609
Hertford,NC,36.1902,-76.4660
Hickory,NC,35.7332,-81.3412
High Point,NC,35.9557,-80.0053
Hildebran,NC,35.7140,-81.4220
Hillsborough,NC,36.0754,-79.0997
Holly Ridge,NC,34.4954,-77.5550
Holly Springs,NC,35.6513,-78.8336
Hoopers Creek,NC,35.4390,-82.4668
Hope Mills,NC,34.9704,-78.9453
Horse Shoe,NC,35.3432,-82.5565
Hudson,NC,35.8485,-81.4959
Huntersville,NC,35.4107,-80.8428
Icard,NC,35.7274,-81.4707
Indian Trail,NC,35.0768,-80.6692
Jackson,NC,36.3896,-77.4214
Jacksonville,NC,34.7540,-77.4302
James City,NC,35.0888,-77.0349
Jamestown,NC,35.9943,-79.9353
Jefferson,NC,36.4204,-81.4734
Jonesville,NC,36.2393,-80.8445
Kannapolis,NC,35.4874,-80.6217
Kenansville,NC,34.9624,-77.9622
Kenly,NC,35.5963,-78.1242
Kernersville,NC,36.1199,-80.0737
Kill Devil Hills,NC,36.0307,-75.6760
King,NC,36.2807,-80.3592
Kings Grant,NC,34.2629,-77.8636
Kings Mountain,NC,35.2451,-81.3412
Kinston,NC,35.2627,-77.5816
Kitty Hawk,NC,36.0646,-75.7057
Knightdale,NC,35.7876,-78.4806
Kure Beach,NC,33.9968,-77.9072
La Grange,NC,35.3068,-77.7880
Lake Junaluska,NC,35.5279,-82.9596
Lake Lure,NC,35.4279,-82.2048
Lake Norman of Catawba,NC,35.5868,-80.9595
Lake Park,NC,35.0863,-80.6351
Lake Waccamaw,NC,34.3191,-78.5000
Landis,NC,35.5457,-80.6109
Laurel Hill,NC,34.8090,-79.5478
Laurel Park,NC,35.3137,-82.4934
Laurinburg,NC,34.7741,-79.4628
Leland,NC,34.2563,-78.0447
Lenoir,NC,35.9140,-81.5390
Lewisville,NC,36.0971,-80.4192
Lexington,NC,35.8240,-80.2534
Liberty,NC,35.8535,-79.5717
Lillington,NC,35.3993,-78.8158
Lincolnton,NC,35.4738,-81.2545
Locust,NC,35.2599,-80.4253
Long Beach,NC,33.9104,-78.1178
Longview,NC,35.7293,-81.3834
Louisburg,NC,36.0990,-78.3011
Lowell,NC,35.2679,-81.1029
Lowesville,NC,35.4171,-81.0112
Lucama,NC,35.6454,-78.0097
Lumberton,NC,34.6183,-79.0105
Madison,NC,36.3854,-79.9595
Maggie Valley,NC,35.5182,-83.0976
Maiden,NC,35.5757,-81.2117
Manteo,NC,35.9082,-75.6757
Mar-Mac,NC,35.3349,-78.0558
Marion,NC,35.6840,-82.0093
Mars Hill,NC,35.8265,-82.5493
Marshall,NC,35.7973,-82.6840
Marshville,NC,34.9885,-80.3670
Marvin,NC,34.9918,-80.8148
Masonboro,NC,34.1793,-77.8475
Matthews,NC,35.1168,-80.7237
Maury,NC,35.4821,-77.5861
Maxton,NC,34.7352,-79.3489
Mayodan,NC,36.4124,-79.9670
Maysville,NC,34.9049,-77.2313
McLeansville,NC,36.1074,-79.6586
Mebane,NC,36.0960,-79.2670
Midland,NC,35.2274,-80.5006
Midway,NC,35.9535,-80.2181
Millers Creek,NC,36.1893,-81.2376
Mills River,NC,35.3884,-82.5668
Mineral Springs,NC,34.9379,-80.6687
Mint Hill,NC,35.1796,-80.6473
Mocksville,NC,35.8940,-80.5614
Monroe,NC,34.9854,-80.5495
Mooresville,NC,35.5849,-80.8101
Moravian Falls,NC,36.0968,-81.1823
Morehead City,NC,34.7229,-76.7260
Morganton,NC,35.7454,-81.6848
Morrisville,NC,35.8235,-78.8256
Mount Airy,NC,36.4993,-80.6073
Mount Gilead,NC,35.2149,-80.0023
Mount Holly,NC,35.2982,-81.0159
Mount Olive,NC,35.1966,-78.0664
Mount Pleasant,NC,35.3993,-80.4359
Mountain Home,NC,35.3696,-82.4929
Mountain View,NC,35.6832,-81.3690
Moyock,NC,36.5246,-76.1783
Mulberry,NC,36.2396,-81.1806
Murfreesboro,NC,36.4424,-77.0986
Murphy,NC,35.0876,-84.0346
Murraysville,NC,34.2957,-77.8475
Myrtle Grove,NC,34.1346,-77.8816
Nags Head,NC,35.9574,-75.6241
Nashville,NC,35.9746,-77.9655
Navassa,NC,34.2555,-78.0075
Neuse Forest,NC,34.9638,-76.9447
New Bern,NC,35.1085,-77.0441
Newland,NC,36.0874,-81.9273
Newport,NC,34.7865,-76.8591
Newton,NC,35.6699,-81.2215
Norlina,NC,36.4457,-78.1983
North Wilkesboro,NC,36.1585,-81.1476
Northchase,NC,34.3078,-77.8775
Northlakes,NC,35.7818,-81.3751
Norwood,NC,35.2196,-80.1189
Oak Island,NC,33.9166,-78.1611
Oak Ridge,NC,36.1735,-79.9889
Oakboro,NC,35.2257,-80.3290
Ogden,NC,34.2724,-77.8186
Oxford,NC,36.3107,-78.5908
Pembroke,NC,34.6802,-79.1950
Pilot Mountain,NC,36.3865,-80.4695
Pine Knoll Shores,NC,34.6974,-76.8133
Pine Level,NC,35.5132,-78.2444
Pinebluff,NC,35.1099,-79.4723
Pinehurst,NC,35.1954,-79.4695
Pinetops,NC,35.7885,-77.6377
Pineville,NC,35.0832,-80.8923
Piney Green,NC,34.7160,-77.3202
Pittsboro,NC,35.7201,-79.1772
Plain View,NC,35.2485,-78.5553
Pleasant Garden,NC,35.9621,-79.7622
Pleasant Hill,NC,35.8735,-79.4817
Plymouth,NC,35.8668,-76.7486
Polkton,NC,35.0076,-80.2009
Pope Air Force Base  (historical),NC,35.1713,-79.0104
Princeton,NC,35.4660,-78.1606
Princeville,NC,35.8896,-77.5322
Pumpkin Center,NC,35.5193,-81.1412
Pumpkin Center,NC,34.7916,-77.3725
Raeford,NC,34.9810,-79.2242
Raleigh,NC,35.7721,-78.6386
Ramseur,NC,35.7335,-79.6525
Randleman,NC,35.8179,-79.8031
Ranlo,NC,35.2863,-81.1304
Red Oak,NC,36.0385,-77.9064
Red Springs,NC,34.8152,-79.1831
Reidsville,NC,36.3549,-79.6645
Rhodhiss,NC,35.7740,-81.4312
Richlands,NC,34.8993,-77.5466
River Bend,NC,35.0690,-77.1469
River Road,NC,35.5068,-76.9908
Roanoke Rapids,NC,36.4615,-77.6542
Robbins,NC,35.4340,-79.5870
Robbinsville,NC,35.3229,-83.8074
Robersonville,NC,35.8252,-77.2491
Rockfish,NC,34.9927,-79.0661
Rockingham,NC,34.9393,-79.7739
Rockwell,NC,35.5513,-80.4065
Rocky Mount,NC,35.9382,-77.7905
Rocky Point,NC,34.4352,-77.8878
Rolesville,NC,35.9232,-78.4575
Rose Hill,NC,34.8282,-78.0230
Roseboro,NC,34.9530,-78.5086
Rowland,NC,34.5365,-79.2914
Roxboro,NC,36.3937,-78.9828
Royal Pines,NC,35.4751,-82.5160
Rural Hall,NC,36.2404,-80.2934
Rutherford College,NC,35.7485,-81.5226
Rutherfordton,NC,35.3693,-81.9568
Saint James,NC,33.9293,-78.1164
Saint Pauls,NC,34.8066,-78.9711
Saint Stephens,NC,35.7646,-81.2731
Salem,NC,35.6987,-81.6970
Salisbury,NC,35.6710,-80.4742
Sanford,NC,35.4799,-79.1803
Sawmills,NC,35.8248,-81.4745
Saxapahaw,NC,35.9474,-79.3220
Scotland Neck,NC,36.1296,-77.4202
Sea Breeze,NC,34.0632,-77.8914
Seagate,NC,34.2093,-77.8436
Selma,NC,35.5365,-78.2844
Seven Lakes,NC,35.2785,-79.5645
Shallotte,NC,33.9732,-78.3858
Sharpsburg,NC,35.8671,-77.8291
Shelby,NC,35.2923,-81.5357
Sherrills Ford,NC,35.6204,-80.9865
Siler City,NC,35.7235,-79.4622
Silver Lake,NC,34.1488,-77.9136
Skippers Corner,NC,34.3460,-77.9025
Smithfield,NC,35.5085,-78.3394
Sneads Ferry,NC,34.5527,-77.3972
Snow Hill,NC,35.4515,-77.6811
South Gastonia,NC,35.2193,-81.2056
South Henderson,NC,36.3082,-78.4067
South Rosemary,NC,36.4515,-77.6972
Southern Pines,NC,35.1741,-79.3923
Southern Shores,NC,36.1390,-75.7316
Southmont,NC,35.6679,-80.2670
Southport,NC,33.9182,-78.0193
Sparta,NC,36.5054,-81.1209
Spencer,NC,35.6924,-80.4348
Spindale,NC,35.3601,-81.9293
Spring Hope,NC,35.9451,-78.1119
Spring Lake,NC,35.1679,-78.9728
Spruce Pine,NC,35.9154,-82.0646
Stallings,NC,35.0907,-80.6862
Stanfield,NC,35.2335,-80.4270
Stanley,NC,35.3590,-81.0970
Statesville,NC,35.7826,-80.8873
Stedman,NC,35.0135,-78.6939
Stokesdale,NC,36.2371,-79.9795
Stoneville,NC,36.4665,-79.9070
Stony Point,NC,35.8635,-81.0473
Summerfield,NC,36.2088,-79.9048
Sunset Beach,NC,33.8807,-78.5122
Surf City,NC,34.4271,-77.5461
Swannanoa,NC,35.5979,-82.3998
Swanquarter,NC,35.4063,-76.3291
Swansboro,NC,34.6877,-77.1191
Swepsonville,NC,36.0213,-79.3614
Sylva,NC,35.3737,-83.2260
Tabor City,NC,34.1488,-78.8767
Tarboro,NC,35.8968,-77.5358
Taylorsville,NC,35.9218,-81.1765
Thomasville,NC,35.8826,-80.0820
Thurmond,NC,36.3665,-80.9284
Toast,NC,36.5004,-80.6265
Tobaccoville,NC,36.2382,-80.3714
Trent Woods,NC,35.0821,-77.0863
Trenton,NC,35.0671,-77.3527
Trinity,NC,35.8946,-79.9909
Troutman,NC,35.7007,-80.8881
Troy,NC,35.3585,-79.8945
Tryon,NC,35.2082,-82.2385
Tryon,NC,35.3399,-81.3220
Tyro,NC,35.8090,-80.3728
Unionville,NC,35.0874,-80.5090
Valdese,NC,35.7407,-81.5631
Valley Hill,NC,35.2985,-82.4832
Vander,NC,35.0321,-78.7947
Wadesboro,NC,34.9682,-80.0767
Wake Forest,NC,35.9799,-78.5097
Walkertown,NC,36.1754,-80.1531
Walkertown,NC,35.2857,-78.8136
Wallace,NC,34.7357,-77.9953
Wallburg,NC,36.0101,-80.1392
Walnut Cove,NC,36.2954,-80.1417
Wanchese,NC,35.8427,-75.6385
Warrenton,NC,36.3985,-78.1553
Warsaw,NC,34.9993,-78.0911
Washington,NC,35.5466,-77.0522
Waxhaw,NC,34.9246,-80.7434
Waynesville,NC,35.4887,-82.9887
Weaverville,NC,35.6970,-82.5607
Weddington,NC,35.0224,-80.7609
Welcome,NC,35.9029,-80.2570
Weldon,NC,36.4271,-77.5955
Wendell,NC,35.7810,-78.3697
Wentworth,NC,36.4001,-79.7745
Wesley Chapel,NC,35.0071,-80.6745
West Canton,NC,35.5379,-82.8582
West Jefferson,NC,36.4037,-81.4929
West Marion,NC,35.6579,-82.0254
Westport,NC,35.5012,-80.9787
Whispering Pines,NC,35.2557,-79.3722
White Plains,NC,35.2340,-81.3981
White Plains,NC,36.4457,-80.6334
Whiteville,NC,34.3388,-78.7031
Wilkesboro,NC,36.1460,-81.1606
Williamston,NC,35.8546,-77.0555
Wilmington,NC,34.2356,-77.9460
Wilson,NC,35.7213,-77.9155
Wilsons Mills,NC,35.5840,-78.3558
Windsor,NC,35.9985,-76.9461
Windsor,NC,35.5529,-77.3611
Wingate,NC,34.9843,-80.4492
Winston-Salem,NC,36.0999,-80.2442
Winterville,NC,35.5290,-77.4011
Winton,NC,36.3957,-76.9319
Woodfin,NC,35.6334,-82.5821
Wrightsboro,NC,34.2885,-77.9211
Wrightsville Beach,NC,34.2085,-77.7964
Yadkinville,NC,36.1346,-80.6595
Yanceyville,NC,36.4040,-79.3361
Youngsville,NC,36.0249,-78.4744
Zebulon,NC,35.8243,-78.3147
Amidon,ND,46.4822,-103.3218
Ashley,ND,46.0341,-99.3715
Beach,ND,46.9181,-104.0044
Belcourt,ND,48.8392,-99.7449
Belfield,ND,46.8853,-103.1996
Beulah,ND,47.2633,-101.7780
Bismarck,ND,46.8083,-100.7837
Bottineau,ND,48.8272,-100.4457
Bowbells,ND,48.8031,-102.2460
Bowman,ND,46.1831,-103.3949
Burlington,ND,48.2753,-101.4288
Cando,ND,48.4867,-99.2099
Carrington,ND,47.4497,-99.1262
Carson,ND,46.4178,-101.5649
Casselton,ND,46.9005,-97.2112
Cavalier,ND,48.7939,-97.6223
Center,ND,47.1164,-101.2996
Cooperstown,ND,47.4444,-98.1240
Crosby,ND,48.9142,-103.2949
Devils Lake,ND,48.1128,-98.8651
Dickinson,ND,46.8792,-102.7896
Ellendale,ND,46.0027,-98.5271
Fargo,ND,46.8772,-96.7898
Fessenden,ND,47.6492,-99.6293
Finley,ND,47.5142,-97.8359
Forman,ND,46.1077,-97.6365
Fort Totten,ND,47.9800,-98.9929
Fort Yates,ND,46.0869,-100.6301
Garrison,ND,47.6522,-101.4157
Grafton,ND,48.4122,-97.4106
Grand Forks,ND,47.9253,-97.0328
Grand Forks Air Force Base,ND,47.9549,-97.3866
Harvey,ND,47.7697,-99.9354
Hazen,ND,47.2944,-101.6227
Hettinger,ND,46.0014,-102.6368
Hillsboro,ND,47.4039,-97.0620
Horace,ND,46.7589,-96.9037
Jamestown,ND,46.9105,-98.7084
Kenmare,ND,48.6748,-102.0827
Killdeer,ND,47.3720,-102.7541
Lakota,ND,48.0428,-98.3362
Langdon,ND,48.7600,-98.3682
Larimore,ND,47.9067,-97.6268
Lincoln,ND,46.7625,-100.7004
Linton,ND,46.2667,-100.2329
Lisbon,ND,46.4416,-97.6812
Mandan,ND,46.8267,-100.8896
Manning,ND,47.2300,-102.7702
Mayville,ND,47.4980,-97.3245
McClusky,ND,47.4858,-100.4432
Medora,ND,46.9139,-103.5243
Minnewaukan,ND,48.0714,-99.2524
Minot,ND,48.2325,-101.2963
Minot Air Force Base,ND,48.4209,-101.3391
Mohall,ND,48.7634,-101.5132
Mott,ND,46.3725,-102.3271
Napoleon,ND,46.5083,-99.7712
New Rockford,ND,47.6800,-99.1379
New Town,ND,47.9808,-102.4902
Oakes,ND,46.1386,-98.0904
Park River,ND,48.3986,-97.7412
Parshall,ND,47.9534,-102.1349
Rolla,ND,48.8578,-99.6179
Rugby,ND,48.3689,-99.9963
Sheldon,ND,46.5858,-97.4912
Shell Valley,ND,48.7981,-99.8649
Stanley,ND,48.3172,-102.3905
Stanton,ND,47.3211,-101.3816
Steele,ND,46.8547,-99.9159
Surrey,ND,48.2364,-101.1335
Thompson,ND,47.7736,-97.1098
Tioga,ND,48.3972,-102.9382
Towner,ND,48.3458,-100.4054
Valley City,ND,46.9233,-98.0032
Velva,ND,48.0561,-100.9293
Wahpeton,ND,46.2652,-96.6059
Washburn,ND,47.2892,-101.0290
Watford City,ND,47.8022,-103.2832
West Fargo,ND,46.8750,-96.9004
Williston,ND,48.1470,-103.6180
Ainsworth,NE,42.5500,-99.8626
Albion,NE,41.6908,-98.0037
Alliance,NE,42.1016,-102.8722
Alma,NE,40.0975,-99.3620
Arapahoe,NE,40.3042,-99.9004
Arlington,NE,41.4525,-96.3511
Arthur,NE,41.5716,-101.6916
Ashland,NE,41.0392,-96.3684
Atkinson,NE,42.5314,-98.9781
Auburn,NE,40.3928,-95.8389
Aurora,NE,40.8672,-98.0042
Bartlett,NE,41.8853,-98.5523
Bassett,NE,42.5858,-99.5379
Battle Creek,NE,41.9995,-97.5984
Bayard,NE,41.7550,-103.3241
Beatrice,NE,40.2681,-96.7470
Beaver City,NE,40.1375,-99.8296
Bellevue,NE,41.1367,-95.8908
Benkelman,NE,40.0492,-101.5329
Bennington,NE,41.3647,-96.1578
Blair,NE,41.5444,-96.1250
Brewster,NE,41.9389,-99.8649
Bridgeport,NE,41.6653,-103.0991
Broken Bow,NE,41.4019,-99.6393
Burwell,NE,41.7817,-99.1332
Butte,NE,42.9114,-98.8493
Cambridge,NE,40.2820,-100.1657
Center,NE,42.6095,-97.8767
Central City,NE,41.1159,-98.0017
Chadron,NE,42.8294,-102.9999
Chalco,NE,41.1839,-96.1503
Chappell,NE,41.0928,-102.4707
Clay Center,NE,40.5217,-98.0553
Columbus,NE,41.4297,-97.3684
Cozad,NE,40.8597,-99.9873
Creighton,NE,42.4667,-97.9062
Crete,NE,40.6278,-96.9614
Dakota City,NE,42.4156,-96.4184
David City,NE,41.2528,-97.1300
Eagle,NE,40.8167,-96.4303
Elkhorn,NE,41.3450,-96.2560
Elwood,NE,40.5903,-99.8610
Fairbury,NE,40.1372,-97.1806
Falls City,NE,40.0608,-95.6019
Franklin,NE,40.0961,-98.9526
Fremont,NE,41.4333,-96.4981
Friend,NE,40.6536,-97.2862
Fullerton,NE,41.3633,-97.9692
Geneva,NE,40.5269,-97.5959
Gering,NE,41.8258,-103.6605
Gibbon,NE,40.7484,-98.8448
Gordon,NE,42.8047,-102.2032
Gothenburg,NE,40.9295,-100.1607
Grand Island,NE,40.9250,-98.3420
Grant,NE,40.8419,-101.7252
Greeley,NE,41.5486,-98.5312
Gretna,NE,41.1408,-96.2397
Harrisburg,NE,41.5564,-103.7386
Harrison,NE,42.6872,-103.8827
Hartington,NE,42.6225,-97.2645
Hastings,NE,40.5861,-98.3884
Hayes Center,NE,40.5108,-101.0196
Hebron,NE,40.1664,-97.5859
Hickman,NE,40.6200,-96.6292
Hillsborough,NE,41.3004,-96.1288
Holdrege,NE,40.4403,-99.3698
Hyannis,NE,42.0005,-101.7618
Imperial,NE,40.5169,-101.6432
Kearney,NE,40.6995,-99.0815
Kimball,NE,41.2358,-103.6630
La Vista,NE,41.1839,-96.0311
Lexington,NE,40.7808,-99.7415
Lincoln,NE,40.8000,-96.6670
Louisville,NE,40.9978,-96.1622
Loup City,NE,41.2756,-98.9668
Macy,NE,42.1131,-96.3564
Madison,NE,41.8283,-97.4550
McCook,NE,40.2019,-100.6257
Milford,NE,40.7745,-97.0506
Minden,NE,40.4986,-98.9479
Mitchell,NE,41.9402,-103.8086
Mullen,NE,42.0428,-101.0427
Nebraska City,NE,40.6767,-95.8592
Neligh,NE,42.1286,-98.0298
Nelson,NE,40.2017,-98.0678
Norfolk,NE,42.0283,-97.4170
North Bend,NE,41.4620,-96.7798
North Platte,NE,41.1239,-100.7654
O'Neill,NE,42.4578,-98.6476
Oakland,NE,41.8358,-96.4670
Offutt Air Force Base,NE,41.1202,-95.9210
Ogallala,NE,41.1281,-101.7196
Omaha,NE,41.2563,-95.9404
Ord,NE,41.6033,-98.9262
Osceola,NE,41.1797,-97.5476
Oshkosh,NE,41.4050,-102.3444
Papillion,NE,41.1544,-96.0422
Pawnee City,NE,40.1083,-96.1544
Pender,NE,42.1142,-96.7073
Pierce,NE,42.1992,-97.5267
Plainview,NE,42.3497,-97.7920
Plattsmouth,NE,41.0114,-95.8822
Ponca,NE,42.5625,-96.7056
Ralston,NE,41.2053,-96.0425
Ravenna,NE,41.0261,-98.9126
Red Cloud,NE,40.0889,-98.5195
Rushville,NE,42.7183,-102.4641
Saint Paul,NE,41.2147,-98.4581
Schuyler,NE,41.4472,-97.0595
Scottsbluff,NE,41.8666,-103.6672
Seward,NE,40.9070,-97.0989
Shelton,NE,40.7792,-98.7309
Sidney,NE,41.1428,-102.9780
South Sioux City,NE,42.4739,-96.4136
Springfield,NE,41.0819,-96.1345
Springview,NE,42.8244,-99.7490
Stanton,NE,41.9503,-97.2239
Stapleton,NE,41.4803,-100.5129
Stockville,NE,40.5328,-100.3835
Stromsburg,NE,41.1142,-97.5989
Superior,NE,40.0209,-98.0700
Sutherland,NE,41.1569,-101.1263
Sutton,NE,40.6056,-97.8592
Syracuse,NE,40.6572,-96.1864
Taylor,NE,41.7703,-99.3787
Tecumseh,NE,40.3667,-96.1961
Tekamah,NE,41.7783,-96.2211
Terrytown,NE,41.8475,-103.6616
Thedford,NE,41.9783,-100.5763
Trenton,NE,40.1756,-101.0129
Tryon,NE,41.5528,-100.9577
Valentine,NE,42.8728,-100.5510
Valley,NE,41.3128,-96.3461
Wahoo,NE,41.2114,-96.6203
Wakefield,NE,42.2692,-96.8650
Waterloo,NE,41.2869,-96.2856
Waverly,NE,40.9175,-96.5283
Wayne,NE,42.2306,-97.0178
Weeping Water,NE,40.8700,-96.1406
West Point,NE,41.8417,-96.7086
Wilber,NE,40.4814,-96.9606
Wisner,NE,41.9872,-96.9142
Wood River,NE,40.8206,-98.6001
Wymore,NE,40.1222,-96.6625
York,NE,40.8681,-97.5920
Yutan,NE,41.2450,-96.3972
Alexandria,NH,43.6115,-71.7929
Allenstown,NH,43.1567,-71.4048
Alstead,NH,43.1490,-72.3606
Andover,NH,43.4370,-71.8234
Antrim,NH,43.0309,-71.9390
Ashland,NH,43.6953,-71.6306
Atkinson,NH,42.8384,-71.1470
Auburn,NH,43.0045,-71.3484
Barnstead,NH,43.3340,-71.2928
Barrington,NH,43.2229,-71.0470
Bedford,NH,42.9465,-71.5159
Belmont,NH,43.4454,-71.4779
Berlin,NH,44.4687,-71.1851
Boscawen,NH,43.3151,-71.6209
Bow Bog,NH,43.1206,-71.5115
Brentwood,NH,42.9787,-71.0728
Bridgewater,NH,43.6384,-71.7365
Bristol,NH,43.5912,-71.7368
Brookline,NH,42.7348,-71.6581
Candia,NH,43.0779,-71.2767
Canterbury,NH,43.3370,-71.5653
Center Harbor,NH,43.7098,-71.4604
Charlestown,NH,43.2387,-72.4245
Chester,NH,42.9567,-71.2573
Chesterfield,NH,42.8873,-72.4704
Chichester,NH,43.2493,-71.3998
Claremont,NH,43.3767,-72.3468
Colebrook,NH,44.8945,-71.4959
Concord,NH,43.2081,-71.5376
Contoocook,NH,43.2220,-71.7140
Conway,NH,43.9792,-71.1204
Danbury,NH,43.5256,-71.8618
Danville,NH,42.9126,-71.1245
Deerfield,NH,44.2306,-71.6170
Deering,NH,43.0731,-71.8445
Derry,NH,42.8806,-71.3273
Derry Village,NH,42.8918,-71.3120
Dover,NH,43.1979,-70.8737
Dublin,NH,42.9076,-72.0626
Durham,NH,43.1340,-70.9265
East Concord,NH,43.2420,-71.5381
East Kingston,NH,42.9256,-71.0167
East Merrimack,NH,42.8681,-71.4834
Effingham,NH,43.7612,-70.9964
Enfield,NH,43.6406,-72.1440
Epping,NH,43.0334,-71.0742
Epsom,NH,43.2229,-71.3320
Exeter,NH,42.9815,-70.9478
Farmington,NH,43.3898,-71.0651
Fitzwilliam,NH,42.7806,-72.1418
Francestown,NH,42.9876,-71.8126
Franklin,NH,43.4442,-71.6473
Freedom,NH,43.8123,-71.0356
Fremont,NH,42.9909,-71.1426
Gilford,NH,43.5476,-71.4067
Gilmanton,NH,43.4243,-71.4145
Goffstown,NH,43.0204,-71.6004
Gorham,NH,44.3878,-71.1731
Grafton,NH,43.5587,-71.9440
Grantham,NH,43.4895,-72.1376
Greenfield,NH,42.9506,-71.8723
Greenland,NH,43.0362,-70.8328
Greenville,NH,42.7673,-71.8123
Groveton,NH,44.5987,-71.5112
Hampstead,NH,42.8745,-71.1812
Hampton,NH,42.9376,-70.8389
Hampton Beach,NH,42.9073,-70.8120
Hampton Falls,NH,42.9162,-70.8637
Hanover,NH,43.7023,-72.2895
Harrisville,NH,42.9451,-72.0965
Haverhill,NH,44.0345,-72.0640
Henniker,NH,43.1798,-71.8223
Hill,NH,43.5242,-71.7009
Hillsborough,NH,43.1141,-71.8992
Hinsdale,NH,42.7862,-72.4865
Holderness,NH,43.7320,-71.5884
Hollis,NH,42.7431,-71.5917
Hooksett,NH,43.0968,-71.4651
Hopkinton,NH,43.1915,-71.6753
Hudson,NH,42.7648,-71.4398
Jaffrey,NH,42.8140,-72.0231
Jefferson,NH,44.4190,-71.4745
Keene,NH,42.9337,-72.2781
Kensington,NH,42.9270,-70.9439
Kingston,NH,42.9365,-71.0534
Laconia,NH,43.5279,-71.4703
Lancaster,NH,44.4890,-71.5692
Lebanon,NH,43.6423,-72.2518
Lee,NH,43.1231,-71.0114
Lempster,NH,43.2384,-72.2106
Litchfield,NH,42.8443,-71.4798
Littleton,NH,44.3062,-71.7701
Londonderry,NH,42.8651,-71.3739
Lyme,NH,43.8095,-72.1559
Lyndeborough,NH,42.9076,-71.7665
Madbury,NH,43.1692,-70.9240
Madison,NH,43.8992,-71.1484
Manchester,NH,42.9956,-71.4548
Marlborough,NH,42.9042,-72.2079
Mason,NH,42.7437,-71.7690
Meredith,NH,43.6576,-71.5003
Merrimack,NH,42.8651,-71.4934
Milan,NH,44.5734,-71.1851
Milford,NH,42.8354,-71.6490
Mont Vernon,NH,42.8945,-71.6742
Moultonborough,NH,43.7548,-71.3967
Nashua,NH,42.7654,-71.4676
New Boston,NH,42.9762,-71.6940
New Castle,NH,43.0723,-70.7172
New Durham,NH,43.4368,-71.1723
New Ipswich,NH,42.7481,-71.8542
New London,NH,43.4140,-71.9851
Newbury,NH,43.3215,-72.0359
Newmarket,NH,43.0829,-70.9351
Newport,NH,43.3653,-72.1734
Newton,NH,42.8695,-71.0345
North Conway,NH,44.0537,-71.1284
North Hampton,NH,42.9726,-70.8298
North Haverhill,NH,44.0903,-72.0265
Northfield,NH,43.4331,-71.5923
Northumberland,NH,44.5634,-71.5587
Northwood,NH,43.1942,-71.1509
Nottingham,NH,43.1145,-71.0998
Orford,NH,43.9053,-72.1401
Ossipee,NH,43.6854,-71.1167
Pelham,NH,42.7345,-71.3245
Pembroke,NH,43.1467,-71.4576
Peterborough,NH,42.8706,-71.9518
Pinardville,NH,42.9943,-71.5073
Pittsfield,NH,43.3059,-71.3242
Plaistow,NH,42.8365,-71.0948
Plymouth,NH,43.7570,-71.6881
Portsmouth,NH,43.0770,-70.7577
Raymond,NH,43.0362,-71.1834
Richmond,NH,42.7548,-72.2717
Rindge,NH,42.7512,-72.0098
Rochester,NH,43.3045,-70.9756
Rollinsford,NH,43.2362,-70.8203
Rumney,NH,43.8053,-71.8126
Rye,NH,43.0134,-70.7709
Salem,NH,42.7884,-71.2009
Salisbury,NH,43.3801,-71.7170
Sanbornton,NH,43.4892,-71.5823
Sanbornville,NH,43.5543,-71.0309
Sandown,NH,42.9287,-71.1870
Sandwich,NH,43.7903,-71.4112
Seabrook,NH,42.8948,-70.8712
Somersworth,NH,43.2617,-70.8653
South Hooksett,NH,43.0265,-71.4353
Springfield,NH,43.4951,-72.0334
Strafford,NH,43.3270,-71.1842
Stratford,NH,44.6551,-71.5556
Stratham Station,NH,43.0529,-70.8953
Sunapee,NH,43.3876,-72.0879
Suncook,NH,43.1306,-71.4531
Sutton,NH,43.3342,-71.9515
Swanzey,NH,42.8698,-72.2818
Tamworth,NH,43.8598,-71.2631
Temple,NH,42.8181,-71.8515
Thornton,NH,43.8929,-71.6759
Tilton,NH,43.4423,-71.5890
Tilton-Northfield,NH,43.4430,-71.5936
Troy,NH,42.8240,-72.1812
Tuftonboro,NH,43.6965,-71.2220
Unity,NH,43.2940,-72.2604
Wakefield,NH,43.5681,-71.0301
Weare,NH,43.0948,-71.7306
Webster,NH,43.3290,-71.7179
West Swanzey,NH,42.8701,-72.3217
Westmoreland,NH,42.9620,-72.4423
Whitefield,NH,44.3731,-71.6101
Wilmot,NH,43.4517,-71.9137
Wilton,NH,42.8434,-71.7351
Winchester,NH,42.7734,-72.3831
Windham,NH,42.8006,-71.3042
Wolfeboro,NH,43.5840,-71.2073
Woodstock,NH,43.9776,-71.6851
Woodsville,NH,44.1523,-72.0373
Absecon,NJ,39.4284,-74.4957
Allendale,NJ,41.0415,-74.1290
Allentown,NJ,40.1779,-74.5835
Alloway,NJ,39.5609,-75.3624
Alpha,NJ,40.6670,-75.1574
Alpine,NJ,40.9559,-73.9313
Annandale,NJ,40.6409,-74.8813
Asbury Park,NJ,40.2204,-74.0121
Ashland,NJ,39.8632,-75.0060
Atco,NJ,39.7698,-74.8874
Atlantic City,NJ,39.3642,-74.4231
Atlantic Highlands,NJ,40.4079,-74.0343
Audubon,NJ,39.8909,-75.0730
Audubon Park,NJ,39.8965,-75.0877
Avalon,NJ,39.1012,-74.7177
Avenel,NJ,40.5804,-74.2852
Avon-by-the-Sea,NJ,40.1923,-74.0160
Barnegat,NJ,39.7532,-74.2229
Barrington,NJ,39.8648,-75.0552
Basking Ridge,NJ,40.7062,-74.5493
Bayonne,NJ,40.6687,-74.1143
Bayville,NJ,39.9093,-74.1549
Beach Haven,NJ,39.5593,-74.2432
Beach Haven West,NJ,39.6698,-74.2318
Beachwood,NJ,39.9390,-74.1929
Beattystown,NJ,40.8132,-74.8429
Beckett,NJ,39.7540,-75.3574
Bedminster,NJ,40.6807,-74.6454
Belford,NJ,40.4259,-74.0868
Belleville,NJ,40.7937,-74.1501
Bellmawr,NJ,39.8676,-75.0946
Belmar,NJ,40.1784,-74.0218
Belvidere,NJ,40.8298,-75.0777
Bergenfield,NJ,40.9276,-73.9974
Berkeley Heights,NJ,40.6834,-74.4427
Berlin,NJ,39.7912,-74.9291
Bernardsville,NJ,40.7187,-74.5693
Beverly,NJ,40.0654,-74.9191
Blackwood,NJ,39.8023,-75.0641
Bloomfield,NJ,40.8068,-74.1854
Bloomingdale,NJ,41.0020,-74.3265
Bloomingdale,NJ,40.4976,-74.6474
Bogota,NJ,40.8762,-74.0299
Boonton,NJ,40.9026,-74.4071
Bordentown,NJ,40.1462,-74.7118
Bound Brook,NJ,40.5684,-74.5385
Bradley Beach,NJ,40.2023,-74.0121
Bradley Gardens,NJ,40.5629,-74.6546
Brass Castle,NJ,40.7648,-75.0110
Brick,NJ,40.0593,-74.1371
Bridgeton,NJ,39.4273,-75.2341
Bridgewater,NJ,40.6008,-74.6482
Brielle,NJ,40.1079,-74.0565
Brigantine,NJ,39.4101,-74.3646
Brookdale,NJ,40.8337,-74.1829
Brooklawn,NJ,39.8782,-75.1207
Browns Mills,NJ,39.9726,-74.5829
Brownville,NJ,40.4007,-74.2952
Budd Lake,NJ,40.8712,-74.7340
Buena,NJ,39.5137,-74.9246
Burlington,NJ,40.0712,-74.8649
Butler,NJ,41.0037,-74.3415
Caldwell,NJ,40.8398,-74.2765
Califon,NJ,40.7195,-74.8357
Camden,NJ,39.9260,-75.1196
Cape May,NJ,38.9351,-74.9060
Cape May Court House,NJ,39.0826,-74.8238
Carlstadt,NJ,40.8404,-74.0907
Carneys Point,NJ,39.7112,-75.4702
Carteret,NJ,40.5773,-74.2282
Cedar Glen Lakes,NJ,39.9523,-74.3999
Cedar Glen West,NJ,40.0421,-74.2926
Cedar Grove,NJ,40.8518,-74.2290
Cedar Knolls,NJ,40.8220,-74.4488
Chatham,NJ,40.7409,-74.3838
Cherry Hill,NJ,39.9348,-75.0307
Cherry Hill Mall,NJ,39.9359,-75.0091
Chesilhurst,NJ,39.7323,-74.8810
Chester,NJ,40.7843,-74.6968
Cinnaminson,NJ,39.9968,-74.9927
Clark,NJ,40.6300,-74.3100
Clayton,NJ,39.6601,-75.0921
Clearbrook Park,NJ,40.3098,-74.4646
Clementon,NJ,39.8115,-74.9829
Cliffside Park,NJ,40.8215,-73.9876
Cliffwood Beach,NJ,40.4421,-74.2168
Clifton,NJ,40.8584,-74.1638
Clinton,NJ,40.6368,-74.9099
Closter,NJ,40.9731,-73.9615
Collings Lakes,NJ,39.5957,-74.8816
Collingswood,NJ,39.9182,-75.0713
Colonia,NJ,40.5746,-74.3021
Colts Neck,NJ,40.2876,-74.1724
Columbus,NJ,40.0726,-74.7207
Concordia,NJ,40.3109,-74.4482
Country Lake Estates,NJ,39.9426,-74.5440
Cranbury,NJ,40.3162,-74.5138
Crandon Lakes,NJ,41.1243,-74.8399
Cranford,NJ,40.6584,-74.2996
Cresskill,NJ,40.9415,-73.9593
Crestwood Village,NJ,39.9482,-74.3607
Dayton,NJ,40.3726,-74.5101
Delanco,NJ,40.0507,-74.9535
Demarest,NJ,40.9573,-73.9635
Denville,NJ,40.8923,-74.4774
Dover,NJ,40.8840,-74.5621
Dover Beaches North,NJ,39.9912,-74.0637
Dover Beaches South,NJ,39.9557,-74.0743
Dumont,NJ,40.9406,-73.9968
Dunellen,NJ,40.5893,-74.4718
East Brunswick,NJ,40.4279,-74.4160
East Franklin,NJ,40.4933,-74.4711
East Freehold,NJ,40.2809,-74.2513
East Hanover,NJ,40.8201,-74.3649
East Newark,NJ,40.7484,-74.1618
East Orange,NJ,40.7673,-74.2049
East Rutherford,NJ,40.8340,-74.0971
Eatontown,NJ,40.2962,-74.0510
Echelon,NJ,39.8484,-74.9957
Edgewater,NJ,40.8270,-73.9757
Edgewater Park,NJ,40.0682,-74.9007
Edison,NJ,40.5187,-74.4121
Egg Harbor City,NJ,39.5287,-74.6479
Elizabeth,NJ,40.6640,-74.2107
Ellisburg,NJ,39.9137,-75.0105
Elmer,NJ,39.5951,-75.1702
Elmwood Park,NJ,40.9040,-74.1185
Elwood,NJ,39.5765,-74.7168
Emerson,NJ,40.9762,-74.0263
Englewood,NJ,40.8929,-73.9726
Englewood Cliffs,NJ,40.8854,-73.9524
Englishtown,NJ,40.2973,-74.3582
Erma,NJ,38.9878,-74.9017
Essex Fells,NJ,40.8245,-74.2846
Estell Manor,NJ,39.4121,-74.7424
Ewing,NJ,40.2698,-74.7999
Fair Haven,NJ,40.3607,-74.0382
Fair Lawn,NJ,40.9404,-74.1318
Fairfield,NJ,40.8837,-74.3060
Fairton,NJ,39.3818,-75.2199
Fairview,NJ,40.8126,-73.9990
Fairview,NJ,40.3732,-74.0868
Fanwood,NJ,40.6409,-74.3835
Farmingdale,NJ,40.1965,-74.1685
Finderne,NJ,40.5632,-74.5777
Flemington,NJ,40.5123,-74.8593
Florence,NJ,39.7343,-74.9182
Florence,NJ,40.1195,-74.8054
Florham Park,NJ,40.7879,-74.3882
Folsom,NJ,39.6021,-74.8427
Fords,NJ,40.5293,-74.3160
Forked River,NJ,39.8398,-74.1901
Fort Dix,NJ,40.0298,-74.6185
Fort Lee,NJ,40.8509,-73.9701
Franklin,NJ,41.1220,-74.5804
Franklin Center,NJ,40.5315,-74.5414
Franklin Lakes,NJ,41.0168,-74.2057
Franklin Park,NJ,40.4390,-74.5352
Freehold,NJ,40.2601,-74.2738
Frenchtown,NJ,40.5262,-75.0616
Garfield,NJ,40.8815,-74.1132
Garwood,NJ,40.6518,-74.3229
Gibbsboro,NJ,39.8382,-74.9649
Gibbstown,NJ,39.8251,-75.2835
Gladstone,NJ,40.7226,-74.6654
Glassboro,NJ,39.7029,-75.1118
Glen Gardner,NJ,40.6968,-74.9407
Glen Ridge,NJ,40.8054,-74.2038
Glen Rock,NJ,40.9629,-74.1329
Glendora,NJ,39.8396,-75.0735
Gloucester City,NJ,39.8928,-75.1204
Golden Triangle,NJ,39.9279,-75.0388
Green Knoll,NJ,40.6001,-74.6121
Greentree,NJ,39.8971,-74.9557
Groveville,NJ,40.1698,-74.6715
Guttenberg,NJ,40.7921,-74.0037
Hackensack,NJ,40.8859,-74.0435
Hackettstown,NJ,40.8540,-74.8291
Haddon Heights,NJ,39.8773,-75.0646
Haddonfield,NJ,39.8915,-75.0377
Haledon,NJ,40.9357,-74.1863
Hamburg,NJ,41.1534,-74.5763
Hamilton Square,NJ,40.2273,-74.6532
Hammonton,NJ,39.6365,-74.8024
Hampton,NJ,40.7070,-74.9560
Hanover,NJ,40.8045,-74.3668
Hardwick,NJ,41.0545,-74.9321
Harrington Park,NJ,40.9837,-73.9799
Harrison,NJ,40.7465,-74.1563
Hasbrouck Heights,NJ,40.8582,-74.0807
Haskell,NJ,41.0284,-74.2960
Haworth,NJ,40.9609,-73.9901
Hawthorne,NJ,40.9493,-74.1538
Heathcote,NJ,40.3887,-74.5757
Helmetta,NJ,40.3768,-74.4246
High Bridge,NJ,40.6671,-74.8957
Highland Lake,NJ,41.1768,-74.4565
Highland Park,NJ,40.4959,-74.4243
Highlands,NJ,40.4037,-73.9915
Hightstown,NJ,40.2696,-74.5232
Hillsborough,NJ,40.4776,-74.6268
Hillsdale,NJ,41.0026,-74.0404
Hillside,NJ,40.7012,-74.2301
Ho-Ho-Kus,NJ,40.9965,-74.1012
Hoboken,NJ,40.7440,-74.0324
Holiday City South,NJ,39.9532,-74.2378
Holiday City-Berkeley,NJ,39.9638,-74.2780
Holiday Heights,NJ,39.9460,-74.2540
Hopatcong,NJ,40.9329,-74.6593
Hopatcong Hills,NJ,40.9440,-74.6707
Hopewell,NJ,40.3893,-74.7618
Irvington,NJ,40.7323,-74.2349
Iselin,NJ,40.5754,-74.3224
Island Heights,NJ,39.9421,-74.1499
Jackson,NJ,39.7765,-74.8624
Jamesburg,NJ,40.3526,-74.4402
Jersey City,NJ,40.7282,-74.0776
Keansburg,NJ,40.4418,-74.1299
Kearny,NJ,40.7684,-74.1454
Kendall Park,NJ,40.4209,-74.5607
Kenilworth,NJ,40.6765,-74.2907
Kenvil,NJ,40.8798,-74.6185
Keyport,NJ,40.4332,-74.1996
Kingston,NJ,40.3754,-74.6135
Kingston Estates,NJ,39.9237,-74.9879
Kinnelon,NJ,41.0018,-74.3671
Lake Como,NJ,40.1598,-74.0282
Lake Hiawatha,NJ,40.8826,-74.3815
Lake Hopatcong,NJ,40.9484,-74.6171
Lake Mohawk,NJ,41.0184,-74.6602
Lake Telemark,NJ,40.9568,-74.4979
Lakehurst,NJ,40.0146,-74.3113
Lakewood,NJ,40.0979,-74.2176
Lambertville,NJ,40.3659,-74.9429
Landing,NJ,40.9051,-74.6652
Laurel Lake,NJ,39.3396,-75.0299
Laurel Springs,NJ,39.8201,-75.0063
Laurence Harbor,NJ,40.4568,-74.2465
Lavallette,NJ,39.9704,-74.0687
Lawnside,NJ,39.8665,-75.0282
Lawrenceville,NJ,40.2973,-74.7296
Lebanon,NJ,40.6418,-74.8360
Leisure Knoll,NJ,40.0190,-74.2921
Leisure Village,NJ,40.0426,-74.1849
Leisure Village East,NJ,40.0301,-74.1643
Leisure Village West-Pine Lake Park,NJ,40.0042,-74.2663
Leisuretowne,NJ,39.8923,-74.7021
Leonardo,NJ,40.4173,-74.0621
Leonia,NJ,40.8615,-73.9882
Lincoln Park,NJ,40.9243,-74.3021
Lincroft,NJ,40.3307,-74.1210
Linden,NJ,40.6221,-74.2446
Lindenwold,NJ,39.8243,-74.9977
Linwood,NJ,39.3398,-74.5752
Little Falls,NJ,40.8690,-74.2082
Little Ferry,NJ,40.8529,-74.0421
Little Silver,NJ,40.3368,-74.0471
Livingston,NJ,40.7959,-74.3149
Lodi,NJ,40.8823,-74.0832
Long Branch,NJ,40.3043,-73.9924
Long Valley,NJ,40.7859,-74.7802
Lumberton,NJ,39.9659,-74.8052
Lyndhurst,NJ,40.8120,-74.1243
Madison,NJ,40.7598,-74.4171
Madison Park,NJ,40.4515,-74.3079
Magnolia,NJ,39.9498,-74.6607
Magnolia,NJ,39.8546,-75.0391
Mahwah,NJ,41.0887,-74.1438
Manahawkin,NJ,39.6954,-74.2588
Manasquan,NJ,40.1262,-74.0493
Manville,NJ,40.5409,-74.5877
Maple Shade,NJ,39.9526,-74.9924
Maplewood,NJ,40.7312,-74.2735
Margate City,NJ,39.3279,-74.5035
Marlboro,NJ,40.3154,-74.2463
Marlton,NJ,39.8912,-74.9218
Martinsville,NJ,40.6012,-74.5590
Matawan,NJ,40.4148,-74.2296
Mays Landing,NJ,39.4523,-74.7277
Maywood,NJ,40.9026,-74.0618
McGuire AFB,NJ,40.0398,-74.5817
Medford Lakes,NJ,39.8584,-74.8029
Mendham,NJ,40.7759,-74.6007
Mercerville,NJ,40.2371,-74.6865
Mercerville-Hamilton Square,NJ,40.2313,-74.6722
Merchantville,NJ,39.9473,-75.0666
Metuchen,NJ,40.5432,-74.3632
Middlebush,NJ,40.4976,-74.5293
Middlesex,NJ,40.5726,-74.4926
Middletown,NJ,40.3943,-74.1171
Midland Park,NJ,40.9893,-74.1407
Milford,NJ,40.5687,-75.0946
Millburn,NJ,40.7248,-74.3040
Milltown,NJ,40.4562,-74.4432
Millville,NJ,39.4021,-75.0393
Monmouth Beach,NJ,40.3304,-73.9815
Monmouth Junction,NJ,40.3790,-74.5465
Montclair,NJ,40.8259,-74.2090
Montvale,NJ,41.0468,-74.0229
Moonachie,NJ,40.8412,-74.0451
Moorestown-Lenola,NJ,39.9659,-74.9644
Morganville,NJ,40.3765,-74.2443
Morris Plains,NJ,40.8218,-74.4810
Morristown,NJ,40.7968,-74.4815
Mount Arlington,NJ,40.9259,-74.6349
Mount Ephraim,NJ,39.8785,-75.0927
Mount Holly,NJ,39.9929,-74.7877
Mount Laurel,NJ,39.9340,-74.8910
Mountain Lakes,NJ,40.8948,-74.4329
Mountainside,NJ,40.6723,-74.3574
Mullica Hill,NJ,39.7393,-75.2241
Mystic Island,NJ,39.5443,-74.3824
National Park,NJ,39.8659,-75.1788
Navesink,NJ,40.3995,-74.0354
Neptune City,NJ,40.2001,-74.0279
Netcong,NJ,40.8990,-74.7065
New Brunswick,NJ,40.4862,-74.4518
New Egypt,NJ,40.0676,-74.5307
New Milford,NJ,40.9351,-74.0190
New Providence,NJ,40.6984,-74.4015
Newark,NJ,40.7357,-74.1724
Newfield,NJ,39.5469,-75.0264
Newton,NJ,41.0581,-74.7527
North Arlington,NJ,40.7884,-74.1332
North Beach Haven,NJ,39.5732,-74.2315
North Bergen,NJ,40.8043,-74.0121
North Brunswick,NJ,40.4540,-74.4820
North Caldwell,NJ,40.8648,-74.2582
North Cape May,NJ,38.9821,-74.9579
North Haledon,NJ,40.9551,-74.1860
North Middletown,NJ,40.4395,-74.1190
North Plainfield,NJ,40.6301,-74.4274
North Wildwood,NJ,39.0007,-74.7993
Northfield,NJ,39.3704,-74.5502
Northfield,NJ,40.7743,-74.3246
Northvale,NJ,41.0065,-73.9490
Norwood,NJ,40.9982,-73.9618
Nutley,NJ,40.8223,-74.1599
Oak Valley,NJ,39.8012,-75.1624
Oakhurst,NJ,40.2709,-74.0162
Oakland,NJ,41.0132,-74.2643
Oaklyn,NJ,39.9010,-75.0846
Ocean Acres,NJ,39.7435,-74.2810
Ocean City,NJ,39.2776,-74.5746
Ocean Gate,NJ,39.9268,-74.1338
Ocean Grove,NJ,40.2121,-74.0065
Oceanport,NJ,40.3182,-74.0151
Ogdensburg,NJ,41.0818,-74.5924
Old Bridge,NJ,40.4148,-74.3654
Old Tappan,NJ,41.0106,-73.9912
Olivet,NJ,39.5482,-75.1546
Oradell,NJ,40.9587,-74.0368
Orange,NJ,40.7707,-74.2327
Oxford,NJ,40.8032,-74.9896
Palisades Park,NJ,40.8482,-73.9976
Palmyra,NJ,40.0071,-75.0282
Paramus,NJ,40.9445,-74.0754
Park Ridge,NJ,41.0376,-74.0407
Parsippany,NJ,40.8579,-74.4260
Passaic,NJ,40.8568,-74.1285
Paterson,NJ,40.9168,-74.1718
Paulsboro,NJ,39.8304,-75.2405
Peapack,NJ,40.7168,-74.6565
Pemberton,NJ,39.9721,-74.6829
Pemberton Heights,NJ,39.9626,-74.6788
Pennington,NJ,40.3284,-74.7907
Penns Grove,NJ,39.7296,-75.4680
Pennsauken,NJ,39.9562,-75.0580
Pennsville,NJ,39.6534,-75.5166
Perth Amboy,NJ,40.5068,-74.2654
Phillipsburg,NJ,40.6937,-75.1902
Pine Beach,NJ,39.9359,-74.1710
Pine Hill,NJ,39.7843,-74.9921
Pine Lake Park,NJ,40.0032,-74.2565
Pine Ridge at Crestwood,NJ,39.9546,-74.3152
Piscataway,NJ,40.4993,-74.3990
Pitman,NJ,39.7329,-75.1316
Plainfield,NJ,40.6337,-74.4074
Plainsboro Center,NJ,40.3318,-74.5946
Pleasantville,NJ,39.3898,-74.5240
Point Pleasant,NJ,40.0832,-74.0682
Point Pleasant Beach,NJ,40.0912,-74.0479
Pomona,NJ,39.4785,-74.5752
Pompton Lakes,NJ,41.0054,-74.2907
Port Monmouth,NJ,40.4301,-74.0985
Port Norris,NJ,39.2460,-75.0352
Port Reading,NJ,40.5654,-74.2604
Port Republic,NJ,39.5207,-74.4857
Presidential Lakes Estates,NJ,39.9137,-74.5646
Princeton,NJ,40.3487,-74.6590
Princeton Junction,NJ,40.3173,-74.6199
Princeton Meadows,NJ,40.3318,-74.5638
Prospect Park,NJ,40.2404,-74.7663
Prospect Park,NJ,40.9370,-74.1743
Rahway,NJ,40.6082,-74.2776
Ramblewood,NJ,39.9287,-74.9438
Ramsey,NJ,41.0573,-74.1410
Ramtown,NJ,40.1210,-74.1437
Randolph,NJ,40.8483,-74.5815
Raritan,NJ,40.5695,-74.6329
Red Bank,NJ,40.3471,-74.0643
Richwood,NJ,39.7226,-75.1655
Ridgefield,NJ,40.8343,-74.0088
Ridgefield Park,NJ,40.8570,-74.0215
Ridgewood,NJ,40.9793,-74.1165
Ringwood,NJ,41.1134,-74.2454
Rio Grande,NJ,39.0146,-74.8816
River Edge,NJ,40.9287,-74.0399
River Vale,NJ,40.9954,-74.0121
Riverdale,NJ,40.9940,-74.3035
Riverton,NJ,40.0115,-75.0149
Robbinsville,NJ,40.2146,-74.6193
Robertsville,NJ,40.3462,-74.2879
Rochelle Park,NJ,40.9073,-74.0751
Rockaway,NJ,40.9012,-74.5143
Roebling,NJ,40.1159,-74.7863
Roseland,NJ,40.8207,-74.2938
Roselle,NJ,40.6522,-74.2588
Roselle Park,NJ,40.6645,-74.2643
Rosenhayn,NJ,39.4782,-75.1313
Rossmoor,NJ,40.3365,-74.4735
Rumson,NJ,40.3721,-73.9990
Runnemede,NJ,39.8523,-75.0679
Rutherford,NJ,40.8265,-74.1068
Saddle Brook,NJ,40.8990,-74.0926
Saddle River,NJ,41.0318,-74.1021
Salem,NJ,39.5718,-75.4671
Sayreville,NJ,40.4593,-74.3610
Sayreville Junction,NJ,40.4654,-74.3304
Scotch Plains,NJ,40.6554,-74.3899
Sea Bright,NJ,40.3615,-73.9740
Sea Girt,NJ,40.1321,-74.0346
Sea Isle City,NJ,39.1534,-74.6929
Seabrook Farms,NJ,39.5010,-75.2180
Seaside Heights,NJ,39.9443,-74.0729
Seaside Park,NJ,39.9268,-74.0771
Secaucus,NJ,40.7895,-74.0565
Sewaren,NJ,40.5521,-74.2588
Sewell,NJ,39.7665,-75.1443
Shark River Hills,NJ,40.1940,-74.0487
Ship Bottom,NJ,39.6429,-74.1804
Short Hills,NJ,40.7479,-74.3254
Shrewsbury,NJ,40.1826,-74.5293
Shrewsbury,NJ,40.3295,-74.0615
Sicklerville,NJ,39.7173,-74.9693
Silver Ridge,NJ,39.9630,-74.2380
Singac,NJ,40.8868,-74.2410
Sixmile Run,NJ,40.4576,-74.5115
Smithville,NJ,39.4940,-74.4571
Society Hill,NJ,40.5340,-74.4579
Somerdale,NJ,39.8440,-75.0227
Somers Point,NJ,39.3176,-74.5946
Somerset,NJ,40.4976,-74.4885
Somerville,NJ,40.5743,-74.6099
South Amboy,NJ,40.4779,-74.2907
South Belmar,NJ,40.1709,-74.0274
South Bound Brook,NJ,40.5534,-74.5315
South Hackensack,NJ,40.8626,-74.0479
South Old Bridge,NJ,40.4082,-74.3543
South Orange,NJ,40.7490,-74.2613
South Plainfield,NJ,40.5793,-74.4115
South River,NJ,40.4465,-74.3860
South Toms River,NJ,39.9421,-74.2043
South Vineland,NJ,39.4460,-75.0288
Sparta,NJ,41.0334,-74.6385
Spotswood,NJ,40.3918,-74.3985
Spring Lake,NJ,40.1534,-74.0282
Spring Lake Heights,NJ,40.1520,-74.0390
Springdale,NJ,39.8810,-74.9700
Springfield,NJ,40.7049,-74.3172
Stanhope,NJ,40.9029,-74.7091
Stratford,NJ,39.8268,-75.0155
Strathmore,NJ,40.3959,-74.2135
Succasunna,NJ,40.8684,-74.6404
Summit,NJ,40.7156,-74.3647
Surf City,NJ,39.6621,-74.1651
Sussex,NJ,41.2098,-74.6077
Swedesboro,NJ,39.7476,-75.3105
Teaneck,NJ,40.8976,-74.0160
Ten Mile Run,NJ,40.4130,-74.6022
Tenafly,NJ,40.9254,-73.9629
Tinton Falls,NJ,40.3043,-74.1004
Toms River,NJ,39.9537,-74.1979
Totowa,NJ,40.9051,-74.2099
Trenton,NJ,40.2171,-74.7429
Tuckerton,NJ,39.6032,-74.3401
Turnersville,NJ,39.7732,-75.0513
Twin Rivers,NJ,40.2640,-74.4913
Union,NJ,40.6976,-74.2632
Union Beach,NJ,40.4465,-74.1782
Union City,NJ,40.7796,-74.0238
Upper Montclair,NJ,40.8462,-74.2013
Upper Pohatcong,NJ,40.6775,-75.1558
Upper Saddle River,NJ,41.0584,-74.0985
Ventnor City,NJ,39.3404,-74.4774
Vernon Center,NJ,41.1888,-74.5041
Vernon Valley,NJ,41.2368,-74.4871
Verona,NJ,40.8298,-74.2401
Victory Gardens,NJ,40.8759,-74.5424
Victory Lakes,NJ,39.6332,-74.9660
Villas,NJ,39.0287,-74.9385
Vincentown,NJ,39.9340,-74.7485
Vineland,NJ,39.4862,-75.0257
Vista Center,NJ,40.1593,-74.3179
Voorhees,NJ,40.4795,-74.4906
Waldwick,NJ,41.0106,-74.1179
Wallington,NJ,40.8532,-74.1137
Wanamassa,NJ,40.2318,-74.0254
Wanaque,NJ,41.0382,-74.2940
Waretown,NJ,39.7915,-74.1951
Warren Township,NJ,40.6082,-74.5180
Washington,NJ,40.7584,-74.9793
Watchung,NJ,40.6379,-74.4510
Wayne,NJ,40.9254,-74.2765
Weehawken,NJ,40.7696,-74.0204
Wenonah,NJ,39.7946,-75.1488
West Belmar,NJ,40.1693,-74.0354
West Caldwell,NJ,40.8485,-74.2969
West Cape May,NJ,38.9387,-74.9418
West Freehold,NJ,40.2421,-74.3013
West Long Branch,NJ,40.2904,-74.0176
West Milford,NJ,41.1312,-74.3674
West New York,NJ,40.7879,-74.0143
West Orange,NJ,40.7987,-74.2390
Westfield,NJ,40.6590,-74.3474
Weston,NJ,40.5220,-74.5780
Westville,NJ,39.8679,-75.1316
Westville,NJ,40.8445,-74.2996
Westwood,NJ,40.9912,-74.0326
Wharton,NJ,40.8931,-74.5818
Whippany,NJ,40.8245,-74.4171
White Horse,NJ,40.1907,-74.7024
White Meadow Lake,NJ,40.9237,-74.5107
Whitehouse Station,NJ,40.6154,-74.7704
Whitesboro,NJ,39.0390,-74.8568
Whitesboro-Burleigh,NJ,39.0431,-74.8654
Whittingham,NJ,40.3298,-74.4451
Wildwood,NJ,38.9918,-74.8149
Wildwood Crest,NJ,38.9748,-74.8335
Williamstown,NJ,39.6862,-74.9952
Willingboro,NJ,40.0279,-74.8691
Winfield,NJ,40.6426,-74.2854
Wood-Lynne,NJ,39.9173,-75.0963
Wood-Ridge,NJ,40.8457,-74.0879
Woodbine,NJ,39.2418,-74.8152
Woodbridge,NJ,40.5576,-74.2846
Woodbury,NJ,39.8382,-75.1527
Woodbury Heights,NJ,39.8171,-75.1552
Woodcliff Lake,NJ,41.0234,-74.0665
Woodland Park,NJ,40.8898,-74.1949
Woodstown,NJ,39.6515,-75.3282
Wyckoff,NJ,41.0095,-74.1729
Yardville,NJ,40.1812,-74.6643
Yorketown,NJ,40.3079,-74.3376
Baie Verte,NL,49.9333,-56.1815
Bay Bulls,NL,47.3166,-52.8147
Bay Roberts,NL,47.5999,-53.2648
Bay St. George South,NL,48.2278,-58.8416
Bishop's Falls,NL,49.0166,-55.4815
Bonavista,NL,48.6499,-53.1147
Botwood,NL,49.1499,-55.3482
Burgeo,NL,47.6167,-57.6152
Burin,NL,47.0829,-55.1907
Carbonear,NL,47.7392,-53.2272
Centreville-Wareham-Trinity,NL,49.0110,-53.8890
Channel-Port aux Basques,NL,47.5729,-59.1381
Clarenville,NL,48.1666,-53.9648
Clarenville-Shoal Harbour,NL,48.1805,-53.9698
Clarke's Beach,NL,47.5425,-53.2839
Conception Bay South,NL,47.4999,-52.9981
Corner Brook,NL,48.9500,-57.9520
Deer Lake,NL,49.1667,-57.4316
Flatrock,NL,47.6999,-52.7148
Fogo Island,NL,49.7165,-54.1698
Fortune,NL,47.0667,-55.8316
Gambo,NL,48.7832,-54.2148
Gander,NL,48.9562,-54.6165
Glovertown,NL,48.6832,-54.0314
Goulds,NL,47.4553,-52.7755
Grand Bank,NL,47.0999,-55.7650
Grand Falls-Windsor,NL,48.9332,-55.6649
Happy Valley-Goose Bay,NL,53.3038,-60.3258
Harbour Breton,NL,47.4832,-55.7983
Harbour Grace,NL,47.6865,-53.2326
Harbour Main-Chapel's Cove-Lakeview,NL,47.4166,-53.1648
Holyrood,NL,47.3832,-53.1314
Humber Arm South,NL,49.0091,-58.1348
Irishtown-Summerside,NL,48.9833,-57.9817
Kippens,NL,48.5500,-58.6318
Labrador City,NL,52.9463,-66.9114
Lewisporte,NL,49.2434,-55.0620
Logy Bay-Middle Cove-Outer Cove,NL,47.6332,-52.6813
Marystown,NL,47.1666,-55.1483
Massey Drive,NL,48.9333,-57.8984
Mount Pearl,NL,47.5166,-52.7814
Nain,NL,56.5419,-61.6955
New-Wes-Valley,NL,49.1499,-53.5647
Paradise,NL,47.5291,-52.8814
Pasadena,NL,49.0167,-57.5984
Placentia,NL,47.2332,-53.9648
Portugal Cove-St. Phillip's,NL,47.6294,-52.8480
Pouch Cove,NL,47.7666,-52.7647
Sheshatshiu,NL,53.5187,-60.1459
Spaniard's Bay,NL,47.6166,-53.2814
Springdale,NL,49.4999,-56.0649
St. Alban's,NL,47.8666,-55.8483
St. Anthony,NL,51.3704,-55.5974
St. George's,NL,48.4285,-58.4815
St. John's,NL,47.5649,-52.7093
St. Lawrence,NL,46.9166,-55.3983
Stephenville,NL,48.5500,-58.5818
Stephenville Crossing,NL,48.5037,-58.4375
Torbay,NL,47.6666,-52.7313
Trinity Bay North,NL,48.5221,-53.0713
Twillingate,NL,49.6499,-54.7649
Upper Island Cove,NL,47.6499,-53.2148
Victoria,NL,47.7666,-53.2314
Wabana,NL,47.6332,-52.9481
Wabush,NL,52.9001,-66.8654
Whitbourne,NL,47.4166,-53.5314
Witless Bay,NL,47.2832,-52.8314
Agua Fria,NM,35.6545,-106.0222
Alamo,NM,34.4209,-107.5109
Alamogordo,NM,32.8995,-105.9603
Albuquerque,NM,35.0845,-106.6511
Angel Fire,NM,36.3931,-105.2850
Anthony,NM,32.0040,-106.6058
Arenas Valley,NM,32.7940,-108.1842
Arroyo Seco,NM,36.5167,-105.5692
Artesia,NM,32.8423,-104.4033
Atoka,NM,32.7696,-104.3889
Aztec,NM,36.8222,-107.9929
Bayard,NM,32.7617,-108.1306
Belen,NM,34.6628,-106.7764
Berino,NM,32.0709,-106.6214
Bernalillo,NM,35.3000,-106.5511
Black Rock,NM,35.0884,-108.7912
Bloomfield,NM,36.7111,-107.9845
Boles Acres,NM,32.8070,-105.9861
Bosque Farms,NM,34.8548,-106.7053
Cannon Air Force Base,NM,34.3969,-103.3244
Capitan,NM,33.5454,-105.5722
Carlsbad,NM,32.4207,-104.2288
Carnuel,NM,35.0639,-106.4573
Carrizozo,NM,33.6417,-105.8772
Chama,NM,36.9031,-106.5795
Chaparral,NM,32.0238,-106.3857
Chimayo,NM,36.0039,-105.9470
Church Rock,NM,35.5339,-108.5998
Clayton,NM,36.4517,-103.1841
Clovis,NM,34.4048,-103.2052
Columbus,NM,31.8276,-107.6400
Corrales,NM,35.2378,-106.6067
Crownpoint,NM,35.6781,-108.1512
Deming,NM,32.2687,-107.7586
Dexter,NM,33.1973,-104.3730
Dona Ana,NM,32.3895,-106.8139
Dulce,NM,36.9336,-106.9989
Edgewood,NM,35.0614,-106.1914
El Cerro,NM,34.7740,-106.7040
El Cerro Mission,NM,34.7623,-106.6445
El Rancho,NM,35.8892,-106.0798
El Valle de Arroyo Seco,NM,35.9628,-106.0295
Eldorado at Santa Fe,NM,35.5264,-105.9347
Elephant Butte,NM,33.1487,-107.1847
Enchanted Hills,NM,35.3368,-106.5930
Espanola,NM,35.9911,-106.0806
Estancia,NM,34.7584,-106.0559
Eunice,NM,32.4373,-103.1591
Farmington,NM,36.7281,-108.2187
Flora Vista,NM,36.7944,-108.0803
Fort Sumner,NM,34.4717,-104.2455
Gallup,NM,35.5281,-108.7426
Grants,NM,35.1476,-107.8526
Hagerman,NM,33.1151,-104.3269
Hatch,NM,32.6654,-107.1531
Hobbs,NM,32.7026,-103.1360
Holloman Air Force Base,NM,32.8483,-106.0998
Hurley,NM,32.6992,-108.1320
Jal,NM,32.1132,-103.1935
Jarales,NM,34.6131,-106.7636
Jemez Pueblo,NM,35.6142,-106.7283
Keeler Farm,NM,32.3161,-107.7602
Kirtland,NM,36.7342,-108.3598
La Cienega,NM,35.5628,-106.1309
La Huerta,NM,32.4429,-104.2211
La Luz,NM,32.9779,-105.9419
La Mesilla,NM,35.9484,-106.0706
La Puebla,NM,35.9892,-105.9964
La Union,NM,31.9507,-106.6617
Laguna,NM,35.0367,-107.3828
Las Cruces,NM,32.3123,-106.7783
Las Maravillas,NM,34.7381,-106.6685
Las Vegas,NM,35.5939,-105.2239
Lee Acres,NM,35.1487,-106.6470
Lee Acres,NM,36.6989,-108.0367
Lordsburg,NM,32.3504,-108.7087
Los Alamos,NM,35.8881,-106.3070
Los Chavez,NM,34.7257,-106.7573
Los Lunas,NM,34.8062,-106.7334
Los Ranchos de Albuquerque,NM,35.1620,-106.6428
Loving,NM,32.2862,-104.0958
Lovington,NM,32.9440,-103.3486
McIntosh,NM,34.8648,-106.0517
Meadow Lake,NM,34.8014,-106.5436
Mescalero,NM,33.1576,-105.7742
Mesilla,NM,32.2701,-106.8008
Mesquite,NM,32.1645,-106.6967
Milan,NM,35.1698,-107.8909
Monterey Park,NM,34.7590,-106.6409
Mora,NM,35.9742,-105.3300
Moriarty,NM,34.9900,-106.0492
Mosquero,NM,35.7770,-103.9566
Nambe,NM,35.8934,-105.9825
Navajo,NM,35.9000,-109.0340
Navajo,NM,36.9461,-107.0631
North Valley,NM,35.1734,-106.6234
Ohkay Owingeh,NM,36.0508,-106.0690
Paradise Hills,NM,35.2006,-106.7011
Pecos,NM,35.5742,-105.6750
Peralta,NM,34.8370,-106.6906
Placitas,NM,35.3070,-106.4248
Pojoaque,NM,35.8928,-106.0231
Ponderosa Pine,NM,34.9770,-106.3242
Portales,NM,34.1862,-103.3344
Questa,NM,36.7039,-105.5950
Radium Springs,NM,32.5012,-106.9281
Ranchos de Taos,NM,36.3586,-105.6095
Raton,NM,36.9034,-104.4391
Reserve,NM,33.7131,-108.7578
Rio Communities,NM,34.6496,-106.7340
Rio Rancho,NM,35.2334,-106.6645
Roswell,NM,33.3944,-104.5249
Ruidoso,NM,33.3317,-105.6730
Ruidoso Downs,NM,33.3290,-105.6044
San Felipe Pueblo,NM,35.4339,-106.4467
San Miguel,NM,32.1554,-106.7350
San Ysidro,NM,32.3509,-106.8111
Sandia Heights,NM,35.1770,-106.4914
Sandia Knolls,NM,35.1639,-106.3114
Santa Clara,NM,32.7795,-108.1503
Santa Clara Pueblo,NM,35.9656,-106.0886
Santa Fe,NM,35.6870,-105.9378
Santa Rosa,NM,34.9387,-104.6825
Santa Teresa,NM,36.1534,-106.6795
Santa Teresa,NM,31.8559,-106.6392
Santo Domingo Pueblo,NM,35.5148,-106.3659
Shiprock,NM,36.7856,-108.6870
Silver City,NM,32.7701,-108.2803
Skyline-Ganipa,NM,35.0328,-107.6140
Socorro,NM,34.0584,-106.8914
South Valley,NM,35.0100,-106.6781
Spencerville,NM,36.8200,-108.0581
Sunland Park,NM,31.7965,-106.5800
Taos,NM,36.4072,-105.5731
Taos Pueblo,NM,36.4386,-105.5444
Texico,NM,34.3887,-103.0513
Thoreau,NM,35.4025,-108.2234
Tierra Amarilla,NM,36.7003,-106.5498
Tome,NM,34.7409,-106.7284
Truth or Consequences,NM,33.1284,-107.2528
Tucumcari,NM,35.1719,-103.7269
Tularosa,NM,33.0740,-106.0186
Twin Lakes,NM,35.7092,-108.7748
University Park,NM,32.2834,-106.7533
Upper Fruitland,NM,36.7158,-108.3142
Vado,NM,32.1118,-106.6625
Valencia,NM,34.7995,-106.7003
Waterflow,NM,36.7597,-108.4818
West Hammond,NM,36.6807,-108.0492
White Rock,NM,35.8275,-106.2039
White Sands,NM,32.3809,-106.4794
Zuni Pueblo,NM,35.0725,-108.8506
Albert Bridge,NS,46.0165,-60.0595
Albro Lake,NS,44.6841,-63.5813
Amherst,NS,45.8334,-64.1987
Antigonish,NS,45.6168,-61.9986
Barrington,NS,43.5628,-65.5617
Beaver Bank,NS,44.8248,-63.6808
Bedford,NS,44.7255,-63.6673
Beechville,NS,44.6362,-63.6820
Berwick,NS,45.0502,-64.7321
Bible Hill,NS,45.3750,-63.2380
Bridgeview,NS,44.6713,-63.6559
Bridgewater,NS,44.3786,-64.5188
Brookside,NS,44.5540,-63.7239
Burnside,NS,44.7017,-63.6005
Centreville,NS,45.1335,-64.5321
Chester,NS,44.5423,-64.2389
Coldbrook,NS,45.0669,-64.5821
Convoy Place,NS,44.6679,-63.6143
Cow Bay,NS,44.6314,-63.4322
Coxheath,NS,46.1168,-60.2317
Dartmouth,NS,44.6713,-63.5772
Debert,NS,45.4335,-63.4654
Digby,NS,44.6219,-65.7586
Dominion,NS,46.2168,-60.0151
Eastern Passage,NS,44.6168,-63.4820
Enfield,NS,44.9434,-63.5361
English Corner,NS,44.7334,-63.7820
Eskasoni 3,NS,45.9452,-60.6162
Fall River,NS,44.8169,-63.6154
Florence,NS,46.2599,-60.2659
Glace Bay,NS,46.1970,-59.9570
Green Acres,NS,44.5950,-63.5994
Greenwood,NS,44.9741,-64.9317
Halifax,NS,44.6427,-63.5769
Hammonds Plains,NS,44.7339,-63.7755
Hantsport,NS,45.0666,-64.1797
Hayes Subdivision,NS,45.0552,-64.5880
Herring Cove,NS,44.5703,-63.5682
Howie Centre,NS,46.0752,-60.2685
Hubley,NS,44.6734,-63.8222
Ingonish,NS,46.7001,-60.3652
Inverness,NS,46.2334,-61.2985
Kearney Lake,NS,44.6870,-63.6850
Kentville,NS,45.0771,-64.4960
Kingston,NS,44.9918,-64.9409
Lake Echo,NS,44.7334,-63.3820
Lantz,NS,44.9834,-63.4820
Lawrencetown,NS,44.6596,-63.3673
Liverpool,NS,44.0364,-64.7204
Louisbourg,NS,45.9205,-59.9710
Louisdale,NS,45.6069,-61.0664
Lower Economy,NS,45.4013,-63.9859
Lower Sackville,NS,44.7760,-63.6786
Lunenburg,NS,44.3785,-64.3166
Mabou,NS,46.0668,-61.3818
Mahone Bay,NS,44.4488,-64.3816
Marion Bridge,NS,45.9809,-60.2123
Middle Sackville,NS,44.8170,-63.7150
Middleton,NS,44.9428,-65.0702
Middleton,NS,45.7166,-63.1793
Milford Station,NS,45.0408,-63.4364
Mineville,NS,44.6916,-63.3747
Mount Uniacke,NS,44.9001,-63.8320
Musquodoboit Harbour,NS,44.7835,-63.1487
New Glasgow,NS,45.5834,-62.6486
New Minas,NS,45.0691,-64.4696
New Victoria,NS,46.2537,-60.1278
New Waterford,NS,46.2501,-60.0817
North Sydney,NS,46.2078,-60.2549
Oxford,NS,45.7334,-63.8654
Parrsboro,NS,45.4057,-64.3259
Pictou,NS,45.6788,-62.7094
Port Hawkesbury,NS,45.6165,-61.3564
Port Hood,NS,46.0168,-61.5318
Port Wallace,NS,44.6988,-63.5477
Port Williams,NS,45.1001,-64.4155
Porters Lake,NS,44.7377,-63.3131
Preston,NS,44.7157,-63.4342
Princeville,NS,45.7668,-61.2985
Reserve Mines,NS,46.1803,-60.0196
River John,NS,45.7501,-63.0487
Scotchtown,NS,46.2389,-60.0997
Shad Bay,NS,44.5229,-63.7874
Shelburne,NS,43.7632,-65.3235
Springfield Lake,NS,44.8135,-63.7446
Springhill,NS,45.6501,-64.0487
Spryfield,NS,44.6116,-63.6177
St. Peter's,NS,45.6566,-60.8742
Stellarton,NS,45.5585,-62.6607
Stewiacke,NS,45.1335,-63.3487
Stillwater Lake,NS,44.6990,-63.8352
Sydney,NS,46.1351,-60.1831
Sydney Forks,NS,46.0604,-60.3038
Sydney Mines,NS,46.2367,-60.2177
Tam O'Shanter Ridge,NS,44.6890,-63.5268
Thornhill,NS,44.6035,-63.6115
Tidnish,NS,45.9937,-64.0095
Timberlea,NS,44.6624,-63.7463
Trenton,NS,45.6155,-62.6374
Truro,NS,45.3668,-63.2654
Upper Hammonds Plains,NS,44.7545,-63.8417
Upper Sackville,NS,44.8190,-63.7600
Waverley,NS,44.7835,-63.5987
Westmount,NS,46.1355,-60.2192
Westville,NS,45.5669,-62.7153
Whitney Pier,NS,46.1593,-60.1866
Windsor,NS,44.9834,-64.1320
Windsor Junction,NS,44.7894,-63.6423
Wolfville,NS,45.0834,-64.3655
Yarmouth,NS,43.8334,-66.1156
Behchoko,NT,62.8025,-116.0464
Fort Simpson,NT,61.8627,-121.3516
Fort Smith,NT,60.0044,-111.8887
Gameti,NT,64.1120,-117.3530
Hay River,NT,60.8156,-115.7999
Inuvik,NT,68.3617,-133.7282
Nahanni Butte,NT,61.0335,-123.3864
Norman Wells,NT,65.2820,-126.8329
Yellowknife,NT,62.4541,-114.3725
Arviat,NU,61.1088,-94.0585
Baker Lake,NU,64.3201,-96.0212
Cambridge Bay,NU,69.1149,-105.0548
Clyde River,NU,70.4723,-68.5899
Coral Harbour,NU,64.1383,-83.1654
Gjoa Haven,NU,68.6260,-95.8784
Igloolik,NU,69.3777,-81.7999
Iqaluit,NU,63.7470,-68.5173
Kinngait,NU,64.2338,-76.5437
Kugluktuk,NU,67.8274,-115.0965
Naujaat,NU,66.5291,-86.2437
Pangnirtung,NU,66.1464,-65.7000
Pond Inlet,NU,72.6992,-77.9595
Rankin Inlet,NU,62.8091,-92.0853
Sanikiluaq,NU,56.5411,-79.2258
Alamo,NV,37.3650,-115.1645
Battle Mountain,NV,40.6421,-116.9343
Beatty,NV,36.9086,-116.7592
Boulder City,NV,35.9786,-114.8325
Bunkerville,NV,36.7730,-114.1280
Caliente,NV,37.6150,-114.5119
Carlin,NV,40.7138,-116.1040
Carson City,NV,39.1638,-119.7674
Cold Springs,NV,39.6802,-119.9766
Dayton,NV,39.2371,-119.5930
East Valley,NV,38.9434,-119.6992
Elko,NV,40.8324,-115.7631
Ely,NV,39.2474,-114.8886
Enterprise,NV,36.0252,-115.2419
Eureka,NV,39.5127,-115.9606
Fallon,NV,39.4735,-118.7774
Fernley,NV,39.6080,-119.2518
Gardnerville,NV,38.9413,-119.7496
Gardnerville Ranchos,NV,38.8882,-119.7413
Golden Valley,NV,39.6155,-119.8266
Goldfield,NV,37.7085,-117.2356
Hawthorne,NV,38.5246,-118.6246
Henderson,NV,36.0397,-114.9819
Incline Village,NV,39.2513,-119.9730
Indian Hills,NV,39.0860,-119.7841
Jackpot,NV,41.9832,-114.6748
Johnson Lane,NV,39.0480,-119.7221
Kingsbury,NV,38.9771,-119.9069
Las Vegas,NV,36.1750,-115.1372
Laughlin,NV,35.1678,-114.5730
Lemmon Valley,NV,39.6360,-119.8432
Lovelock,NV,40.1793,-118.4735
McGill,NV,39.4049,-114.7786
Mesquite,NV,36.8055,-114.0672
Minden,NV,38.9541,-119.7657
Moapa Town,NV,36.6822,-114.5942
Moapa Valley,NV,36.5805,-114.4703
Mogul,NV,39.5138,-119.9260
Nellis Air Force Base,NV,36.2461,-115.0572
North Las Vegas,NV,36.1989,-115.1175
Pahrump,NV,36.2083,-115.9839
Paradise,NV,36.0972,-115.1467
Pioche,NV,37.9297,-114.4522
Reno,NV,39.5296,-119.8138
Sandy Valley,NV,35.8169,-115.6322
Silver Springs,NV,39.4155,-119.2246
Smith,NV,38.8005,-119.3274
Smith Valley,NV,38.7842,-119.3443
Spanish Springs,NV,39.6491,-119.7074
Sparks,NV,39.5349,-119.7527
Spring Creek,NV,40.7266,-115.5859
Spring Valley,NV,36.1080,-115.2450
Stagecoach,NV,39.3738,-119.3741
Summerlin South,NV,36.1171,-115.3300
Sun Valley,NV,39.5963,-119.7760
Sunrise Manor,NV,36.2111,-115.0731
Tonopah,NV,38.0672,-117.2301
Topaz Ranch Estates,NV,38.7356,-119.5008
Verdi,NV,39.5182,-119.9888
Virginia City,NV,39.3096,-119.6496
Wells,NV,41.1116,-114.9645
West Wendover,NV,40.7391,-114.0734
Whitney,NV,36.0983,-115.0363
Winchester,NV,36.1300,-115.1189
Winnemucca,NV,40.9730,-117.7357
Yerington,NV,38.9858,-119.1629
Adams,NY,43.8092,-76.0241
Adams Center,NY,43.8601,-76.0055
Addison,NY,42.1028,-77.2336
Airmont,NY,41.1009,-74.1162
Akron,NY,43.0209,-78.4953
Alabama,NY,43.0964,-78.3909
Albany,NY,42.6526,-73.7562
Albertson,NY,40.7734,-73.6432
Albion,NY,43.2465,-78.1936
Alden,NY,42.9001,-78.4920
Alexandria Bay,NY,44.3359,-75.9177
Alfred,NY,42.2542,-77.7905
Allegany,NY,42.0901,-78.4942
Altamont,NY,42.7006,-74.0337
Amagansett,NY,40.9737,-72.1437
Amherst,NY,42.9784,-78.7998
Amityville,NY,40.6790,-73.4171
Amsterdam,NY,42.9387,-74.1882
Andover,NY,42.1565,-77.7956
Angola,NY,42.6384,-79.0278
Angola on the Lake,NY,42.6548,-79.0489
Apalachin,NY,42.0695,-76.1547
Aquebogue,NY,40.9445,-72.6270
Arcade,NY,42.5339,-78.4231
Ardsley,NY,41.0106,-73.8438
Arlington,NY,41.6959,-73.8968
Armonk,NY,41.1265,-73.7140
Athens,NY,42.2604,-73.8096
Atlantic Beach,NY,40.5890,-73.7290
Attica,NY,42.8642,-78.2803
Auburn,NY,42.9317,-76.5661
Augusta,NY,42.9748,-75.5013
Averill Park,NY,42.6340,-73.5537
Avon,NY,42.9120,-77.7456
Babylon,NY,40.6957,-73.3257
Bainbridge,NY,42.2934,-75.4793
Baiting Hollow,NY,40.9562,-72.7443
Baldwin,NY,40.6565,-73.6093
Baldwin Harbor,NY,40.6395,-73.6085
Baldwinsville,NY,43.1587,-76.3327
Ballston Lake,NY,42.9117,-73.8682
Ballston Spa,NY,43.0009,-73.8490
Balmville,NY,41.5348,-74.0149
Bardonia,NY,41.1095,-73.9963
Barnum Island,NY,40.6046,-73.6440
Barryville,NY,41.4776,-74.9110
Batavia,NY,42.9981,-78.1875
Bath,NY,42.3370,-77.3178
Baxter Estates,NY,40.8348,-73.6954
Bay Park,NY,40.6332,-73.6704
Bay Shore,NY,40.7251,-73.2454
Bay Wood,NY,40.7501,-73.2912
Bayport,NY,40.7384,-73.0507
Bayville,NY,40.9106,-73.5621
Beacon,NY,41.5048,-73.9696
Beaver Dam Lake,NY,41.4474,-74.1146
Beaverdam Lake-Salisbury Mills,NY,41.4416,-74.1163
Bedford,NY,41.2043,-73.6437
Bedford Hills,NY,41.2368,-73.6946
Bellerose,NY,40.7243,-73.7151
Bellerose Terrace,NY,40.7207,-73.7260
Bellmore,NY,40.6687,-73.5271
Bellport,NY,40.7570,-72.9393
Belmont,NY,42.2231,-78.0345
Bergen,NY,43.0853,-77.9422
Berne,NY,42.6253,-74.1335
Bernhards Bay,NY,43.2445,-75.9335
Bethpage,NY,40.7443,-73.4821
Big Flats,NY,42.1373,-76.9369
Big Flats Airport,NY,42.1693,-76.8898
Billington Heights,NY,42.7842,-78.6264
Binghamton,NY,42.0987,-75.9180
Black River,NY,44.0126,-75.7944
Blasdell,NY,42.7973,-78.8234
Blauvelt,NY,41.0634,-73.9576
Blossvale,NY,43.2798,-75.6435
Blue Point,NY,40.7440,-73.0345
Bohemia,NY,40.7693,-73.1151
Bolivar,NY,42.0667,-78.1678
Bolivar,NY,43.0712,-75.8888
Boonville,NY,43.4837,-75.3366
Boston,NY,42.6290,-78.7375
Braman Corners,NY,42.8087,-74.2187
Branchport,NY,42.5987,-77.1539
Brentwood,NY,40.7812,-73.2462
Brewerton,NY,43.2381,-76.1408
Brewster,NY,41.3973,-73.6171
Brewster Hill,NY,41.4240,-73.6043
Briarcliff Manor,NY,41.1457,-73.8238
Bridgehampton,NY,40.9379,-72.3009
Bridgeport,NY,43.1553,-75.9694
Bridgeport,NY,42.9159,-76.7524
Brighton,NY,43.1476,-77.5506
Brightwaters,NY,40.7209,-73.2673
Brinckerhoff,NY,41.5440,-73.8682
Broadalbin,NY,43.0587,-74.1965
Brockport,NY,43.2137,-77.9392
Brocton,NY,42.3887,-79.4412
Bronxville,NY,40.9382,-73.8321
Brookhaven,NY,40.7793,-72.9154
Brooklyn,NY,40.6501,-73.9496
Brookville,NY,40.8132,-73.5674
Brownville,NY,44.0070,-75.9841
Brownville,NY,41.7998,-74.3807
Buchanan,NY,41.2620,-73.9382
Buffalo,NY,42.8865,-78.8784
Byron,NY,43.0798,-78.0639
Cairo,NY,42.2990,-73.9985
Calcium,NY,44.0217,-75.8460
Caledonia,NY,42.9731,-77.8528
Calverton,NY,40.9065,-72.7434
Cambridge,NY,43.0281,-73.3812
Camden,NY,43.3345,-75.7480
Camillus,NY,43.0392,-76.3041
Canajoharie,NY,42.9056,-74.5718
Canandaigua,NY,42.8742,-77.2880
Canastota,NY,43.0795,-75.7507
Canisteo,NY,42.2704,-77.6058
Canton,NY,44.5956,-75.1691
Carle Place,NY,40.7526,-73.6104
Carmel,NY,41.4301,-73.6801
Carmel Hamlet,NY,41.4149,-73.6852
Carthage,NY,43.9781,-75.6094
Cassville,NY,42.9459,-75.2543
Castleton-on-Hudson,NY,42.5184,-73.7512
Catskill,NY,42.2173,-73.8646
Cayuga Heights,NY,42.4601,-76.4878
Cazenovia,NY,42.9301,-75.8527
Cedarhurst,NY,40.6229,-73.7243
Celoron,NY,42.1095,-79.2831
Center Moriches,NY,40.8004,-72.7898
Centereach,NY,40.8584,-73.0995
Centerport,NY,43.0409,-76.5927
Centerport,NY,40.8854,-73.3762
Central Islip,NY,40.7906,-73.2018
Central Square,NY,43.2867,-76.1460
Central Valley,NY,41.3318,-74.1210
Chadwicks,NY,43.0279,-75.2716
Champlain,NY,44.9864,-73.4465
Chappaqua,NY,41.1595,-73.7648
Chatham,NY,42.3642,-73.5948
Cheektowaga,NY,42.9034,-78.7548
Chenango Bridge,NY,42.1667,-75.8624
Chester,NY,41.3626,-74.2713
Chestnut Ridge,NY,41.0843,-74.0557
Chittenango,NY,43.0451,-75.8666
Churchville,NY,43.1042,-77.8845
Cicero,NY,43.1756,-76.1194
Cincinnatus,NY,42.5423,-75.8958
Clarence,NY,42.9767,-78.5920
Clarence Center,NY,43.0106,-78.6375
Clark Mills,NY,43.0923,-75.3796
Clarkson,NY,43.2331,-77.9275
Clay,NY,43.1859,-76.1724
Clayton,NY,44.2395,-76.0858
Clifton Park,NY,42.8656,-73.7709
Clifton Springs,NY,42.9617,-77.1400
Clinton,NY,43.0484,-75.3785
Clinton Corners,NY,41.8301,-73.7623
Clintondale,NY,41.6948,-74.0512
Clyde,NY,43.0842,-76.8694
Clymer,NY,42.0209,-79.6300
Cobleskill,NY,42.6778,-74.4854
Cohoes,NY,42.7742,-73.7001
Cold Spring,NY,41.4201,-73.9546
Cold Spring Harbor,NY,40.8715,-73.4568
Colonie,NY,42.7179,-73.8335
Commack,NY,40.8429,-73.2929
Congers,NY,41.1506,-73.9454
Conklin,NY,42.0342,-75.8038
Constantia,NY,43.2478,-76.0002
Cooperstown,NY,42.7005,-74.9243
Copiague,NY,40.6815,-73.3998
Coram,NY,40.8687,-73.0015
Corinth,NY,43.2445,-73.8323
Corning,NY,42.1429,-77.0547
Cornwall,NY,41.4448,-74.0157
Cortland,NY,42.6012,-76.1805
Cortland West,NY,42.5943,-76.2259
Cortlandt Manor,NY,41.2800,-73.8716
Country Knolls,NY,42.9151,-73.8051
Coxsackie,NY,42.3509,-73.8029
Crompond,NY,41.2880,-73.8480
Cropseyville,NY,42.7490,-73.5573
Croton-on-Hudson,NY,41.2084,-73.8912
Crown Heights,NY,41.6420,-73.9290
Crown Point,NY,43.9503,-73.4371
Crugers,NY,41.2334,-73.9226
Cuba,NY,42.2176,-78.2753
Cumberland Head,NY,44.7164,-73.4026
Cutchogue,NY,41.0107,-72.4851
Dannemora,NY,44.7214,-73.7237
Dansville,NY,42.5609,-77.6961
Deansboro,NY,42.9951,-75.4285
Deer Park,NY,40.7618,-73.3293
Delevan,NY,42.4892,-78.4809
Delhi,NY,42.2781,-74.9160
Delmar,NY,42.6220,-73.8326
Depew,NY,42.9040,-78.6923
Deposit,NY,42.0601,-75.4200
Dexter,NY,44.0078,-76.0444
Dix Hills,NY,40.8048,-73.3362
Dobbs Ferry,NY,41.0145,-73.8726
Dolgeville,NY,43.1009,-74.7729
Dover Plains,NY,41.7412,-73.5765
Dryden,NY,42.4909,-76.2972
Dundee,NY,42.5234,-76.9766
Dunkirk,NY,42.4795,-79.3339
Durham,NY,42.3995,-74.1724
East Amherst,NY,43.0184,-78.6967
East Atlantic Beach,NY,40.7898,-73.7471
East Aurora,NY,42.7678,-78.6134
East Farmingdale,NY,40.7293,-73.4168
East Garden City,NY,40.7308,-73.5981
East Glenville,NY,42.8945,-73.9279
East Greenbush,NY,42.5909,-73.7018
East Hampton,NY,40.9634,-72.1848
East Hampton North,NY,40.9728,-72.1891
East Hills,NY,40.7937,-73.6271
East Islip,NY,40.7320,-73.1857
East Ithaca,NY,42.4395,-76.4785
East Massapequa,NY,40.6734,-73.4365
East Meadow,NY,40.7140,-73.5590
East Moriches,NY,40.8051,-72.7609
East Northport,NY,40.8768,-73.3246
East Norwich,NY,40.8468,-73.5351
East Patchogue,NY,40.7670,-72.9962
East Quogue,NY,40.8407,-72.5815
East Rochester,NY,43.1087,-77.4875
East Rockaway,NY,40.6420,-73.6696
East Setauket,NY,40.9415,-73.1059
East Shoreham,NY,40.9448,-72.8795
East Syracuse,NY,43.0653,-76.0785
East Williston,NY,40.7584,-73.6349
Eastport,NY,40.8259,-72.7318
Eatons Neck,NY,40.9306,-73.4015
Eden,NY,42.6523,-78.8970
Eden,NY,41.2887,-74.4943
Edinburg,NY,43.2217,-74.1040
Eggertsville,NY,42.9634,-78.8039
Elbridge,NY,43.0345,-76.4480
Elizabethtown,NY,44.2162,-73.5910
Ellenville,NY,41.7170,-74.3957
Elma Center,NY,42.8298,-78.6361
Elmira,NY,42.0898,-76.8077
Elmira Heights,NY,42.1298,-76.8208
Elmont,NY,40.7009,-73.7129
Elmsford,NY,41.0551,-73.8201
Elwood,NY,40.8454,-73.3351
Endicott,NY,42.0984,-76.0494
Endwell,NY,42.1129,-76.0210
Fairmount,NY,43.0473,-76.2385
Fairport,NY,43.0987,-77.4419
Fairview,NY,41.7237,-73.9199
Fairview,NY,41.0434,-73.7974
Falconer,NY,42.1187,-79.1984
Fallsburg,NY,41.7320,-74.6013
Farmingdale,NY,40.7326,-73.4454
Farmingville,NY,40.8312,-73.0296
Fayetteville,NY,43.0298,-76.0044
Firthcliffe,NY,41.4393,-74.0451
Fishkill,NY,41.5356,-73.8990
Flanders,NY,40.9034,-72.6176
Floral Park,NY,40.7237,-73.7048
Florida,NY,41.3318,-74.3568
Flower Hill,NY,40.8073,-73.6812
Fonda,NY,42.9545,-74.3765
Fort Covington Hamlet,NY,44.9718,-74.5076
Fort Drum,NY,44.0584,-75.7619
Fort Edward,NY,43.2670,-73.5846
Fort Montgomery,NY,41.3315,-73.9868
Fort Plain,NY,42.9315,-74.6226
Fort Salonga,NY,40.9126,-73.3010
Frankfort,NY,43.0390,-75.0704
Franklin Square,NY,40.7073,-73.6760
Franklinville,NY,42.3370,-78.4581
Fredonia,NY,42.4401,-79.3317
Freeport,NY,40.6576,-73.5832
Frewsburg,NY,42.0545,-79.1581
Friendship,NY,42.2065,-78.1375
Fulton,NY,43.3229,-76.4172
Galeville,NY,43.0901,-76.1730
Gang Mills,NY,42.1462,-77.1116
Garden City,NY,40.7268,-73.6343
Garden City Park,NY,40.7409,-73.6626
Garden City South,NY,40.7123,-73.6610
Gardnertown,NY,41.5351,-74.0701
Gasport,NY,43.1992,-78.5761
Gates-North Gates,NY,43.1655,-77.7007
Geneseo,NY,42.7959,-77.8170
Geneva,NY,42.8690,-76.9777
Glasco,NY,42.0437,-73.9474
Glen Cove,NY,40.8623,-73.6337
Glen Head,NY,40.8354,-73.6237
Glens Falls,NY,43.3095,-73.6440
Glens Falls North,NY,43.3351,-73.6825
Glenville,NY,42.9292,-74.0521
Glenwood Landing,NY,40.8307,-73.6387
Gloversville,NY,43.0528,-74.3438
Goldens Bridge,NY,41.2934,-73.6768
Gordon Heights,NY,40.8587,-72.9707
Goshen,NY,41.4020,-74.3243
Gouverneur,NY,44.3367,-75.4630
Gowanda,NY,42.4631,-78.9359
Grand Island,NY,43.0331,-78.9625
Grandyle Village,NY,42.9965,-78.9550
Granville,NY,43.4079,-73.2596
Great Neck,NY,40.8007,-73.7285
Great Neck Estates,NY,40.7871,-73.7368
Great Neck Gardens,NY,40.7972,-73.7239
Great Neck Plaza,NY,40.7868,-73.7265
Great River,NY,40.7212,-73.1576
Greece,NY,43.2098,-77.6931
Green Island,NY,42.7442,-73.6915
Greenburgh,NY,41.0329,-73.8429
Greene,NY,42.3292,-75.7699
Greenlawn,NY,40.8690,-73.3651
Greenport,NY,41.1034,-72.3593
Greenport West,NY,41.1018,-72.3719
Greenvale,NY,40.8107,-73.6285
Greenville,NY,40.9931,-73.8199
Greenwich,NY,43.0906,-73.4987
Greenwood Lake,NY,41.2226,-74.2943
Groton,NY,42.5879,-76.3669
Hadley,NY,43.3173,-73.8482
Hagaman,NY,42.9745,-74.1510
Halesite,NY,40.8884,-73.4154
Hamburg,NY,42.7159,-78.8295
Hamilton,NY,42.8270,-75.5446
Hamlin,NY,43.3031,-77.9211
Hampton Bays,NY,40.8690,-72.5176
Hampton Manor,NY,42.6209,-73.7284
Hannawa Falls,NY,44.6123,-74.9710
Harbor Isle,NY,40.6034,-73.6646
Harriman,NY,41.3084,-74.1446
Harris Hill,NY,42.9648,-78.6775
Harrison,NY,40.9690,-73.7126
Hartford,NY,43.3637,-73.3937
Hartsdale,NY,41.0190,-73.7982
Hastings-on-Hudson,NY,40.9945,-73.8787
Hauppauge,NY,40.8257,-73.2026
Haverstraw,NY,41.1976,-73.9646
Haviland,NY,41.7668,-73.9015
Hawthorne,NY,41.1073,-73.7960
Head of the Harbor,NY,40.9034,-73.1579
Hempstead,NY,40.7062,-73.6187
Henrietta,NY,43.0592,-77.6122
Heritage Hills,NY,41.3395,-73.6974
Herkimer,NY,43.0256,-74.9860
Herricks,NY,40.7554,-73.6668
Hewlett,NY,40.6432,-73.6957
Hewlett Harbor,NY,40.6362,-73.6815
Hicksville,NY,40.7684,-73.5251
Highland,NY,41.7209,-73.9601
Highland Falls,NY,41.3693,-73.9663
Highland Mills,NY,41.3470,-74.1263
Hillcrest,NY,41.1279,-74.0410
Hillside Lake,NY,41.6148,-73.7982
Hilton,NY,43.2881,-77.7933
Holbrook,NY,40.8123,-73.0784
Holcomb,NY,42.9023,-77.4197
Holland,NY,42.6412,-78.5417
Holley,NY,43.2264,-78.0267
Holtsville,NY,40.8154,-73.0451
Homer,NY,42.6370,-76.1788
Honeoye Falls,NY,42.9523,-77.5903
Hoosick Falls,NY,42.9012,-73.3515
Hornell,NY,42.3278,-77.6611
Horseheads,NY,42.1670,-76.8205
Horseheads North,NY,42.1928,-76.8078
Houghton,NY,42.4234,-78.1572
Hudson,NY,42.2529,-73.7910
Hudson Falls,NY,43.3006,-73.5859
Huntington,NY,40.8681,-73.4257
Huntington Bay,NY,40.8998,-73.4148
Huntington Station,NY,40.8534,-73.4115
Hurley,NY,41.9245,-74.0613
Hyde Park,NY,41.7848,-73.9332
Ilion,NY,43.0151,-75.0354
Inwood,NY,40.6221,-73.7468
Ira,NY,43.2215,-76.5563
Irondequoit,NY,43.2134,-77.5797
Irvington,NY,41.0392,-73.8682
Island Park,NY,40.6043,-73.6554
Islandia,NY,40.8043,-73.1690
Islip,NY,40.7298,-73.2104
Islip Terrace,NY,40.7431,-73.1926
Ithaca,NY,42.4406,-76.4966
Jamesport,NY,40.9495,-72.5815
Jamestown,NY,42.0970,-79.2353
Jamestown West,NY,42.0885,-79.2811
Jefferson Heights,NY,42.2340,-73.8824
Jefferson Valley-Yorktown,NY,41.3180,-73.8007
Jericho,NY,40.7920,-73.5399
Johnson City,NY,42.1156,-75.9588
Johnstown,NY,43.0067,-74.3676
Jordan,NY,43.0653,-76.4730
Kaser,NY,41.1212,-74.0671
Katonah,NY,41.2590,-73.6854
Keeseville,NY,44.5050,-73.4801
Kenmore,NY,42.9659,-78.8700
Kensington,NY,40.7934,-73.7221
Kerhonkson,NY,41.7748,-74.2982
Keuka Park,NY,42.6153,-77.0922
Kiantone,NY,42.0220,-79.1981
Kinderhook,NY,42.3954,-73.6979
Kings Park,NY,40.8862,-73.2573
Kings Point,NY,40.8198,-73.7351
Kingston,NY,41.9270,-73.9974
Kirkville,NY,43.0751,-75.9519
Kiryas Joel,NY,41.3420,-74.1679
Lackawanna,NY,42.8256,-78.8234
Lake Carmel,NY,41.4615,-73.6710
Lake Erie Beach,NY,42.6242,-79.0670
Lake Grove,NY,40.8529,-73.1151
Lake Katrine,NY,41.9856,-73.9882
Lake Luzerne,NY,43.3128,-73.8348
Lake Mohegan,NY,41.3179,-73.8462
Lake Placid,NY,44.2796,-73.9820
Lake Pleasant,NY,43.4709,-74.4126
Lake Ronkonkoma,NY,40.8351,-73.1312
Lake Success,NY,40.7707,-73.7176
Lakeland,NY,43.0903,-76.2405
Lakeview,NY,42.4320,-75.8655
Lakeview,NY,40.6820,-73.6540
Lakewood,NY,42.1042,-79.3331
Lancaster,NY,42.9006,-78.6703
Lansing,NY,42.4842,-76.4799
Larchmont,NY,40.9279,-73.7518
Latham,NY,42.7470,-73.7590
Lattingtown,NY,40.8954,-73.6010
Laurel,NY,40.9695,-72.5620
Laurel Hollow,NY,40.8568,-73.4696
Lawrence,NY,40.6157,-73.7296
Le Roy,NY,42.9784,-77.9842
Levittown,NY,40.7259,-73.5143
Lewiston,NY,43.1726,-79.0359
Liberty,NY,41.8012,-74.7465
Lido Beach,NY,40.5890,-73.6254
Lima,NY,42.9048,-77.6114
Lincoln Park,NY,41.9507,-73.9940
Lincolndale,NY,41.3229,-73.7182
Lindenhurst,NY,40.6868,-73.3735
Lindley,NY,42.0284,-77.1397
Little Falls,NY,43.0434,-74.8596
Little Valley,NY,42.2526,-78.8056
Liverpool,NY,43.1065,-76.2177
Livingston Manor,NY,41.9004,-74.8282
Livonia,NY,42.8214,-77.6686
Lloyd Harbor,NY,40.9034,-73.4598
Lockport,NY,43.1706,-78.6903
Locust Valley,NY,40.8759,-73.5971
Long Beach,NY,40.5884,-73.6579
Lorenz Park,NY,42.2637,-73.7685
Lowville,NY,43.7867,-75.4918
Lynbrook,NY,40.6548,-73.6718
Lyncourt,NY,43.0815,-76.1258
Lyons,NY,43.0642,-76.9903
Macedon,NY,43.0692,-77.2989
Mahopac,NY,41.3723,-73.7335
Malone,NY,44.8487,-74.2949
Malverne,NY,40.6790,-73.6740
Mamaroneck,NY,40.9487,-73.7326
Manchester,NY,42.9698,-77.2303
Manhasset,NY,40.7979,-73.6996
Manhasset Hills,NY,40.7593,-73.6799
Manhattan,NY,40.7834,-73.9663
Manlius,NY,43.0020,-75.9769
Manorhaven,NY,40.8432,-73.7148
Manorville,NY,40.8737,-72.8079
Marbletown,NY,41.8834,-74.1132
Marcellus,NY,42.9828,-76.3405
Marion,NY,43.1434,-77.1891
Marlboro,NY,41.6056,-73.9715
Massapequa,NY,40.6807,-73.4743
Massapequa Park,NY,40.6804,-73.4551
Massena,NY,44.9281,-74.8919
Mastic,NY,40.8020,-72.8409
Mastic Beach,NY,40.7668,-72.8521
Mattituck,NY,40.9912,-72.5343
Mattydale,NY,43.0978,-76.1452
Maybrook,NY,41.4840,-74.2177
Mayville,NY,42.2540,-79.5045
McGraw,NY,42.5962,-76.0933
McKownville,NY,42.6840,-73.8476
Mechanicstown,NY,41.4429,-74.3885
Mechanicville,NY,42.9029,-73.6873
Medford,NY,40.8176,-73.0001
Medina,NY,43.2201,-78.3870
Melrose Park,NY,42.9087,-76.5402
Melville,NY,40.7934,-73.4151
Menands,NY,42.6920,-73.7246
Merrick,NY,40.6629,-73.5515
Merritt Park,NY,41.5385,-73.8724
Mexico,NY,43.4595,-76.2288
Middle Island,NY,40.8843,-72.9373
Middleburgh,NY,42.5987,-74.3329
Middleport,NY,42.7906,-75.5599
Middleport,NY,43.2126,-78.4764
Middletown,NY,41.4459,-74.4229
Mill Neck,NY,40.8870,-73.5551
Millbrook,NY,41.7851,-73.6940
Miller Place,NY,40.9598,-72.9962
Milton,NY,43.0337,-73.8526
Milton,NY,41.6598,-73.9571
Mineola,NY,40.7493,-73.6407
Minetto,NY,43.3981,-76.4774
Mineville,NY,44.0928,-73.5182
Minoa,NY,43.0762,-76.0007
Mohawk,NY,43.0115,-75.0040
Monroe,NY,41.3306,-74.1868
Monsey,NY,41.1112,-74.0685
Montauk,NY,41.0359,-71.9545
Montebello,NY,41.1359,-74.1185
Montgomery,NY,41.5276,-74.2368
Monticello,NY,41.6557,-74.6893
Montour Falls,NY,42.3473,-76.8452
Montrose,NY,41.2523,-73.9315
Moravia,NY,42.7126,-76.4216
Moriches,NY,40.8073,-72.8212
Morrisonville,NY,44.6931,-73.5621
Morrisville,NY,42.8987,-75.6402
Mount Ivy,NY,41.1868,-74.0349
Mount Kisco,NY,41.2043,-73.7271
Mount Morris,NY,42.7256,-77.8742
Mount Sinai,NY,40.9470,-73.0296
Mount Vernon,NY,40.9126,-73.8371
Mountain Lodge Park,NY,41.3884,-74.1418
Munsey Park,NY,40.7987,-73.6799
Munsons Corners,NY,42.5823,-76.2091
Muttontown,NY,40.8240,-73.5476
Myers Corner,NY,41.6062,-73.8729
Nanuet,NY,41.0887,-74.0135
Napanoch,NY,41.7440,-74.3715
Naples,NY,42.6153,-77.4025
Nassau,NY,42.5159,-73.6101
Nedrow,NY,42.9751,-76.1413
Nesconset,NY,40.8520,-73.1540
New Cassel,NY,40.7590,-73.5696
New City,NY,41.1476,-73.9893
New Hartford,NY,43.0734,-75.2877
New Hempstead,NY,41.1498,-74.0337
New Hyde Park,NY,40.7351,-73.6879
New Paltz,NY,41.7476,-74.0868
New Rochelle,NY,40.9115,-73.7823
New Square,NY,41.1396,-74.0294
New Windsor,NY,41.4768,-74.0238
New York City,NY,40.7143,-74.0060
New York Mills,NY,43.1054,-75.2913
Newark,NY,43.0467,-77.0952
Newburgh,NY,41.5034,-74.0104
Newfane,NY,43.2867,-78.7103
Niagara Falls,NY,43.0945,-79.0567
Niskayuna,NY,42.7798,-73.8457
Nissequogue,NY,40.9040,-73.1979
Niverville,NY,42.4409,-73.6609
Norfolk,NY,44.8009,-74.9910
North Amityville,NY,40.6976,-73.4251
North Babylon,NY,40.7165,-73.3218
North Ballston Spa,NY,43.0197,-73.8511
North Bay Shore,NY,40.7530,-73.2602
North Bellmore,NY,40.6915,-73.5335
North Bellport,NY,40.7743,-72.9429
North Boston,NY,42.6856,-78.7767
North Castle,NY,41.1400,-73.6839
North Collins,NY,42.5953,-78.9411
North Elba,NY,44.2434,-73.9543
North Gates,NY,43.1765,-77.7014
North Great River,NY,40.7473,-73.1698
North Hills,NY,40.7809,-73.6765
North Lindenhurst,NY,40.7143,-73.3815
North Massapequa,NY,40.7009,-73.4621
North Merrick,NY,40.6912,-73.5632
North New Hyde Park,NY,40.7432,-73.6932
North Patchogue,NY,40.7870,-73.0090
North Sea,NY,40.9329,-72.4142
North Syracuse,NY,43.1348,-76.1299
North Tonawanda,NY,43.0387,-78.8642
North Valley Stream,NY,40.6851,-73.7018
North Wantagh,NY,40.6934,-73.5076
Northeast Ithaca,NY,42.4703,-76.4623
Northport,NY,40.9009,-73.3432
Northumberland,NY,43.1273,-73.5882
Northville,NY,43.2256,-74.1721
Northville,NY,40.9701,-72.6190
Northwest Harbor,NY,41.0098,-72.2212
Northwest Ithaca,NY,42.4706,-76.5414
Norwich,NY,42.5312,-75.5235
Norwood,NY,44.7514,-74.9944
Noyack,NY,40.9957,-72.3412
Nunda,NY,42.5795,-77.9425
Nyack,NY,41.0906,-73.9179
Oakdale,NY,42.2512,-73.7801
Oakdale,NY,40.7440,-73.1387
Oakfield,NY,43.0659,-78.2697
Oceanside,NY,40.6387,-73.6401
Ogdensburg,NY,44.6942,-75.4863
Olcott,NY,43.3378,-78.7148
Old Bethpage,NY,40.7626,-73.4532
Old Brookville,NY,40.8320,-73.6048
Old Westbury,NY,40.7887,-73.5996
Olean,NY,42.0776,-78.4297
Oneida,NY,43.0926,-75.6513
Oneonta,NY,42.4529,-75.0638
Ontario,NY,43.2209,-77.2830
Orange Lake,NY,41.5398,-74.0982
Orangeburg,NY,41.0465,-73.9496
Orchard Park,NY,42.7676,-78.7439
Oriskany,NY,43.1573,-75.3327
Ossining,NY,41.1629,-73.8615
Oswego,NY,43.4554,-76.5105
Otisville,NY,41.4734,-74.5385
Owego,NY,42.1034,-76.2622
Oxford,NY,42.4420,-75.5977
Oyster Bay,NY,40.8657,-73.5321
Oyster Bay Cove,NY,40.8709,-73.5110
Painted Post,NY,42.1620,-77.0941
Palenville,NY,42.1745,-74.0201
Palmyra,NY,43.0639,-77.2333
Patchogue,NY,40.7657,-73.0151
Pawling,NY,41.5620,-73.6026
Peach Lake,NY,41.3676,-73.5779
Pearl River,NY,41.0590,-74.0218
Peekskill,NY,41.2901,-73.9204
Pelham,NY,40.9098,-73.8079
Pelham Manor,NY,40.8954,-73.8071
Penn Yan,NY,42.6609,-77.0539
Perry,NY,42.7156,-78.0056
Perth,NY,43.0176,-74.1940
Peru,NY,44.5784,-73.5268
Peru,NY,43.0823,-76.4080
Phelps,NY,42.9576,-77.0575
Philadelphia,NY,44.1545,-75.7088
Philmont,NY,42.2484,-73.6532
Phoenix,NY,43.2312,-76.3008
Piermont,NY,41.0420,-73.9182
Pine Bush,NY,41.6082,-74.2990
Pine Plains,NY,41.9798,-73.6560
Pittsford,NY,43.0906,-77.5150
Plainedge,NY,40.7173,-73.4837
Plainview,NY,40.7765,-73.4673
Plandome,NY,40.8068,-73.7035
Plandome Heights,NY,40.8026,-73.7043
Plattekill,NY,41.6176,-74.0760
Plattsburgh,NY,44.6995,-73.4529
Plattsburgh West,NY,44.6831,-73.5029
Pleasant Valley,NY,41.7445,-73.8212
Pleasantville,NY,41.1329,-73.7926
Poestenkill,NY,42.6904,-73.5646
Point Lookout,NY,40.5923,-73.5807
Pomona,NY,41.1670,-74.0432
Port Byron,NY,43.0345,-76.6238
Port Chester,NY,41.0018,-73.6657
Port Dickinson,NY,42.1334,-75.8963
Port Ewen,NY,41.9054,-73.9762
Port Henry,NY,44.0484,-73.4599
Port Jefferson,NY,40.9465,-73.0693
Port Jefferson Station,NY,40.9254,-73.0473
Port Jervis,NY,41.3751,-74.6927
Port Washington,NY,40.8257,-73.6982
Port Washington North,NY,40.8448,-73.7018
Portland,NY,42.3798,-79.4676
Potsdam,NY,44.6698,-74.9813
Poughkeepsie,NY,41.7004,-73.9210
Pound Ridge,NY,41.2087,-73.5748
Pulaski,NY,43.5670,-76.1277
Purchase,NY,41.0409,-73.7146
Putnam Lake,NY,41.4620,-73.5462
Queens,NY,40.6815,-73.8365
Queensbury,NY,43.3773,-73.6132
Randolph,NY,42.1620,-78.9753
Ransomville,NY,43.2387,-78.9098
Rapids,NY,43.0984,-78.6409
Ravena,NY,42.4684,-73.8162
Red Hook,NY,41.9951,-73.8754
Red Oaks Mill,NY,41.6557,-73.8749
Remsenburg-Speonk,NY,40.8264,-72.6967
Rensselaer,NY,42.6426,-73.7429
Rhinebeck,NY,41.9268,-73.9126
Richfield Springs,NY,42.8534,-74.9854
Richland,NY,43.5695,-76.0477
Ridge,NY,40.8940,-72.8959
Riverhead,NY,40.9170,-72.6620
Riverside,NY,40.9110,-72.6550
Rochester,NY,43.1548,-77.6156
Rock Hill,NY,41.6259,-74.5977
Rockville Centre,NY,40.6587,-73.6412
Rocky Point,NY,40.9526,-72.9254
Roessleville,NY,42.6951,-73.8071
Rome,NY,43.2129,-75.4557
Ronkonkoma,NY,40.8210,-73.1430
Roosevelt,NY,40.6787,-73.5890
Rosendale Village,NY,41.8504,-74.0738
Roslyn,NY,40.7998,-73.6510
Roslyn Estates,NY,40.7943,-73.6604
Roslyn Harbor,NY,40.8165,-73.6371
Roslyn Heights,NY,40.7887,-73.6474
Rotterdam,NY,42.7870,-73.9710
Rouses Point,NY,44.9939,-73.3649
Rush,NY,42.9959,-77.6456
Rye,NY,40.9806,-73.6837
Rye Brook,NY,41.0193,-73.6835
Sackets Harbor,NY,43.9462,-76.1191
Sag Harbor,NY,40.9979,-72.2926
Saint Bonaventure,NY,42.0803,-78.4750
Saint James,NY,40.8790,-73.1568
Saint Johnsville,NY,42.9981,-74.6829
Salamanca,NY,42.1578,-78.7150
Salisbury,NY,40.7457,-73.5601
Sanborn,NY,43.1367,-78.8848
Sands Point,NY,40.8518,-73.7187
Saranac Lake,NY,44.3295,-74.1313
Saratoga Springs,NY,43.0831,-73.7846
Saugerties,NY,42.0776,-73.9529
Saugerties South,NY,42.0614,-73.9507
Sayville,NY,40.7359,-73.0821
Scarsdale,NY,41.0051,-73.7846
Schenectady,NY,42.8142,-73.9396
Schoharie,NY,42.6659,-74.3096
Schuylerville,NY,43.1001,-73.5818
Scotchtown,NY,41.4815,-74.3602
Scotia,NY,42.8265,-73.9643
Scottsville,NY,43.0259,-77.7453
Sea Cliff,NY,40.8490,-73.6449
Seaford,NY,40.6659,-73.4882
Searingtown,NY,40.7748,-73.6557
Selden,NY,40.8665,-73.0357
Seneca Falls,NY,42.9106,-76.7966
Seneca Knolls,NY,43.1201,-76.2863
Setauket-East Setauket,NY,40.9306,-73.1018
Shelter Island,NY,41.0682,-72.3387
Shelter Island Heights,NY,41.0840,-72.3559
Shenorock,NY,41.3318,-73.7382
Sherburne,NY,42.6781,-75.4985
Sherrill,NY,43.0737,-75.5982
Shinnecock Hills,NY,40.8909,-72.4637
Shirley,NY,40.8015,-72.8676
Shokan,NY,41.9734,-74.2121
Shortsville,NY,42.9559,-77.2208
Shrub Oak,NY,41.3276,-73.8196
Sidney,NY,42.3148,-75.3916
Silver Creek,NY,42.5442,-79.1667
Skaneateles,NY,42.9470,-76.4291
Sleepy Hollow,NY,41.0857,-73.8585
Sloan,NY,42.8934,-78.7939
Sloatsburg,NY,41.1545,-74.1929
Smithtown,NY,40.8559,-73.2007
Sodus,NY,43.2378,-77.0614
Solvay,NY,43.0581,-76.2074
Sound Beach,NY,40.9562,-72.9679
South Blooming Grove,NY,41.3734,-74.1784
South Corning,NY,42.1217,-77.0372
South Fallsburg,NY,41.7080,-74.6320
South Farmingdale,NY,40.7207,-73.4401
South Floral Park,NY,40.7143,-73.7001
South Glens Falls,NY,43.2992,-73.6351
South Hempstead,NY,40.6809,-73.6154
South Hill,NY,42.4060,-76.4850
South Huntington,NY,40.8237,-73.3987
South Lockport,NY,43.1501,-78.6967
South Nyack,NY,41.0832,-73.9201
South Valley Stream,NY,40.6559,-73.7176
Southampton,NY,40.8843,-72.3895
Southold,NY,41.0648,-72.4262
Southport,NY,42.0548,-76.8191
Spackenkill,NY,41.6559,-73.9135
Sparkill,NY,41.0312,-73.9271
Sparrow Bush,NY,41.4001,-74.7232
Spencerport,NY,43.1865,-77.8039
Spring Valley,NY,41.1131,-74.0438
Springfield,NY,42.8362,-74.8535
Springs,NY,41.0162,-72.1592
Springville,NY,42.5084,-78.6672
Stamford,NY,42.4073,-74.6143
Staten Island,NY,40.5623,-74.1399
Stewart Manor,NY,40.7193,-73.6885
Stillwater,NY,42.9384,-73.6532
Stone Ridge,NY,41.8531,-74.1390
Stony Brook,NY,40.9256,-73.1409
Stony Point,NY,41.2295,-73.9871
Stottville,NY,42.2862,-73.7387
Suffern,NY,41.1148,-74.1496
Sylvan Beach,NY,42.4648,-77.1083
Syosset,NY,40.8262,-73.5021
Syracuse,NY,43.0481,-76.1474
Tappan,NY,41.0220,-73.9474
Tarrytown,NY,41.0762,-73.8588
Terryville,NY,40.9090,-73.0651
The Bronx,NY,40.8499,-73.8664
Thiells,NY,41.2107,-74.0176
Thomaston,NY,40.7862,-73.7137
Thornwood,NY,41.1234,-73.7790
Ticonderoga,NY,43.8487,-73.4235
Tillson,NY,41.8290,-74.0685
Tivoli,NY,42.0584,-73.9093
Tonawanda,NY,43.0203,-78.8803
Town Line,NY,42.8906,-78.5778
Tribes Hill,NY,42.9554,-74.2851
Troy,NY,42.7284,-73.6918
Trumansburg,NY,42.5423,-76.6661
Tuckahoe,NY,40.8990,-72.4109
Tupper Lake,NY,44.2240,-74.4641
Unadilla,NY,42.3254,-75.3124
Union Springs,NY,42.8398,-76.6933
Uniondale,NY,40.7004,-73.5929
University Gardens,NY,40.7773,-73.7226
Upper Brookville,NY,40.8387,-73.5651
Upper Nyack,NY,41.1070,-73.9201
Utica,NY,43.1009,-75.2327
Vails Gate,NY,41.4543,-74.0576
Valatie,NY,42.4134,-73.6732
Valhalla,NY,41.0748,-73.7751
Valley Cottage,NY,41.1181,-73.9554
Valley Stream,NY,40.6643,-73.7085
Vernon,NY,43.0795,-75.5393
Verplanck,NY,41.2529,-73.9599
Vestal,NY,42.0851,-76.0538
Victor,NY,42.9826,-77.4089
Village Green,NY,43.1334,-76.3130
Village of the Branch,NY,40.8562,-73.1873
Viola,NY,41.1365,-74.0824
Volney,NY,43.3428,-76.3577
Voorheesville,NY,42.6540,-73.9287
Wading River,NY,40.9504,-72.8426
Walden,NY,41.5612,-74.1885
Wallkill,NY,41.6056,-74.1840
Walton,NY,42.1695,-75.1293
Walton Park,NY,41.3098,-74.2290
Wampsville,NY,43.0754,-75.7069
Wanakah,NY,42.7462,-78.9031
Wantagh,NY,40.6837,-73.5101
Wappingers Falls,NY,41.5965,-73.9110
Warrensburg,NY,43.4967,-73.7762
Warsaw,NY,42.7401,-78.1328
Warwick,NY,41.2565,-74.3599
Washington Heights,NY,41.4701,-74.4157
Washington Mills,NY,43.0501,-75.2729
Washingtonville,NY,41.4279,-74.1660
Watchtower,NY,41.6378,-74.2603
Water Mill,NY,40.9196,-72.3427
Waterford,NY,42.7926,-73.6812
Waterloo,NY,42.9048,-76.8627
Watertown,NY,43.9748,-75.9108
Waterville,NY,42.9312,-75.3799
Watervliet,NY,42.7301,-73.7012
Watkins Glen,NY,42.3806,-76.8733
Waverly,NY,42.0104,-76.5272
Wawarsing,NY,41.7590,-74.3574
Wayland,NY,42.5678,-77.5897
Webster,NY,43.2123,-77.4300
Weedsport,NY,43.0487,-76.5627
Wellsville,NY,42.1220,-77.9481
Wellsville,NY,42.8759,-74.2724
Wesley Hills,NY,41.1593,-74.0699
West Albany,NY,42.6831,-73.7785
West Babylon,NY,40.7182,-73.3543
West Bay Shore,NY,40.7087,-73.2812
West Carthage,NY,43.9742,-75.6152
West Elmira,NY,42.0781,-76.8452
West End,NY,42.4687,-75.0938
West Glens Falls,NY,43.3001,-73.6840
West Haverstraw,NY,41.2095,-73.9854
West Hempstead,NY,40.7048,-73.6501
West Henrietta,NY,43.0401,-77.6617
West Hills,NY,40.8162,-73.4323
West Hurley,NY,41.9973,-74.1049
West Islip,NY,40.7062,-73.3062
West Nyack,NY,41.0965,-73.9729
West Point,NY,41.3915,-73.9560
West Sand Lake,NY,42.6434,-73.6087
West Sayville,NY,40.7279,-73.0976
West Seneca,NY,42.8501,-78.7998
Westbury,NY,40.7557,-73.5876
Westfield,NY,42.3223,-79.5781
Westhampton,NY,40.8245,-72.6662
Westhampton Beach,NY,40.8032,-72.6145
Westmere,NY,42.6912,-73.8687
Weston Mills,NY,42.0759,-78.3725
Westons Mills,NY,42.0623,-78.3772
Westvale,NY,43.0476,-76.2205
Wheatley Heights,NY,40.7637,-73.3698
White Plains,NY,41.0340,-73.7629
Whitehall,NY,43.5556,-73.4037
Whitesboro,NY,43.1220,-75.2916
Williamson,NY,43.2240,-77.1861
Williamsville,NY,42.9639,-78.7378
Williston Park,NY,40.7565,-73.6449
Wilson,NY,43.3098,-78.8261
Wilton,NY,43.1801,-73.7443
Wolcott,NY,43.2206,-76.8150
Woodbury,NY,40.8257,-73.4676
Woodbury,NY,41.3645,-74.1060
Woodmere,NY,40.6320,-73.7126
Woodstock,NY,42.0409,-74.1182
Worcester,NY,42.5915,-74.7504
Wurtsboro,NY,41.5768,-74.4871
Wyandanch,NY,40.7540,-73.3604
Wykagyl,NY,40.9415,-73.7990
Wynantskill,NY,42.6968,-73.6443
Yaphank,NY,40.8368,-72.9171
Yonkers,NY,40.9304,-73.8979
Yorkshire,NY,42.5301,-78.4728
Yorktown Heights,NY,41.2709,-73.7776
Yorkville,NY,43.1129,-75.2710
Youngstown,NY,43.2473,-79.0500
Zena,NY,42.0168,-74.0763
Aberdeen,OH,38.6556,-83.7610
Ada,OH,40.7695,-83.8227
Akron,OH,41.0814,-81.5190
Alliance,OH,40.9153,-81.1059
Amberley,OH,39.2048,-84.4280
Amelia,OH,39.0284,-84.2177
Amherst,OH,41.3978,-82.2224
Andover,OH,41.6067,-80.5723
Anna,OH,40.3945,-84.1727
Ansonia,OH,40.2145,-84.6369
Antwerp,OH,41.1814,-84.7405
Apple Creek,OH,40.7517,-81.8393
Apple Valley,OH,40.4389,-82.3539
Arcanum,OH,39.9900,-84.5533
Archbold,OH,41.5214,-84.3072
Arlington,OH,40.8937,-83.6502
Ashland,OH,40.8687,-82.3182
Ashley,OH,40.4089,-82.9555
Ashtabula,OH,41.8650,-80.7898
Ashville,OH,39.7156,-82.9530
Athens,OH,39.3292,-82.1013
Aurora,OH,41.3175,-81.3454
Austintown,OH,41.1017,-80.7645
Avon,OH,41.4517,-82.0354
Avon Center,OH,41.4598,-82.0196
Avon Lake,OH,41.5053,-82.0282
Bainbridge,OH,41.3864,-81.3396
Ballville,OH,41.3278,-83.1321
Baltimore,OH,39.8453,-82.6007
Barberton,OH,41.0128,-81.6051
Barnesville,OH,39.9881,-81.1765
Batavia,OH,39.0770,-84.1769
Bay Village,OH,41.4848,-81.9221
Beach City,OH,40.6531,-81.5810
Beachwood,OH,41.4645,-81.5087
Beavercreek,OH,39.7092,-84.0633
Beckett Ridge,OH,39.3470,-84.4352
Bedford,OH,41.3931,-81.5365
Bedford Heights,OH,41.4170,-81.5273
Beechwood Trails,OH,40.0237,-82.6507
Bellaire,OH,40.0162,-80.7423
Bellbrook,OH,39.6356,-84.0708
Bellefontaine,OH,40.3612,-83.7597
Bellevue,OH,41.2737,-82.8416
Bellville,OH,40.6201,-82.5107
Belpre,OH,39.2740,-81.5729
Berea,OH,41.3662,-81.8543
Bethel,OH,38.9637,-84.0808
Bethel,OH,39.7303,-83.3935
Bethesda,OH,40.0162,-81.0726
Beverly,OH,39.5478,-81.6396
Bexley,OH,39.9689,-82.9377
Blacklick Estates,OH,39.9051,-82.8643
Blanchester,OH,39.2931,-83.9888
Blue Ash,OH,39.2320,-84.3783
Bluffton,OH,40.8953,-83.8888
Boardman,OH,41.0242,-80.6629
Bolindale,OH,41.2073,-80.7776
Boston Heights,OH,41.2648,-81.5132
Botkins,OH,40.4678,-84.1805
Bowling Green,OH,41.3748,-83.6513
Bradford,OH,40.1323,-84.4308
Bradner,OH,41.3242,-83.4385
Bratenahl,OH,41.5425,-81.6262
Brecksville,OH,41.3198,-81.6268
Bremen,OH,39.7017,-82.4268
Brewster,OH,40.7070,-81.5982
Bridgeport,OH,40.0698,-80.7401
Bridgetown,OH,39.1531,-84.6372
Brilliant,OH,40.2648,-80.6262
Brimfield,OH,41.1001,-81.3465
Broadview Heights,OH,41.3139,-81.6851
Brook Park,OH,41.3984,-81.8046
Brookfield Center,OH,41.2406,-80.5579
Brooklyn,OH,41.4398,-81.7354
Brooklyn Heights,OH,41.4253,-81.6882
Brookville,OH,39.8367,-84.4113
Brunswick,OH,41.2381,-81.8418
Bryan,OH,41.4748,-84.5524
Buckeye Lake,OH,39.9337,-82.4724
Bucyrus,OH,40.8084,-82.9755
Burlington,OH,38.4073,-82.5357
Burlington,OH,41.5723,-84.3080
Burton,OH,41.4706,-81.1451
Byesville,OH,39.9698,-81.5365
Cadiz,OH,40.2728,-80.9968
Calcutta,OH,40.6734,-80.5765
Caldwell,OH,39.7478,-81.5165
Cambridge,OH,40.0312,-81.5885
Camden,OH,39.6289,-84.6486
Camden,OH,41.2378,-82.3057
Campbell,OH,41.0784,-80.5992
Canal Fulton,OH,40.8898,-81.5976
Canal Winchester,OH,39.8428,-82.8046
Canfield,OH,41.0251,-80.7609
Canton,OH,40.7989,-81.3785
Cardington,OH,40.5006,-82.8935
Carey,OH,40.9526,-83.3824
Carlisle,OH,39.5820,-84.3202
Carrollton,OH,40.5728,-81.0857
Cedarville,OH,39.7442,-83.8085
Celina,OH,40.5489,-84.5702
Centerburg,OH,40.3045,-82.6963
Centerville,OH,39.6284,-84.1594
Chagrin Falls,OH,41.4362,-81.3865
Champion Heights,OH,41.2900,-80.8460
Chardon,OH,41.6142,-81.1490
Chauncey,OH,39.3978,-82.1293
Cherry Grove,OH,39.0726,-84.3219
Chesterland,OH,41.5223,-81.3379
Cheviot,OH,39.1570,-84.6133
Chillicothe,OH,39.3331,-82.9824
Choctaw Lake,OH,39.9601,-83.4849
Churchill,OH,41.1620,-80.6648
Cincinnati,OH,39.1271,-84.5144
Circleville,OH,39.6006,-82.9460
Clark-Fulton,OH,41.4640,-81.7098
Clayton,OH,39.8631,-84.3605
Cleveland,OH,41.4995,-81.6954
Cleveland Heights,OH,41.5200,-81.5562
Cleves,OH,39.1617,-84.7491
Clinton,OH,40.9267,-81.6304
Clyde,OH,41.3042,-82.9752
Coal Grove,OH,38.5034,-82.6471
Coldwater,OH,40.4798,-84.6283
Collinwood,OH,41.5584,-81.5693
Columbiana,OH,40.8884,-80.6940
Columbus,OH,39.9612,-82.9988
Columbus Grove,OH,40.9195,-84.0569
Commercial Point,OH,39.7684,-83.0571
Conneaut,OH,41.9476,-80.5542
Continental,OH,41.1003,-84.2663
Convoy,OH,40.9167,-84.7027
Copley,OH,41.0989,-81.6446
Cortland,OH,41.3303,-80.7254
Coshocton,OH,40.2720,-81.8596
Covedale,OH,39.1212,-84.6063
Covington,OH,40.1173,-84.3538
Craig Beach,OH,41.1170,-80.9834
Crestline,OH,40.7876,-82.7366
Creston,OH,40.9870,-81.8937
Cridersville,OH,40.6542,-84.1508
Crooksville,OH,39.7690,-82.0921
Crystal Lakes,OH,39.8892,-84.0266
Curtice,OH,41.6184,-83.3677
Cuyahoga Falls,OH,41.1339,-81.4846
Dalton,OH,40.7989,-81.6954
Danville,OH,40.4476,-82.2602
Day Heights,OH,39.1739,-84.2263
Dayton,OH,39.7589,-84.1916
De Graff,OH,40.3120,-83.9158
Deer Park,OH,39.2053,-84.3947
Defiance,OH,41.2845,-84.3558
Delaware,OH,40.2987,-83.0680
Delhi Hills,OH,39.0928,-84.6127
Delphos,OH,40.8434,-84.3416
Delta,OH,41.5737,-84.0052
Dennison,OH,40.3934,-81.3337
Dent,OH,39.1859,-84.6513
Deshler,OH,41.2075,-83.8991
Detroit-Shoreway,OH,41.4777,-81.7299
Devola,OH,39.4737,-81.4790
Dillonvale,OH,39.2181,-84.4022
Dover,OH,40.5206,-81.4740
Doylestown,OH,40.9701,-81.6965
Dresden,OH,40.1215,-82.0107
Drexel,OH,39.7465,-84.2866
Dry Ridge,OH,39.2592,-84.6191
Dry Run,OH,39.1042,-84.3305
Dublin,OH,40.0992,-83.1141
Dunlap,OH,39.2923,-84.6180
East Canton,OH,40.7873,-81.2826
East Cleveland,OH,41.5331,-81.5790
East Liverpool,OH,40.6187,-80.5773
East Palestine,OH,40.8340,-80.5404
Eastlake,OH,41.6539,-81.4504
Eaton,OH,39.7439,-84.6366
Eaton Estates,OH,41.3089,-82.0057
Edgerton,OH,41.4487,-84.7480
Edgewood,OH,41.8728,-80.7729
Elida,OH,40.7887,-84.2038
Elmore,OH,41.4762,-83.2958
Elmwood Place,OH,39.1873,-84.4880
Elyria,OH,41.3684,-82.1077
Englewood,OH,39.8776,-84.3022
Enon,OH,39.8781,-83.9369
Etna,OH,39.9573,-82.6818
Euclid,OH,41.5931,-81.5268
Evendale,OH,39.2562,-84.4180
Fairborn,OH,39.8209,-84.0194
Fairfax,OH,39.1453,-84.3933
Fairfield,OH,39.3459,-84.5605
Fairfield Beach,OH,39.9159,-82.4752
Fairlawn,OH,41.1278,-81.6098
Fairport Harbor,OH,41.7500,-81.2740
Fairview Park,OH,41.4414,-81.8643
Farmersville,OH,39.6795,-84.4291
Fayette,OH,41.6734,-84.3269
Findlay,OH,41.0442,-83.6499
Finneytown,OH,39.2003,-84.5205
Five Points,OH,39.5687,-84.1930
Forest,OH,40.8017,-83.5105
Forest Park,OH,39.2903,-84.5041
Forestville,OH,39.0751,-84.3449
Fort Loramie,OH,40.3514,-84.3738
Fort McKinley,OH,39.7976,-84.2536
Fort Recovery,OH,40.4128,-84.7763
Fort Shawnee,OH,40.6867,-84.1377
Fostoria,OH,41.1570,-83.4169
Frankfort,OH,39.4014,-83.1807
Franklin,OH,39.5590,-84.3041
Franklin Furnace,OH,38.6260,-82.8470
Frazeysburg,OH,40.1173,-82.1193
Fredericktown,OH,40.4812,-82.5407
Fremont,OH,41.3503,-83.1219
Fruit Hill,OH,39.0756,-84.3644
Gahanna,OH,40.0192,-82.8793
Galion,OH,40.7337,-82.7899
Gallipolis,OH,38.8098,-82.2024
Gambier,OH,40.3756,-82.3971
Garfield Heights,OH,41.4170,-81.6060
Garrettsville,OH,41.2842,-81.0965
Gates Mills,OH,41.5175,-81.4035
Geneva,OH,39.6620,-82.4335
Geneva,OH,41.8051,-80.9481
Geneva-on-the-Lake,OH,41.8595,-80.9540
Genoa,OH,41.5181,-83.3591
Genoa,OH,40.7828,-81.4665
Georgetown,OH,38.8645,-83.9041
Germantown,OH,39.6262,-84.3694
Gibsonburg,OH,41.3845,-83.3205
Girard,OH,41.1540,-80.7015
Glandorf,OH,41.0289,-84.0791
Glendale,OH,39.2706,-84.4594
Glendale,OH,41.3970,-81.5423
Glenmoor,OH,40.6662,-80.6231
Glenville,OH,41.5334,-81.6174
Glouster,OH,39.5031,-82.0846
Gnadenhutten,OH,40.3584,-81.4343
Golf Manor,OH,39.1873,-84.4463
Goshen,OH,39.2334,-84.1613
Grafton,OH,41.2726,-82.0546
Grandview,OH,39.1942,-84.7244
Grandview Heights,OH,39.9798,-83.0407
Granville,OH,40.0681,-82.5196
Granville South,OH,40.0521,-82.5417
Green,OH,40.9459,-81.4832
Green Meadows,OH,39.8689,-83.9444
Green Springs,OH,41.2562,-83.0516
Greenfield,OH,39.3520,-83.3827
Greenhills,OH,39.2681,-84.5230
Greensburg,OH,40.9317,-81.4648
Greentown,OH,40.9276,-81.4026
Greenville,OH,40.1028,-84.6330
Greenwich,OH,41.0301,-82.5157
Groesbeck,OH,39.2231,-84.5869
Grove City,OH,39.8815,-83.0930
Groveport,OH,39.8784,-82.8838
Hamilton,OH,39.3995,-84.5613
Hanover,OH,40.0798,-82.2610
Harbor Hills,OH,39.9367,-82.4351
Harrison,OH,39.2620,-84.8200
Hartville,OH,40.9637,-81.3312
Haskins,OH,41.4648,-83.7061
Heath,OH,40.0228,-82.4446
Hebron,OH,39.9617,-82.4913
Hicksville,OH,41.2931,-84.7619
Highland Heights,OH,41.5520,-81.4784
Highpoint,OH,39.2884,-84.3502
Hilliard,OH,40.0334,-83.1582
Hillsboro,OH,39.2023,-83.6116
Hiram,OH,41.3126,-81.1437
Holgate,OH,41.2489,-84.1330
Holiday Valley,OH,39.8562,-83.9685
Holland,OH,41.6217,-83.7116
Hough,OH,41.5120,-81.6365
Howland Center,OH,41.2512,-80.7454
Hubbard,OH,41.1564,-80.5692
Huber Heights,OH,39.8439,-84.1247
Huber Ridge,OH,40.0887,-82.9166
Hudson,OH,41.2401,-81.4407
Hunter,OH,39.4928,-84.2897
Huron,OH,41.3950,-82.5552
Independence,OH,41.3687,-81.6379
Ironton,OH,38.5367,-82.6829
Jackson,OH,39.0520,-82.6365
Jackson Center,OH,40.4395,-84.0402
Jamestown,OH,39.6581,-83.7349
Jefferson,OH,41.7387,-80.7698
Jeffersonville,OH,39.6537,-83.5638
Johnstown,OH,40.1537,-82.6852
Kalida,OH,40.9828,-84.1994
Kent,OH,41.1537,-81.3579
Kenton,OH,40.6470,-83.6097
Kenwood,OH,39.2106,-84.3672
Kettering,OH,39.6895,-84.1688
Kings Mills,OH,39.3556,-84.2485
Kingston,OH,39.4740,-82.9107
Kirtland,OH,41.6289,-81.3615
La Croft,OH,40.6459,-80.5978
Lagrange,OH,41.2373,-82.1199
Lake Darby,OH,39.9573,-83.2288
Lake Lakengren,OH,39.6884,-84.6935
Lake Mohawk,OH,40.6667,-81.1993
Lakemore,OH,41.0209,-81.4360
Lakeview,OH,40.4848,-83.9230
Lakewood,OH,41.4820,-81.7982
Lancaster,OH,39.7137,-82.5993
Landen,OH,39.3120,-84.2830
Leavittsburg,OH,41.2478,-80.8770
Lebanon,OH,39.4353,-84.2030
Leesburg,OH,39.3451,-83.5530
Leetonia,OH,40.8773,-80.7554
Leipsic,OH,41.0984,-83.9847
Lewis Center,OH,40.1984,-83.0102
Lewisburg,OH,39.8462,-84.5397
Lexington,OH,40.6787,-82.5824
Liberty Center,OH,41.4434,-84.0088
Lima,OH,40.7426,-84.1052
Lincoln Heights,OH,39.2390,-84.4555
Lincoln Heights,OH,40.7715,-82.4843
Lincoln Village,OH,39.9548,-83.1307
Lisbon,OH,39.8609,-83.6352
Lisbon,OH,40.7720,-80.7681
Lithopolis,OH,39.8028,-82.8063
Lockland,OH,39.2292,-84.4577
Lodi,OH,41.0334,-82.0121
Logan,OH,39.5401,-82.4071
Logan Elm Village,OH,39.5698,-82.9518
London,OH,39.8865,-83.4483
Lorain,OH,41.4528,-82.1824
Lordstown,OH,41.1656,-80.8576
Loudonville,OH,40.6353,-82.2332
Louisville,OH,40.8373,-81.2596
Loveland,OH,39.2689,-84.2638
Loveland Park,OH,39.2998,-84.2633
Lowellville,OH,41.0353,-80.5365
Lucasville,OH,38.8795,-82.9968
Luckey,OH,41.4506,-83.4874
Lynchburg,OH,39.2417,-83.7913
Lyndhurst,OH,41.5200,-81.4887
Macedonia,OH,41.3137,-81.5084
Mack,OH,39.1581,-84.6497
Madeira,OH,39.1909,-84.3636
Madison,OH,41.7712,-81.0498
Malvern,OH,40.6917,-81.1812
Manchester,OH,38.6881,-83.6094
Manchester,OH,40.9370,-81.5693
Mansfield,OH,40.7584,-82.5155
Mantua,OH,40.0778,-81.6790
Mantua,OH,41.2839,-81.2240
Maple Heights,OH,41.4153,-81.5660
Mariemont,OH,39.1451,-84.3744
Marietta,OH,39.4153,-81.4548
Marion,OH,40.5887,-83.1285
Martins Ferry,OH,40.0959,-80.7245
Marysville,OH,40.2364,-83.3671
Mason,OH,39.3601,-84.3099
Massillon,OH,40.7967,-81.5215
Masury,OH,41.2112,-80.5379
Maumee,OH,41.5628,-83.6538
Mayfield,OH,39.4948,-84.3727
Mayfield,OH,41.5520,-81.4393
Mayfield Heights,OH,41.5192,-81.4579
McArthur,OH,39.2465,-82.4785
McComb,OH,41.1076,-83.7927
McConnelsville,OH,39.6487,-81.8532
McDonald,OH,41.1637,-80.7242
McKinley Heights,OH,41.1837,-80.7173
Mechanicsburg,OH,40.0720,-83.5563
Medina,OH,41.1384,-81.8637
Mentor,OH,41.6662,-81.3396
Mentor-on-the-Lake,OH,41.7050,-81.3604
Miami Heights,OH,39.1651,-84.7205
Miamisburg,OH,39.6428,-84.2866
Miamitown,OH,39.2159,-84.7041
Middleburg Heights,OH,41.3614,-81.8129
Middlefield,OH,41.4620,-81.0737
Middleport,OH,39.0018,-82.0487
Middletown,OH,39.5151,-84.3983
Milan,OH,41.2976,-82.6055
Milford,OH,39.1753,-84.2944
Millbury,OH,41.5662,-83.4246
Millersburg,OH,40.5545,-81.9179
Millersport,OH,39.9001,-82.5340
Mineral Ridge,OH,41.1401,-80.7690
Minerva,OH,40.7298,-81.1054
Minerva Park,OH,40.0765,-82.9438
Mingo Junction,OH,40.3217,-80.6098
Minster,OH,40.3931,-84.3761
Mogadore,OH,41.0465,-81.3979
Monfort Heights,OH,39.1884,-84.5952
Monroe,OH,39.4403,-84.3622
Monroeville,OH,41.2442,-82.6963
Montgomery,OH,39.2281,-84.3541
Montpelier,OH,41.5845,-84.6055
Montrose-Ghent,OH,41.1538,-81.6438
Moraine,OH,39.7062,-84.2194
Moreland Hills,OH,41.4478,-81.4276
Morgandale,OH,41.2656,-80.7829
Morrow,OH,39.3545,-84.1272
Mount Carmel,OH,39.1059,-84.3041
Mount Carmel,OH,41.2712,-82.9369
Mount Gilead,OH,40.5492,-82.8274
Mount Healthy,OH,39.2337,-84.5458
Mount Healthy Heights,OH,39.2703,-84.5680
Mount Orab,OH,39.0276,-83.9197
Mount Repose,OH,39.2006,-84.2244
Mount Sterling,OH,39.7195,-83.2652
Mount Vernon,OH,40.3934,-82.4857
Mulberry,OH,39.1934,-84.2422
Munroe Falls,OH,41.1445,-81.4398
Napoleon,OH,41.3923,-84.1252
Navarre,OH,40.7245,-81.5221
Nelsonville,OH,39.4587,-82.2318
New Albany,OH,40.0812,-82.8088
New Boston,OH,38.7523,-82.9368
New Bremen,OH,40.4370,-84.3797
New Burlington,OH,39.2595,-84.5572
New California,OH,40.1562,-83.2366
New Carlisle,OH,39.9362,-84.0255
New Concord,OH,39.9937,-81.7340
New Franklin,OH,40.9417,-81.5415
New Lebanon,OH,39.7453,-84.3850
New Lexington,OH,39.7140,-82.2085
New London,OH,41.0851,-82.3999
New Matamoras,OH,39.5245,-81.0670
New Miami,OH,39.4348,-84.5369
New Middletown,OH,40.9612,-80.5576
New Paris,OH,39.8570,-84.7933
New Philadelphia,OH,40.4898,-81.4457
New Richmond,OH,38.9487,-84.2799
New Vienna,OH,39.3237,-83.6910
New Waterford,OH,40.8451,-80.6145
Newark,OH,40.0581,-82.4013
Newburgh Heights,OH,41.4500,-81.6635
Newcomerstown,OH,40.2723,-81.6060
Newport,OH,39.3909,-81.2268
Newton Falls,OH,41.1884,-80.9781
Newtown,OH,39.1245,-84.3616
Niles,OH,41.1828,-80.7654
North Baltimore,OH,41.1828,-83.6783
North Canton,OH,40.8759,-81.4023
North College Hill,OH,39.2184,-84.5508
North Fork Village,OH,39.3359,-83.0291
North Kingsville,OH,41.9059,-80.6904
North Lewisburg,OH,40.2231,-83.5574
North Madison,OH,41.8250,-81.0560
North Olmsted,OH,41.4156,-81.9235
North Randall,OH,41.4348,-81.5257
North Ridgeville,OH,41.3895,-82.0190
North Royalton,OH,41.3137,-81.7246
North Zanesville,OH,39.9787,-82.0035
Northbrook,OH,39.2465,-84.5836
Northfield,OH,41.3451,-81.5285
Northgate,OH,39.2528,-84.5924
Northridge,OH,39.9917,-83.7785
Northridge,OH,39.8076,-84.1969
Northwood,OH,40.4728,-83.7324
Northwood,OH,41.6073,-83.4688
Norton,OH,41.0292,-81.6382
Norwalk,OH,41.2426,-82.6157
Norwood,OH,39.1556,-84.4597
Oak Harbor,OH,41.5067,-83.1466
Oak Hill,OH,38.8940,-82.5735
Oak Hill,OH,40.4142,-82.2410
Oakwood,OH,39.7253,-84.1741
Oakwood,OH,41.3653,-81.5079
Oberlin,OH,41.2939,-82.2174
Obetz,OH,39.8790,-82.9507
Olmsted Falls,OH,41.3751,-81.9082
Ontario,OH,40.7595,-82.5902
Orange,OH,41.4498,-81.4807
Oregon,OH,41.6437,-83.4869
Orrville,OH,40.8437,-81.7640
Orwell,OH,41.5351,-80.8681
Ottawa,OH,41.0192,-84.0472
Ottawa Hills,OH,41.6642,-83.6433
Oxford,OH,39.5070,-84.7452
Painesville,OH,41.7245,-81.2457
Pandora,OH,40.9481,-83.9611
Park Layne,OH,39.8865,-84.0397
Parma,OH,41.4048,-81.7229
Parma Heights,OH,41.3901,-81.7596
Pataskala,OH,39.9956,-82.6743
Paulding,OH,41.1381,-84.5805
Payne,OH,41.0776,-84.7272
Peebles,OH,38.9490,-83.4057
Pemberville,OH,41.4109,-83.4610
Pepper Pike,OH,41.4784,-81.4637
Perry,OH,41.7603,-81.1409
Perry Heights,OH,40.7953,-81.4734
Perrysburg,OH,41.5570,-83.6272
Pickerington,OH,39.8842,-82.7535
Piketon,OH,39.0681,-83.0143
Pioneer,OH,41.6801,-84.5530
Piqua,OH,40.1448,-84.2424
Plain City,OH,40.1076,-83.2674
Pleasant Grove,OH,39.9520,-81.9590
Pleasant Hill,OH,40.0517,-84.3444
Pleasant Run,OH,39.2998,-84.5636
Pleasant Run Farm,OH,39.3031,-84.5480
Plymouth,OH,40.9956,-82.6671
Poland,OH,41.0242,-80.6148
Pomeroy,OH,39.0276,-82.0337
Port Clinton,OH,41.5120,-82.9377
Portage Lakes,OH,41.0073,-81.5271
Portsmouth,OH,38.7317,-82.9977
Powell,OH,40.1578,-83.0752
Powhatan Point,OH,39.8601,-80.8154
Prospect,OH,40.4503,-83.1885
Ravenna,OH,41.1576,-81.2421
Reading,OH,39.2237,-84.4422
Reminderville,OH,41.3459,-81.3951
Reno,OH,39.3728,-81.3957
Reynoldsburg,OH,39.9548,-82.8121
Richfield,OH,41.2398,-81.6382
Richmond Heights,OH,41.5528,-81.5101
Richville,OH,40.7512,-81.4779
Richwood,OH,40.4265,-83.2969
Ripley,OH,38.7456,-83.8449
Rittman,OH,40.9781,-81.7821
Riverside,OH,39.7798,-84.1241
Roaming Shores,OH,41.6431,-80.8234
Rockford,OH,40.6878,-84.6466
Rockford,OH,40.4770,-81.3084
Rocky River,OH,41.4756,-81.8393
Rosemount,OH,38.7862,-82.9791
Roseville,OH,39.8073,-82.0713
Ross,OH,39.3123,-84.6505
Rossford,OH,41.6098,-83.5644
Rossmoyne,OH,39.2137,-84.3869
Russells Point,OH,40.4712,-83.8927
Sabina,OH,39.4887,-83.6369
Saint Bernard,OH,39.1670,-84.4985
Saint Clairsville,OH,40.0806,-80.9001
Saint Henry,OH,40.4175,-84.6397
Saint Marys,OH,40.5423,-84.3894
Saint Paris,OH,40.1284,-83.9597
Salem,OH,40.9009,-80.8568
Salem Heights,OH,39.0717,-84.3783
Salineville,OH,40.6226,-80.8379
Sandusky,OH,41.4489,-82.7080
Sawyerwood,OH,41.0378,-81.4410
Sciotodale,OH,38.7548,-82.8688
Sebring,OH,40.9228,-81.0190
Seven Hills,OH,41.3953,-81.6762
Seville,OH,41.0101,-81.8624
Shadyside,OH,39.9709,-80.7506
Shaker Heights,OH,41.4739,-81.5371
Sharonville,OH,39.2681,-84.4133
Shawnee Hills,OH,39.6528,-83.7869
Sheffield,OH,41.4211,-82.0963
Sheffield Lake,OH,41.4875,-82.1015
Shelby,OH,40.8815,-82.6618
Sherwood,OH,39.0848,-84.3608
Shiloh,OH,39.8187,-84.2285
Shreve,OH,40.6814,-82.0218
Sidney,OH,40.2842,-84.1555
Silver Lake,OH,41.1589,-81.4543
Silverton,OH,39.1928,-84.4005
Sixteen Mile Stand,OH,39.2728,-84.3274
Skyline Acres,OH,39.2287,-84.5669
Smithville,OH,40.8623,-81.8618
Solon,OH,41.3898,-81.4412
Somerset,OH,39.8070,-82.2971
South Amherst,OH,41.3559,-82.2538
South Bloomfield,OH,39.7184,-82.9869
South Canal,OH,41.1773,-80.9868
South Charleston,OH,39.8253,-83.6344
South Euclid,OH,41.5231,-81.5185
South Lebanon,OH,39.3709,-84.2133
South Point,OH,38.4179,-82.5863
South Russell,OH,41.4314,-81.3654
South Zanesville,OH,39.8992,-82.0062
Spencerville,OH,40.7089,-84.3536
Springboro,OH,39.5523,-84.2333
Springdale,OH,39.2870,-84.4852
Springfield,OH,39.9242,-83.8088
Steubenville,OH,40.3698,-80.6340
Stony Prairie,OH,41.3450,-83.1410
Stow,OH,41.1595,-81.4404
Strasburg,OH,40.5948,-81.5268
Streetsboro,OH,41.2392,-81.3459
Strongsville,OH,41.3145,-81.8357
Struthers,OH,41.0526,-80.6078
Stryker,OH,41.5037,-84.4141
Sugarcreek,OH,40.5031,-81.6410
Sugarcreek Police Dept,OH,40.5025,-81.6418
Summerside,OH,39.1048,-84.2883
Sunbury,OH,40.2426,-82.8591
Swanton,OH,41.5887,-83.8911
Sylvania,OH,41.7189,-83.7130
Tallmadge,OH,41.1014,-81.4418
Terrace Park,OH,39.1592,-84.3072
The Plains,OH,39.3690,-82.1324
The Village of Indian Hill,OH,39.1795,-84.3352
Thornport,OH,39.9131,-82.4110
Tiffin,OH,41.1145,-83.1780
Tiltonsville,OH,40.1667,-80.6998
Tipp City,OH,39.9584,-84.1722
Toledo,OH,41.6639,-83.5552
Toronto,OH,40.4642,-80.6009
Trenton,OH,39.4809,-84.4577
Trotwood,OH,39.7973,-84.3113
Troy,OH,40.0395,-84.2033
Turpin Hills,OH,39.1101,-84.3799
Tuscarawas,OH,40.3948,-81.4071
Twinsburg,OH,41.3126,-81.4401
Uhrichsville,OH,40.3931,-81.3465
Union,OH,39.8978,-84.3063
Union City,OH,40.1994,-84.8035
Uniontown,OH,40.9751,-81.4082
University Heights,OH,41.4978,-81.5374
Upper Arlington,OH,39.9945,-83.0624
Upper Sandusky,OH,40.8273,-83.2813
Urbana,OH,40.1084,-83.7524
Urbancrest,OH,39.8976,-83.0868
Utica,OH,40.2342,-82.4513
Valley View,OH,41.3878,-81.6046
Van Wert,OH,40.8695,-84.5841
Vandalia,OH,39.8906,-84.1988
Vermilion,OH,41.4220,-82.3646
Vermilion-on-the-Lake,OH,41.4284,-82.3238
Versailles,OH,40.2225,-84.4844
Wadsworth,OH,41.0256,-81.7298
Wakeman,OH,41.2545,-82.3996
Walbridge,OH,41.5878,-83.4933
Walnut Hills,OH,39.1270,-84.4841
Walton Hills,OH,41.3656,-81.5612
Wapakoneta,OH,40.5678,-84.1936
Warren,OH,41.2376,-80.8184
Warrensville Heights,OH,41.4350,-81.5362
Washington Court House,OH,39.5365,-83.4391
Waterville,OH,41.5009,-83.7183
Wauseon,OH,41.5492,-84.1416
Waverly,OH,39.1267,-82.9855
Waynesville,OH,39.5298,-84.0866
Wellington,OH,41.1689,-82.2179
Wellston,OH,39.1234,-82.5329
Wellsville,OH,40.6028,-80.6490
West Alexandria,OH,39.7445,-84.5322
West Carrollton City,OH,39.6723,-84.2522
West Hill,OH,41.2328,-80.5192
West Jefferson,OH,39.9448,-83.2688
West Lafayette,OH,40.2754,-81.7510
West Liberty,OH,40.2523,-83.7558
West Milton,OH,39.9626,-84.3280
West Portsmouth,OH,38.7584,-83.0291
West Salem,OH,40.9714,-82.1099
West Union,OH,38.7945,-83.5452
West Unity,OH,41.5862,-84.4350
Westerville,OH,40.1262,-82.9291
Westfield Center,OH,41.0264,-81.9332
Westlake,OH,41.4553,-81.9179
Weston,OH,41.3448,-83.7972
Wetherington,OH,39.3637,-84.3774
Wheelersburg,OH,38.7304,-82.8555
White Oak,OH,39.2131,-84.5994
Whitehall,OH,39.9667,-82.8855
Whitehouse,OH,41.5189,-83.8038
Wickliffe,OH,41.6053,-81.4535
Wilberforce,OH,39.7162,-83.8777
Willard,OH,41.0531,-82.7263
Williamsburg,OH,39.0542,-84.0530
Williamsport,OH,39.5859,-83.1205
Willoughby,OH,41.6398,-81.4065
Willoughby Hills,OH,41.5984,-81.4185
Willowick,OH,41.6331,-81.4687
Wilmington,OH,39.4453,-83.8285
Winchester,OH,38.9417,-83.6508
Windham,OH,41.2351,-81.0493
Wintersville,OH,40.3753,-80.7037
Withamsville,OH,39.0623,-84.2883
Wolfhurst,OH,40.0692,-80.7837
Woodlawn,OH,39.2520,-84.4702
Woodsfield,OH,39.7626,-81.1154
Woodville,OH,41.4514,-83.3658
Wooster,OH,40.8052,-81.9365
Worthington,OH,40.0931,-83.0180
Wright-Patterson AFB,OH,39.8111,-84.0573
Wyoming,OH,39.2312,-84.4658
Xenia,OH,39.6848,-83.9296
Yellow Springs,OH,39.8064,-83.8869
Yorkville,OH,40.1545,-80.7104
Youngstown,OH,41.0998,-80.6495
Zanesville,OH,39.9404,-82.0132
Ada,OK,34.7745,-96.6783
Afton,OK,36.6937,-94.9630
Altus,OK,34.6381,-99.3340
Alva,OK,36.8050,-98.6672
Anadarko,OK,35.0726,-98.2437
Antlers,OK,34.2312,-95.6202
Apache,OK,34.8937,-98.3659
Arapaho,OK,35.5778,-98.9645
Ardmore,OK,34.1743,-97.1436
Arkoma,OK,35.3545,-94.4341
Arnett,OK,36.1350,-99.7748
Atoka,OK,34.3859,-96.1283
Barnsdall,OK,36.5620,-96.1617
Bartlesville,OK,36.7473,-95.9808
Beaver,OK,36.8161,-100.5199
Beggs,OK,35.7426,-96.0703
Bethany,OK,35.5187,-97.6323
Bethel Acres,OK,35.3087,-97.0256
Bixby,OK,35.9420,-95.8833
Blackwell,OK,36.8045,-97.2828
Blanchard,OK,35.1378,-97.6581
Boise City,OK,36.7295,-102.5132
Boley,OK,35.4934,-96.4836
Bray,OK,34.6379,-97.8175
Bristow,OK,35.8306,-96.3911
Broken Arrow,OK,36.0526,-95.7908
Broken Bow,OK,34.0293,-94.7391
Buffalo,OK,36.8356,-99.6304
Burns Flat,OK,35.3489,-99.1704
Bushyhead,OK,36.4615,-95.4941
Byng,OK,34.8612,-96.6656
Cache,OK,34.6295,-98.6287
Caddo,OK,34.1268,-96.2633
Calera,OK,33.9345,-96.4286
Carnegie,OK,35.1037,-98.6037
Catoosa,OK,36.1890,-95.7458
Central High,OK,34.6231,-98.0898
Chandler,OK,35.7017,-96.8809
Checotah,OK,35.4701,-95.5230
Chelsea,OK,36.5356,-95.4325
Cherokee,OK,36.7545,-98.3567
Cheyenne,OK,35.6139,-99.6715
Chickasha,OK,35.0526,-97.9364
Choctaw,OK,35.4976,-97.2689
Chouteau,OK,36.1859,-95.3430
Claremore,OK,36.3126,-95.6161
Cleora,OK,36.5790,-94.9711
Cleveland,OK,36.3103,-96.4658
Clinton,OK,35.5156,-98.9673
Coalgate,OK,34.5382,-96.2186
Colbert,OK,33.8532,-96.5025
Collinsville,OK,36.3645,-95.8389
Comanche,OK,34.3690,-97.9639
Commerce,OK,36.9334,-94.8730
Copeland,OK,36.6559,-94.8283
Cordell,OK,35.2906,-98.9884
Coweta,OK,35.9518,-95.6508
Crescent,OK,35.9525,-97.5948
Cushing,OK,35.9851,-96.7670
Cyril,OK,34.8965,-98.2006
Davis,OK,34.5045,-97.1195
Del City,OK,35.4420,-97.4409
Dewey,OK,36.7959,-95.9355
Dickson,OK,34.1873,-96.9845
Drumright,OK,35.9884,-96.6011
Duncan,OK,34.5023,-97.9578
Durant,OK,33.9940,-96.3708
Edmond,OK,35.6528,-97.4781
El Reno,OK,35.5323,-97.9550
Elgin,OK,34.7803,-98.2923
Elk City,OK,35.4120,-99.4043
Enid,OK,36.3956,-97.8784
Erick,OK,35.2153,-99.8665
Eufaula,OK,35.2872,-95.5825
Fairfax,OK,36.5737,-96.7042
Fairland,OK,36.7512,-94.8475
Fairview,OK,36.2689,-98.4798
Fletcher,OK,34.8231,-98.2442
Forest Park,OK,35.5042,-97.4462
Fort Gibson,OK,35.7976,-95.2505
Frederick,OK,34.3920,-99.0184
Geary,OK,35.6312,-98.3173
Geronimo,OK,34.4812,-98.3831
Glenpool,OK,35.9554,-96.0089
Goldsby,OK,35.1412,-97.4770
Goodwell,OK,36.5953,-101.6365
Granite,OK,34.9623,-99.3806
Grove,OK,36.5937,-94.7691
Guthrie,OK,35.8789,-97.4253
Guymon,OK,36.6828,-101.4815
Hall Park,OK,35.2370,-97.4064
Harrah,OK,35.4895,-97.1636
Hartshorne,OK,34.8451,-95.5575
Haskell,OK,35.8204,-95.6741
Healdton,OK,34.2332,-97.4878
Heavener,OK,34.8893,-94.6008
Helena,OK,36.5461,-98.2701
Hennessey,OK,36.1092,-97.8987
Henryetta,OK,35.4398,-95.9819
Hinton,OK,35.4714,-98.3556
Hobart,OK,35.0295,-99.0931
Holdenville,OK,35.0804,-96.3992
Hollis,OK,34.6884,-99.9120
Hominy,OK,36.4142,-96.3953
Hooker,OK,36.8600,-101.2135
Hugo,OK,34.0107,-95.5097
Idabel,OK,33.8957,-94.8263
Inola,OK,36.1512,-95.5094
Jay,OK,36.4212,-94.7969
Jenks,OK,36.0229,-95.9683
Jones,OK,35.5659,-97.2870
Justice,OK,36.2929,-95.5666
Kellyville,OK,35.9437,-96.2136
Kenwood,OK,36.3145,-94.9858
Kiefer,OK,35.9448,-96.0653
Kingfisher,OK,35.8614,-97.9317
Kingston,OK,33.9987,-96.7197
Konawa,OK,34.9595,-96.7528
Krebs,OK,34.9279,-95.7158
Langston,OK,35.9451,-97.2553
Laverne,OK,36.7097,-99.8935
Lawton,OK,34.6087,-98.3903
Lexington,OK,35.0148,-97.3356
Lindsay,OK,34.8348,-97.6025
Locust Grove,OK,36.2001,-95.1677
Lone Grove,OK,34.1754,-97.2628
Longtown,OK,35.2454,-95.5128
Luther,OK,35.6617,-97.1956
Madill,OK,34.0904,-96.7717
Mangum,OK,34.8720,-99.5043
Mannford,OK,36.1334,-96.3545
Marietta,OK,33.9370,-97.1167
Marlow,OK,34.6481,-97.9581
Maud,OK,35.1304,-96.7759
Maysville,OK,34.8173,-97.4059
McAlester,OK,34.9334,-95.7697
McCord,OK,36.6785,-97.0400
McLoud,OK,35.4359,-97.0914
Medford,OK,36.8070,-97.7337
Meeker,OK,35.5034,-96.9028
Meridian,OK,34.4273,-97.9781
Miami,OK,36.8745,-94.8775
Midwest City,OK,35.4495,-97.3967
Minco,OK,35.3128,-97.9445
Moore,OK,35.3395,-97.4867
Mooreland,OK,36.4392,-99.2048
Morris,OK,35.6076,-95.8603
Mounds,OK,35.8765,-96.0611
Muldrow,OK,35.4062,-94.5988
Muskogee,OK,35.7479,-95.3697
Mustang,OK,35.3842,-97.7245
Newcastle,OK,35.2473,-97.5998
Newkirk,OK,36.8822,-97.0534
Nichols Hills,OK,35.5509,-97.5489
Nicoma Park,OK,35.4912,-97.3231
Ninnekah,OK,34.9479,-97.9239
Noble,OK,35.1392,-97.3948
Norman,OK,35.2226,-97.4395
Nowata,OK,36.7007,-95.6380
Oakhurst,OK,36.0754,-96.0644
Oakland,OK,34.1001,-96.7939
Oilton,OK,36.0845,-96.5836
Okarche,OK,35.7259,-97.9764
Okeene,OK,36.1161,-98.3170
Okemah,OK,35.4326,-96.3050
Oklahoma City,OK,35.4676,-97.5164
Okmulgee,OK,35.6234,-95.9605
Oologah,OK,36.4470,-95.7083
Owasso,OK,36.2695,-95.8547
Panama,OK,35.1673,-94.6724
Park Hill,OK,35.8612,-94.9588
Pauls Valley,OK,34.7401,-97.2223
Pawhuska,OK,36.6678,-96.3372
Pawnee,OK,36.3378,-96.8039
Perkins,OK,35.9739,-97.0336
Perry,OK,36.2895,-97.2881
Piedmont,OK,35.6420,-97.7464
Pink,OK,35.2606,-97.1197
Pocola,OK,35.2312,-94.4780
Ponca City,OK,36.7070,-97.0856
Poteau,OK,35.0537,-94.6236
Prague,OK,35.4867,-96.6850
Pryor,OK,36.3084,-95.3169
Pryor Creek,OK,36.3086,-95.3178
Purcell,OK,35.0137,-97.3611
Quinton,OK,35.1229,-95.3711
Ringling,OK,34.1784,-97.5925
Roland,OK,35.4212,-94.5147
Rush Springs,OK,34.7826,-97.9570
Salina,OK,36.2929,-95.1533
Sallisaw,OK,35.4604,-94.7875
Sand Springs,OK,36.1398,-96.1089
Sapulpa,OK,35.9987,-96.1142
Sayre,OK,35.2912,-99.6401
Seminole,OK,35.2245,-96.6706
Shattuck,OK,36.2761,-99.8828
Shawnee,OK,35.3273,-96.9253
Skiatook,OK,36.3684,-96.0014
Slaughterville,OK,35.0873,-97.3350
Snyder,OK,34.6590,-98.9517
Spencer,OK,35.5228,-97.3773
Sperry,OK,36.2973,-95.9914
Spiro,OK,35.2412,-94.6199
Stigler,OK,35.2537,-95.1230
Stillwater,OK,36.1156,-97.0584
Stilwell,OK,35.8145,-94.6286
Stratford,OK,34.7968,-96.9595
Stroud,OK,35.7487,-96.6581
Sulphur,OK,34.5079,-96.9684
Tahlequah,OK,35.9154,-94.9700
Talihina,OK,34.7515,-95.0480
Taloga,OK,36.0386,-98.9637
Tecumseh,OK,35.2578,-96.9367
Texanna,OK,35.3473,-95.4369
The Village,OK,35.5609,-97.5514
Thomas,OK,35.7442,-98.7476
Tishomingo,OK,34.2362,-96.6786
Tonkawa,OK,36.6784,-97.3100
Tulsa,OK,36.1540,-95.9928
Turley,OK,36.2420,-95.9758
Tuttle,OK,35.2909,-97.8123
Union City,OK,35.3917,-97.9414
Verdigris,OK,36.2348,-95.6911
Vian,OK,35.4984,-94.9697
Vinita,OK,36.6387,-95.1541
Wagoner,OK,35.9595,-95.3694
Walters,OK,34.3598,-98.3078
Warner,OK,35.4943,-95.3055
Warr Acres,OK,35.5226,-97.6189
Watonga,OK,35.8448,-98.4131
Waukomis,OK,36.2803,-97.8981
Waurika,OK,34.1670,-97.9975
Weatherford,OK,35.5262,-98.7076
Westville,OK,35.9926,-94.5680
Wetumka,OK,35.2376,-96.2417
Wewoka,OK,35.1587,-96.4934
Wilburton,OK,34.9187,-95.3091
Wilson,OK,34.1620,-97.4259
Wilson,OK,35.5076,-96.0347
Wister,OK,34.9673,-94.7247
Woodward,OK,36.4337,-99.3904
Wynnewood,OK,34.6434,-97.1645
Yale,OK,36.1142,-96.6992
Yukon,OK,35.5067,-97.7625
Acton,ON,43.6297,-80.0415
Ajax,ON,43.8501,-79.0329
Alexandria,ON,45.3132,-74.6367
Alliston,ON,44.1501,-79.8663
Almonte,ON,45.2299,-76.1958
Amethyst Harbour,ON,48.5427,-88.8729
Amherstburg,ON,42.1001,-83.0999
Amherstview,ON,44.2233,-76.6454
Amigo Beach,ON,44.6919,-79.3932
Ancaster,ON,43.2181,-79.9872
Angus,ON,44.3168,-79.8829
Arnprior,ON,45.4334,-76.3494
Atikokan,ON,48.7567,-91.6241
Attawapiskat,ON,52.9277,-82.4167
Aurora,ON,44.0001,-79.4663
Aylmer,ON,42.7668,-80.9830
Ayr,ON,43.2834,-80.4497
Azilda,ON,46.5501,-81.0998
Baden,ON,43.4001,-80.6497
Ballantrae,ON,44.0334,-79.2996
Bancroft,ON,45.0575,-77.8570
Barrie,ON,44.4001,-79.6663
Bath,ON,44.1834,-76.7827
Beaverton,ON,44.4334,-79.1496
Beeton,ON,44.0799,-79.7816
Belle River,ON,42.2926,-82.7119
Belleville,ON,44.1668,-77.3828
Bells Corners,ON,45.3159,-75.8301
Belmont,ON,42.8834,-81.0830
Blackburn Hamlet,ON,45.4367,-75.5646
Blind River,ON,46.1834,-82.9582
Blossom Park,ON,45.3489,-75.6267
Bluewater,ON,43.4668,-81.5998
Bobcaygeon,ON,44.5462,-78.5420
Bolton,ON,43.8795,-79.7379
Bourget,ON,45.4348,-75.1603
Bowmanville,ON,43.9168,-78.6829
Bracebridge,ON,45.0334,-79.3163
Brampton,ON,43.6834,-79.7663
Brant,ON,43.1334,-80.3497
Brantford,ON,43.1334,-80.2664
Breslau,ON,43.4668,-80.4164
Bridlewood,ON,45.2852,-75.8569
Brockville,ON,44.5913,-75.6870
Brooklin,ON,43.9583,-78.9597
Brussels,ON,43.7432,-81.2500
Burford,ON,43.1029,-80.4287
Burlington,ON,43.3862,-79.8371
ByWard Market,ON,45.4271,-75.6923
Caledon,ON,43.8654,-79.9932
Caledon East,ON,43.8691,-79.8669
Callander,ON,46.2168,-79.3663
Calvin Park,ON,44.2328,-76.5241
Cambridge,ON,43.3601,-80.3127
Camlachie,ON,43.0360,-82.1616
Campbellford,ON,44.3084,-77.7995
Capreol,ON,46.7063,-80.9211
Carleton Place,ON,45.1334,-76.1494
Carp,ON,45.3501,-76.0327
Casselman,ON,45.3168,-75.0826
Chalk River,ON,46.0168,-77.4495
Chapleau,ON,47.8405,-83.4034
Chatham,ON,42.4122,-82.1849
Chippawa,ON,43.0571,-79.0472
Clarence-Rockland,ON,45.5501,-75.2910
Clinton,ON,43.6168,-81.5331
Cobden,ON,45.6334,-76.8827
Cobourg,ON,43.9598,-78.1651
Cochrane,ON,49.0669,-81.0331
Colchester,ON,41.9834,-82.9331
Collingwood,ON,44.4834,-80.2164
Concord,ON,43.8001,-79.4829
Constance Bay,ON,45.5001,-76.0827
Cookstown,ON,44.1834,-79.6996
Cornwall,ON,45.0181,-74.7281
Corunna,ON,42.8834,-82.4331
Crystal Beach,ON,42.8638,-79.0587
Deep River,ON,46.1001,-77.4995
Delaware,ON,42.9168,-81.4165
Delhi,ON,42.8501,-80.4997
Deseronto,ON,44.2001,-77.0494
Dorchester,ON,42.9834,-81.0664
Dowling,ON,46.5911,-81.3392
Dryden,ON,49.7833,-92.7503
Dundalk,ON,44.1679,-80.3936
Dunnville,ON,42.9001,-79.6163
East Gwillimbury,ON,44.1009,-79.4378
Eganville,ON,45.5334,-77.0995
Elliot Lake,ON,46.3834,-82.6332
Elmira,ON,43.6001,-80.5497
Elmvale,ON,44.5834,-79.8664
Elmvale Acres,ON,45.3965,-75.6321
Elora,ON,43.6834,-80.4330
Embrun,ON,45.2757,-75.2727
Emo,ON,48.6332,-93.8336
Englehart,ON,47.8240,-79.8739
Erin,ON,43.7729,-80.0644
Espanola,ON,46.2584,-81.7665
Essex,ON,42.1751,-82.8248
Etobicoke,ON,43.6442,-79.5699
Exeter,ON,43.3435,-81.4793
Fallingbrook,ON,45.4756,-75.4840
Fenelon Falls,ON,44.5334,-78.7496
Fergus,ON,43.7060,-80.3776
Forest,ON,43.1001,-81.9998
Fort Erie,ON,42.9001,-78.9329
Fort Frances,ON,48.6167,-93.4003
Gananoque,ON,44.3334,-76.1661
Georgetown,ON,43.6501,-79.9163
Geraldton,ON,49.7267,-86.9484
Glen Cairn,ON,45.2928,-75.8800
Glencoe,ON,42.7501,-81.7165
Gloucester,ON,45.3500,-75.6333
Goderich,ON,43.7417,-81.7134
Golden,ON,51.0592,-93.7357
Grand Bend,ON,43.3168,-81.7498
Gravenhurst,ON,44.9168,-79.3663
Greater Napanee,ON,44.2501,-76.9494
Greater Sudbury,ON,46.4900,-80.9900
Greely,ON,45.2614,-75.5611
Greenstone,ON,49.7334,-87.1667
Grimsby,ON,43.2001,-79.5663
Guelph,ON,43.5459,-80.2560
Haileybury,ON,47.4490,-79.6373
Haliburton Village,ON,45.0492,-78.5085
Halton Hills,ON,43.6403,-79.9315
Hamilton,ON,43.2501,-79.8496
Hanover,ON,44.1501,-81.0330
Harriston,ON,43.9120,-80.8720
Harrow,ON,42.0334,-82.9165
Hawkesbury,ON,45.6001,-74.6159
Hearst,ON,49.6835,-83.6665
Heidelberg,ON,43.5168,-80.6164
Hensall,ON,43.4334,-81.4998
Hintonburg,ON,45.4038,-75.7283
Hornepayne,ON,49.2145,-84.7762
Huntsville,ON,45.3334,-79.2163
Huron East,ON,43.6168,-81.2998
Ignace,ON,49.4163,-91.6590
Ilderton,ON,43.0792,-81.3805
Ingersoll,ON,43.0334,-80.8830
Innisfil,ON,44.3001,-79.6496
Iroquois Falls,ON,48.7669,-80.6831
Jarvis,ON,42.8856,-80.1122
Kanata,ON,45.3001,-75.9161
Kapuskasing,ON,49.4169,-82.4331
Kashechewan,ON,52.2913,-81.6403
Kenora,ON,49.7674,-94.4899
Kincardine,ON,44.1834,-81.6331
King,ON,43.9651,-79.5901
King City,ON,43.9286,-79.5269
Kingscourt,ON,44.2469,-76.5039
Kingston,ON,44.2298,-76.4810
Kingsville,ON,42.1001,-82.7331
Kirkland Lake,ON,48.1446,-80.0377
Kitchener,ON,43.4254,-80.5112
L'Orignal,ON,45.6198,-74.6915
LaSalle,ON,42.2448,-83.0610
Lakefield,ON,44.4334,-78.2662
Lambton Shores,ON,43.1668,-81.9331
Lappe,ON,48.5668,-89.3501
Leamington,ON,42.0501,-82.5998
Limoges,ON,45.3334,-75.2493
Lindsay,ON,44.3501,-78.7329
Listowel,ON,43.7334,-80.9497
Little Current,ON,45.9793,-81.9248
Lively,ON,46.4334,-81.1497
London,ON,42.9834,-81.2330
Longlac,ON,49.7817,-86.5348
Lowertown,ON,45.4319,-75.6932
Lucan,ON,43.1834,-81.3998
Lucknow,ON,43.9605,-81.5128
Madoc,ON,44.5084,-77.4745
Manitouwadge,ON,49.1215,-85.8403
Mannheim,ON,43.3981,-80.5454
Markdale,ON,44.3168,-80.6497
Markham,ON,43.8668,-79.2663
Markstay-Warren,ON,46.4668,-80.4830
Marmora,ON,44.4834,-77.6828
Mattawa,ON,46.3168,-78.6996
McGregor,ON,42.1501,-82.9665
Meaford,ON,44.6073,-80.6108
Metcalfe,ON,45.2334,-75.4660
Midland,ON,44.7501,-79.8830
Mildmay,ON,44.0430,-81.1189
Millbrook,ON,44.1501,-78.4495
Milton,ON,43.5168,-79.8829
Mississauga,ON,43.5789,-79.6583
Mississauga Beach,ON,43.2588,-79.0863
Mississippi Mills,ON,45.2334,-76.1994
Moose Factory,ON,51.2669,-80.6162
Moosonee,ON,51.2793,-80.6345
Morrisburg,ON,44.9001,-75.1826
Mount Albert,ON,44.1334,-79.3163
Mount Brydges,ON,42.9001,-81.4831
Mount Forest,ON,43.9795,-80.7220
Munster,ON,45.1648,-75.9396
Napanee,ON,44.2501,-76.9494
Neebing,ON,48.1668,-89.4168
Nepean,ON,45.3362,-75.7225
New Dundee,ON,43.3510,-80.5366
New Edinburgh,ON,45.4414,-75.6878
New Hamburg,ON,43.3834,-80.6997
Newmarket,ON,44.0501,-79.4663
Niagara Falls,ON,43.1001,-79.0663
Niagara-on-the-Lake,ON,43.2565,-79.0853
Nipigon,ON,49.0168,-88.2667
Norfolk County,ON,42.8334,-80.3830
North Bay,ON,46.3168,-79.4663
North Perth,ON,43.7251,-80.9672
Norwood,ON,44.3834,-77.9828
Oakville,ON,43.4501,-79.6829
Ohsweken,ON,43.0668,-80.1163
Omemee,ON,44.2990,-78.5599
Orangeville,ON,43.9168,-80.0997
Orillia,ON,44.6087,-79.4207
Orleans,ON,45.4573,-75.5043
Osgoode,ON,45.1489,-75.5978
Oshawa,ON,43.9001,-78.8496
Ottawa,ON,45.4112,-75.6981
Ottawa South,ON,45.3921,-75.6873
Overbrook,ON,45.4273,-75.6520
Owen Sound,ON,44.5672,-80.9435
Paisley,ON,44.3064,-81.2726
Paris,ON,43.2000,-80.3833
Parkhill,ON,43.1599,-81.6846
Parry Sound,ON,45.3473,-80.0353
Pembroke,ON,45.8168,-77.1162
Penetanguishene,ON,44.7834,-79.9164
Perth,ON,44.9001,-76.2494
Petawawa,ON,45.8945,-77.2801
Peterborough,ON,44.3001,-78.3162
Petrolia,ON,42.8820,-82.1520
Pickering,ON,43.9001,-79.1329
Picton,ON,44.0018,-77.1464
Plantagenet,ON,45.5326,-74.9937
Plattsville,ON,43.3079,-80.6162
Polson Park,ON,44.2322,-76.5303
Port Colborne,ON,42.9001,-79.2329
Port Elgin,ON,44.4361,-81.3898
Port Hope,ON,44.0168,-78.3995
Port Perry,ON,44.1068,-78.9444
Port Rowan,ON,42.6168,-80.4664
Port Stanley,ON,42.6668,-81.2164
Powassan,ON,46.0334,-79.3496
Prescott,ON,44.7168,-75.5160
Prince Edward,ON,44.0001,-77.2495
Queenswood Heights,ON,45.4708,-75.5056
Quinte West,ON,44.1074,-77.5704
Rayside-Balfour,ON,46.6087,-81.2076
Red Lake,ON,51.0168,-93.8274
Red Lake,ON,51.0668,-93.7337
Renfrew,ON,45.4668,-76.6827
Richmond,ON,45.1834,-75.8327
Richmond Hill,ON,43.8711,-79.4373
Ridgetown,ON,42.4354,-81.8873
Rockcliffe Park,ON,45.4501,-75.6826
Rockwood,ON,43.6190,-80.1444
Russell,ON,45.2501,-75.3660
Sandy Hill,ON,45.4252,-75.6786
Sarnia,ON,42.9787,-82.4041
Sault Ste. Marie,ON,46.5168,-84.3333
Schreiber,ON,48.8125,-87.2646
Seaforth,ON,43.5501,-81.3998
Sharbot Lake,ON,44.7739,-76.6872
Shelburne,ON,44.0787,-80.2041
Shuniah Township,ON,48.5242,-89.1147
Simcoe,ON,42.8334,-80.2997
Sioux Lookout,ON,50.0991,-91.9216
Sioux Lookout,ON,50.0668,-91.9836
Smiths Falls,ON,44.9045,-76.0233
Smooth Rock Falls,ON,49.2835,-81.6331
South Huron,ON,43.3168,-81.5165
South River,ON,45.8334,-79.3829
St. Catharines,ON,43.1713,-79.2427
St. Clements,ON,43.5168,-80.6497
St. George,ON,43.2450,-80.2514
St. Jacobs,ON,43.5316,-80.5572
St. Marys,ON,43.2501,-81.1330
St. Thomas,ON,42.7736,-81.1804
Stirling,ON,44.3001,-77.5495
Stittsville,ON,45.2501,-75.9161
Stoney Creek,ON,43.2168,-79.7663
Stoney Point,ON,44.2668,-79.5329
Stoney Point/Pointe-aux-Roches,ON,42.3047,-82.5486
Stouffville,ON,43.9668,-79.2496
Stratford,ON,43.3668,-80.9497
Strathcona Park,ON,44.2553,-76.5244
Strathroy,ON,42.9551,-81.6223
Sturgeon Falls,ON,46.3668,-79.9164
Sydenham,ON,44.5668,-80.7997
Tavistock,ON,43.3168,-80.8330
Tecumseh,ON,42.3160,-82.8840
Temiskaming Shores,ON,47.4938,-79.7153
Terrace Bay,ON,48.7834,-87.1000
Thamesford,ON,43.0571,-80.9988
The Blue Mountains,ON,44.5584,-80.4580
Thessalon,ON,46.2501,-83.5666
Thornhill,ON,43.8150,-79.4242
Thorold,ON,43.1168,-79.1996
Thunder Bay,ON,48.3820,-89.2502
Tilbury,ON,42.2668,-82.4331
Tillsonburg,ON,42.8599,-80.7262
Timmins,ON,48.4669,-81.3331
Tobermory,ON,45.2501,-81.6665
Toronto,ON,43.7064,-79.3986
Tottenham,ON,44.0244,-79.8055
Tweed,ON,44.4751,-77.3162
"United Townships of Dysart, Dudley, Harcourt, Guilford, Harburn, Bruton, Havelock, Eyre and Clyde",ON,45.2000,-78.4167
Uxbridge,ON,44.1001,-79.1163
Valley East,ON,46.6450,-80.9973
Vanier,ON,45.4399,-75.6650
Vaughan,ON,43.8361,-79.4983
Vermilion Bay,ON,49.8605,-93.3878
Vineland,ON,43.1513,-79.3945
Virgil,ON,43.2168,-79.1329
Viscount Alexander Park,ON,45.4527,-75.6312
Walkerton,ON,44.1302,-81.1531
Wallaceburg,ON,42.5930,-82.3885
Walpole Island,ON,42.6152,-82.5140
Wasaga Beach,ON,44.5168,-80.0164
Waterdown,ON,43.3334,-79.8829
Waterford,ON,42.9334,-80.2830
Waterloo,ON,43.4668,-80.5164
Watford,ON,42.9501,-81.8831
Wawa,ON,47.9888,-84.7741
Welland,ON,42.9834,-79.2496
Wellesley,ON,43.4769,-80.7621
Wendover,ON,45.5727,-75.1276
West Lorne,ON,42.6001,-81.5998
West Nipissing,ON,46.3716,-79.9245
Whitby,ON,43.8834,-78.9329
Whitchurch-Stouffville,ON,44.0001,-79.3163
Wiarton,ON,44.7419,-81.1396
Williamsville,ON,44.2384,-76.4990
Willowdale,ON,43.7667,-79.3991
Winchester,ON,45.0834,-75.3493
Windsor,ON,42.3001,-83.0165
Wingham,ON,43.8879,-81.3114
Woodstock,ON,43.1334,-80.7497
Wyoming,ON,42.9501,-82.1165
Agate Beach,OR,44.6773,-124.0618
Albany,OR,44.6365,-123.1059
Aloha,OR,45.4943,-122.8671
Altamont,OR,42.2068,-121.7372
Amity,OR,45.1157,-123.2073
Ashland,OR,42.1946,-122.7095
Astoria,OR,46.1879,-123.8312
Athena,OR,45.8118,-118.4905
Aumsville,OR,44.8409,-122.8709
Baker City,OR,44.7749,-117.8344
Bandon,OR,43.1190,-124.4085
Banks,OR,45.6187,-123.1143
Barview,OR,43.3543,-124.3132
Bay City,OR,45.5226,-123.8893
Beavercreek,OR,45.2879,-122.5356
Beaverton,OR,45.4871,-122.8037
Bend,OR,44.0582,-121.3153
Bethany,OR,45.5579,-122.8676
Boardman,OR,45.8399,-119.7006
Brookings,OR,42.0526,-124.2840
Brownsville,OR,44.3935,-122.9848
Bunker Hill,OR,43.3559,-124.2048
Burns,OR,43.5863,-119.0541
Canby,OR,45.2629,-122.6926
Cannon Beach,OR,45.8918,-123.9615
Canyon City,OR,44.3896,-118.9502
Canyonville,OR,42.9273,-123.2812
Carlton,OR,45.2943,-123.1765
Cascade Locks,OR,45.6698,-121.8906
Cave Junction,OR,42.1629,-123.6481
Cedar Hills,OR,45.5048,-122.7984
Cedar Mill,OR,45.5248,-122.8109
Central Point,OR,42.3760,-122.9164
Chenoweth,OR,45.6276,-121.2434
Clackamas,OR,45.4076,-122.5704
Clatskanie,OR,46.1012,-123.2068
Coburg,OR,44.1371,-123.0665
Columbia City,OR,45.8901,-122.8071
Condon,OR,45.2343,-120.1850
Coos Bay,OR,43.3665,-124.2179
Coquille,OR,43.1771,-124.1876
Cornelius,OR,45.5198,-123.0598
Corvallis,OR,44.5646,-123.2620
Cottage Grove,OR,43.7976,-123.0595
Creswell,OR,43.9179,-123.0245
Culp Creek,OR,43.7035,-122.8476
Culver,OR,44.5257,-121.2131
Dallas,OR,44.9193,-123.3170
Damascus,OR,45.4176,-122.4590
Dayton,OR,45.2207,-123.0762
Depoe Bay,OR,44.8085,-124.0632
Deschutes River Woods,OR,43.9915,-121.3584
Donald,OR,45.2223,-122.8393
Drain,OR,43.6587,-123.3187
Dundee,OR,45.2782,-123.0109
Dunes City,OR,43.8832,-124.1151
Durham,OR,45.4021,-122.7529
Eagle Point,OR,42.4726,-122.8028
Elgin,OR,45.5649,-117.9174
Enterprise,OR,45.4263,-117.2788
Estacada,OR,45.2896,-122.3337
Eugene,OR,44.0521,-123.0867
Fairview,OR,45.5384,-122.4340
Florence,OR,43.9826,-124.0998
Forest Grove,OR,45.5198,-123.1107
Fossil,OR,44.9982,-120.2161
Four Corners,OR,44.9279,-122.9837
Fruitdale,OR,42.4221,-123.3081
Garden Home-Whitford,OR,45.4640,-122.7589
Gearhart,OR,46.0243,-123.9112
Gervais,OR,45.1082,-122.8976
Gladstone,OR,45.3807,-122.5948
Glide,OR,43.3015,-123.1012
Gold Beach,OR,42.4073,-124.4218
Gold Hill,OR,42.4318,-123.0506
Grand Ronde,OR,45.0601,-123.6093
Grants Pass,OR,42.4393,-123.3307
Green,OR,43.1604,-123.3679
Gresham,OR,45.4982,-122.4315
Happy Valley,OR,45.4468,-122.5304
Harbor,OR,42.0532,-124.2676
Harrisburg,OR,44.2740,-123.1706
Hayesville,OR,44.9860,-122.9829
Heppner,OR,45.3532,-119.5578
Hermiston,OR,45.8404,-119.2895
Hillsboro,OR,45.5229,-122.9898
Hines,OR,43.5640,-119.0811
Hood River,OR,45.7054,-121.5215
Hubbard,OR,45.1823,-122.8079
Independence,OR,44.8512,-123.1868
Irrigon,OR,45.8957,-119.4914
Island City,OR,45.3410,-118.0447
Jacksonville,OR,42.3135,-122.9670
Jefferson,OR,44.7196,-123.0104
Jennings Lodge,OR,45.3912,-122.6126
John Day,OR,44.4160,-118.9530
Joseph,OR,45.3543,-117.2296
Junction City,OR,44.2193,-123.2057
Keizer,OR,44.9901,-123.0262
King City,OR,45.3910,-122.8158
Klamath Falls,OR,42.2249,-121.7817
La Grande,OR,45.3246,-118.0877
La Pine,OR,43.6704,-121.5036
Lafayette,OR,45.2443,-123.1148
Lake Oswego,OR,45.4207,-122.6706
Lakeside,OR,43.5757,-124.1751
Lakeview,OR,42.1888,-120.3458
Lebanon,OR,44.5365,-122.9070
Lincoln Beach,OR,44.8504,-124.0468
Lincoln City,OR,44.9582,-124.0179
Lowell,OR,43.9185,-122.7837
Lyons,OR,44.7746,-122.6151
Madras,OR,44.6335,-121.1295
McMinnville,OR,45.2101,-123.1987
Medford,OR,42.3265,-122.8756
Merlin,OR,42.5173,-123.4198
Metzger,OR,45.4465,-122.7590
Mill City,OR,44.7540,-122.4781
Millersburg,OR,44.6810,-123.0615
Milton-Freewater,OR,45.9326,-118.3877
Milwaukie,OR,45.4462,-122.6393
Mission,OR,45.6704,-118.6836
Molalla,OR,45.1473,-122.5770
Monmouth,OR,44.8484,-123.2340
Moro,OR,45.4840,-120.7312
Mount Angel,OR,45.0679,-122.8001
Mount Hood Village,OR,45.3554,-121.9806
Mulino,OR,45.2215,-122.5820
Myrtle Creek,OR,43.0201,-123.2931
Myrtle Point,OR,43.0648,-124.1390
New Hope,OR,42.3623,-123.3678
Newberg,OR,45.3001,-122.9732
Newport,OR,44.6368,-124.0534
North Bend,OR,43.4065,-124.2243
North Plains,OR,45.5971,-122.9934
North Portland,OR,45.6104,-122.7034
Nyssa,OR,43.8768,-116.9949
Oak Grove,OR,45.4168,-122.6401
Oak Hills,OR,45.5412,-122.8412
Oakridge,OR,43.7465,-122.4617
Oatfield,OR,45.4142,-122.6001
Odell,OR,45.6271,-121.5431
Ontario,OR,44.0266,-116.9629
Oregon City,OR,45.3573,-122.6068
Pacific City,OR,45.2023,-123.9629
Pendleton,OR,45.6721,-118.7886
Philomath,OR,44.5401,-123.3676
Phoenix,OR,42.2754,-122.8181
Pilot Rock,OR,45.4832,-118.8300
Port Orford,OR,42.7457,-124.4973
Portland,OR,45.5234,-122.6762
Prineville,OR,44.2998,-120.8345
Rainier,OR,46.0890,-122.9359
Raleigh Hills,OR,45.4807,-122.7620
Redmond,OR,44.2726,-121.1739
Redwood,OR,42.4221,-123.3873
Reedsport,OR,43.7023,-124.0968
Riddle,OR,42.9509,-123.3642
Rockaway Beach,OR,45.6134,-123.9429
Rockcreek,OR,45.5501,-122.8770
Rogue River,OR,42.4359,-123.1720
Rose Lodge,OR,45.0104,-123.8804
Roseburg,OR,43.2165,-123.3417
Roseburg North,OR,43.2690,-123.3510
Saint Helens,OR,45.8640,-122.8065
Salem,OR,44.9429,-123.0351
Sandy,OR,45.3973,-122.2615
Scappoose,OR,45.7543,-122.8776
Seaside,OR,45.9932,-123.9226
Shady Cove,OR,42.6107,-122.8125
Sheridan,OR,45.0993,-123.3948
Sherwood,OR,45.3565,-122.8401
Siletz,OR,44.7218,-123.9201
Silverton,OR,45.0051,-122.7832
Sisters,OR,44.2910,-121.5492
South Lebanon,OR,44.5062,-122.9031
Springfield,OR,44.0462,-123.0220
Stafford,OR,45.3810,-122.7040
Stanfield,OR,45.7804,-119.2172
Stayton,OR,44.8007,-122.7945
Sublimity,OR,44.8296,-122.7945
Sunriver,OR,43.8840,-121.4386
Sutherlin,OR,43.3901,-123.3126
Sweet Home,OR,44.3976,-122.7362
Talent,OR,42.2457,-122.7887
Tangent,OR,44.5412,-123.1081
Terrebonne,OR,44.3529,-121.1778
The Dalles,OR,45.5946,-121.1787
Three Rivers,OR,43.8201,-121.4692
Tigard,OR,45.4312,-122.7715
Tillamook,OR,45.4564,-123.8455
Toledo,OR,44.6215,-123.9385
Tri-City,OR,42.9846,-123.3117
Troutdale,OR,45.5393,-122.3873
Tualatin,OR,45.3840,-122.7640
Turner,OR,44.8432,-122.9529
Umatilla,OR,45.9173,-119.3425
Union,OR,45.2085,-117.8652
Vale,OR,43.9821,-117.2382
Veneta,OR,44.0487,-123.3509
Vernonia,OR,45.8587,-123.1929
Waldport,OR,44.4268,-124.0687
Warm Springs,OR,44.7634,-121.2662
Warren,OR,45.8190,-122.8490
Warrenton,OR,46.1651,-123.9238
West Haven-Sylvan,OR,45.5161,-122.7681
West Linn,OR,45.3657,-122.6123
White City,OR,42.4374,-122.8320
Willamina,OR,45.0787,-123.4859
Williams,OR,42.2187,-123.2739
Wilsonville,OR,45.2998,-122.7737
Winston,OR,43.1223,-123.4126
Wood Village,OR,45.5343,-122.4187
Woodburn,OR,45.1437,-122.8554
Yamhill,OR,45.3415,-123.1873
Yoncalla,OR,43.5984,-123.2834
Abbottstown,PA,39.8865,-76.9847
Abington,PA,40.1207,-75.1179
Acme,PA,40.1267,-79.4287
Adamstown,PA,40.2412,-76.0563
Airville,PA,39.8323,-76.4064
Akron,PA,40.1568,-76.2022
Albion,PA,41.8906,-80.3665
Albion,PA,40.9590,-78.9470
Alburtis,PA,40.5109,-75.6030
Aldan,PA,39.9215,-75.2880
Aliquippa,PA,40.6367,-80.2401
Alleghenyville,PA,40.2343,-75.9886
Allentown,PA,40.6084,-75.4902
Allison Park,PA,40.5595,-79.9587
Almedia,PA,41.0145,-76.3811
Altoona,PA,40.5187,-78.3947
Ambler,PA,40.1546,-75.2216
Ambridge,PA,40.5892,-80.2251
Amity Gardens,PA,40.2743,-75.7352
Ancient Oaks,PA,40.5473,-75.5893
Annville,PA,40.3295,-76.5152
Apollo,PA,40.5814,-79.5664
Archbald,PA,41.4948,-75.5369
Ardmore,PA,40.0068,-75.2855
Arlington Heights,PA,40.9901,-75.2163
Arnold,PA,40.5801,-79.7667
Ashland,PA,40.7818,-76.3458
Ashley,PA,41.2104,-75.8966
Aspinwall,PA,40.4915,-79.9048
Atglen,PA,39.9493,-75.9736
Athens,PA,41.9573,-76.5180
Audubon,PA,40.1279,-75.4318
Avalon,PA,40.5009,-80.0676
Avis,PA,41.1848,-77.3139
Avoca,PA,41.3398,-75.7363
Avon,PA,40.3456,-76.3900
Avondale,PA,39.8234,-75.7833
Avonia,PA,42.0456,-80.2698
Back Mountain,PA,41.3359,-75.9963
Baden,PA,40.6351,-80.2281
Baidland,PA,40.1948,-79.9709
Bainbridge,PA,40.0909,-76.6675
Bakerstown,PA,40.6509,-79.9364
Bala Cynwyd,PA,40.0076,-75.2341
Baldwin,PA,40.3381,-79.9789
Bally,PA,40.4023,-75.5871
Bangor,PA,40.8657,-75.2066
Barnesboro,PA,40.6626,-78.7800
Bath,PA,40.7257,-75.3941
Bear Rocks,PA,40.1228,-79.4617
Beaver,PA,40.6953,-80.3048
Beaver Falls,PA,40.7520,-80.3192
Beaverdale,PA,40.3220,-78.6970
Bedford,PA,40.0187,-78.5039
Bedminster,PA,40.4259,-75.1791
Beech Mountain Lakes,PA,41.0416,-75.9355
Belfast,PA,40.7807,-75.2780
Bell Acres,PA,40.5901,-80.1664
Bell Road (historical),PA,39.9068,-75.2338
Belle Vernon,PA,40.1251,-79.8664
Bellefonte,PA,40.9134,-77.7783
Belleville,PA,40.6051,-77.7255
Bellevue,PA,40.4940,-80.0517
Bellwood,PA,40.5970,-78.3330
Belmont,PA,40.2873,-78.8895
Ben Avon,PA,40.5081,-80.0831
Bensalem,PA,40.1046,-74.9513
Bentleyville,PA,40.1167,-80.0084
Berlin,PA,39.9206,-78.9578
Berwick,PA,41.0545,-76.2333
Berwyn,PA,40.0448,-75.4388
Bessemer,PA,40.9748,-80.4937
Bethel Park,PA,40.3276,-80.0395
Bethlehem,PA,40.6259,-75.3705
Big Bass Lake,PA,41.2538,-75.4764
Big Beaver,PA,40.8245,-80.3628
Biglerville,PA,39.9304,-77.2480
Birchwood Lakes,PA,41.2545,-74.9185
Birdsboro,PA,40.2645,-75.8041
Black Lick,PA,40.4725,-79.1869
Blairsville,PA,40.4312,-79.2609
Blakely,PA,41.4809,-75.5946
Blandon,PA,40.4412,-75.8869
Blawnox,PA,40.4934,-79.8606
Bloomfield,PA,40.4609,-79.9509
Bloomsburg,PA,41.0037,-76.4549
Blossburg,PA,41.6795,-77.0639
Blue Ball,PA,40.1187,-76.0472
Blue Bell,PA,40.1523,-75.2663
Boalsburg,PA,40.7756,-77.7925
Boiling Springs,PA,40.1498,-77.1283
Bonneauville,PA,39.8120,-77.1372
Boothwyn,PA,39.8301,-75.4416
Boswell,PA,40.1615,-79.0289
Bowmansville,PA,40.1968,-76.0174
Boyertown,PA,40.3337,-75.6374
Brackenridge,PA,40.6081,-79.7412
Braddock,PA,40.4034,-79.8684
Braddock Hills,PA,40.4173,-79.8650
Bradford,PA,41.9559,-78.6439
Bradford Woods,PA,40.6376,-80.0817
Breinigsville,PA,40.5368,-75.6313
Brentwood,PA,40.3706,-79.9748
Bressler,PA,40.2295,-76.8200
Brickerville,PA,40.2259,-76.3025
Bridgeport,PA,40.1051,-75.3452
Bridgeville,PA,40.3562,-80.1101
Bristol,PA,40.1007,-74.8518
Brittany Farms-Highlands,PA,40.2690,-75.2140
Brockway,PA,41.2492,-78.7995
Brodheadsville,PA,40.9245,-75.3938
Brookhaven,PA,39.8693,-75.3824
Brookville,PA,41.1612,-79.0831
Broomall,PA,39.9815,-75.3566
Brownstown,PA,40.1237,-76.2138
Brownsville,PA,40.0237,-79.8839
Browntown,PA,41.3098,-75.7874
Bryn Athyn,PA,40.1315,-75.0674
Bryn Mawr,PA,40.3040,-80.0867
Bryn Mawr,PA,40.0198,-75.3046
Burgettstown,PA,40.3820,-80.3928
Burnham,PA,40.6387,-77.5686
Butler,PA,40.8612,-79.8953
California,PA,40.0656,-79.8917
Caln,PA,39.9909,-75.7802
Calumet,PA,40.2109,-79.4853
Cambridge Springs,PA,41.8037,-80.0564
Camp Hill,PA,40.2398,-76.9200
Campbelltown,PA,40.2776,-76.5853
Canadensis,PA,41.1920,-75.2513
Canonsburg,PA,40.2626,-80.1873
Canton,PA,41.6565,-76.8533
Carbondale,PA,41.5737,-75.5019
Carlisle,PA,40.2015,-77.1889
Carnegie,PA,40.4087,-80.0834
Carnot-Moon,PA,40.5186,-80.2174
Carroll Valley,PA,39.7493,-77.3830
Castanea,PA,41.1248,-77.4297
Castle Shannon,PA,40.3648,-80.0223
Catasauqua,PA,40.6548,-75.4746
Catawissa,PA,40.9520,-76.4597
Cecil-Bishop,PA,40.3182,-80.1933
Cementon,PA,40.6893,-75.5077
Centerville,PA,40.0453,-79.9756
Central City,PA,40.1106,-78.8020
Centre Hall,PA,40.8476,-77.6861
Cetronia,PA,40.5868,-75.5296
Chalfont,PA,40.2884,-75.2091
Chambersburg,PA,39.9376,-77.6611
Charleroi,PA,40.1379,-79.8981
Cheltenham,PA,40.0609,-75.0941
Cherryville,PA,40.7540,-75.5385
Chester,PA,39.8475,-75.3578
Chester Heights,PA,39.8901,-75.4755
Chester Springs,PA,40.0951,-75.6169
Chesterbrook,PA,40.0757,-75.4591
Cheswick,PA,40.5417,-79.7992
Chevy Chase Heights,PA,40.6367,-79.1442
Chicora,PA,40.9481,-79.7428
Chinchilla,PA,41.4751,-75.6771
Christiana,PA,39.9548,-75.9969
Church Hill,PA,40.6820,-77.5986
Churchill,PA,40.4384,-79.8431
Churchville,PA,40.1940,-75.0040
Clairton,PA,40.2923,-79.8817
Clarion,PA,41.2148,-79.3853
Clarks Green,PA,41.4990,-75.6960
Clarks Summit,PA,41.4887,-75.7085
Clay,PA,40.2184,-76.2555
Claysburg,PA,40.2967,-78.4497
Clearfield,PA,41.0273,-78.4392
Cleona,PA,40.3373,-76.4755
Clifton Heights,PA,39.9293,-75.2963
Clymer,PA,40.6681,-79.0117
Coaldale,PA,40.8229,-75.9069
Coatesville,PA,39.9832,-75.8238
Cochranton,PA,41.5200,-80.0484
Collegeville,PA,40.1857,-75.4516
Collingdale,PA,39.9118,-75.2771
Collinsburg,PA,40.2242,-79.7684
Colonial Park,PA,40.3006,-76.8097
Colony Park,PA,40.3468,-75.9824
Columbia,PA,40.0337,-76.5044
Colwyn,PA,39.9123,-75.2538
Conashaugh Lakes,PA,41.3059,-74.9896
Conemaugh,PA,40.3260,-78.8970
Conestoga,PA,39.9407,-76.3464
Conneaut Lakeshore,PA,41.6271,-80.3101
Connellsville,PA,40.0179,-79.5895
Conshohocken,PA,40.0793,-75.3016
Conway,PA,40.6598,-80.2392
Conyngham,PA,40.9920,-76.0566
Coopersburg,PA,40.5115,-75.3905
Coplay,PA,40.6701,-75.4955
Coraopolis,PA,40.5184,-80.1667
Cornwall,PA,40.2737,-76.4061
Cornwells Heights,PA,40.0768,-74.9488
Corry,PA,41.9203,-79.6403
Coudersport,PA,41.7748,-78.0206
Crafton,PA,40.4351,-80.0662
Cranberry Township,PA,40.6850,-80.1071
Cresco,PA,41.1540,-75.2805
Cresson,PA,40.4598,-78.5917
Cressona,PA,40.6268,-76.1927
Croydon,PA,40.0873,-74.9035
Curtisville,PA,40.6423,-79.8509
Curwensville,PA,40.9756,-78.5250
Dale,PA,40.3128,-78.9042
Dallas,PA,41.3362,-75.9633
Dallastown,PA,39.8995,-76.6402
Dalton,PA,41.5342,-75.7360
Danville,PA,40.9634,-76.6127
Darby,PA,39.9184,-75.2591
Davidsville,PA,40.2270,-78.9364
Delmont,PA,40.4131,-79.5703
Denver,PA,40.2332,-76.1372
Derry,PA,40.3340,-79.2998
Devon,PA,40.0493,-75.4291
Dewart,PA,41.1093,-76.8766
Dickson City,PA,41.4715,-75.6077
Dillsburg,PA,40.1109,-77.0350
Donora,PA,40.1734,-79.8576
Dormont,PA,40.3959,-80.0331
Dorneyville,PA,40.5751,-75.5196
Dover,PA,40.0018,-76.8503
Downingtown,PA,40.0065,-75.7033
Doylestown,PA,40.3101,-75.1299
Dravosburg,PA,40.3506,-79.8862
Dresher,PA,40.1409,-75.1668
Drexel Hill,PA,39.9471,-75.2921
DuBois,PA,41.1192,-78.7600
Dublin,PA,40.3718,-75.2016
Duboistown,PA,41.2226,-77.0369
Dunbar,PA,39.9778,-79.6145
Duncannon,PA,40.3981,-77.0230
Duncansville,PA,40.4234,-78.4339
Dunmore,PA,41.4198,-75.6324
Dunnstown,PA,41.1459,-77.4214
Dupont,PA,41.3251,-75.7455
Duquesne,PA,40.3815,-79.8598
Duryea,PA,41.3440,-75.7385
Eagleview,PA,40.0594,-75.6808
Eagleville,PA,40.1596,-75.4082
Earlston,PA,40.0062,-78.3700
East Bangor,PA,40.8795,-75.1838
East Berlin,PA,39.9376,-76.9786
East Berwick,PA,41.0620,-76.2224
East Conemaugh,PA,40.3487,-78.8836
East Earl,PA,40.1101,-76.0327
East Greenville,PA,40.4065,-75.5019
East Lansdowne,PA,39.9457,-75.2613
East McKeesport,PA,40.3831,-79.8064
East Norriton,PA,40.1504,-75.3364
East Petersburg,PA,40.1001,-76.3541
East Pittsburgh,PA,40.3956,-79.8387
East Stroudsburg,PA,40.9995,-75.1813
East Uniontown,PA,39.8998,-79.6978
East Washington,PA,40.1737,-80.2376
East York,PA,39.9737,-76.6864
Eastlawn Gardens,PA,40.7507,-75.2957
Easton,PA,40.6884,-75.2207
Ebensburg,PA,40.4851,-78.7247
Economy,PA,40.6001,-80.2248
Eddington,PA,40.0846,-74.9449
Eddystone,PA,39.8601,-75.3444
Edgewood,PA,40.4320,-79.8814
Edgewood,PA,40.7884,-76.5725
Edgeworth,PA,40.5512,-80.1928
Edinboro,PA,41.8742,-80.1317
Edwardsville,PA,41.2695,-75.9163
Effort,PA,40.9393,-75.4349
Egypt,PA,40.6801,-75.5299
Elim,PA,40.2978,-78.9425
Elizabeth,PA,40.2692,-79.8898
Elizabethtown,PA,40.1529,-76.6028
Elizabethville,PA,40.5490,-76.8119
Elkins Park,PA,40.0771,-75.1268
Elkland,PA,41.9862,-77.3108
Ellport,PA,40.8640,-80.2589
Ellwood City,PA,40.8617,-80.2865
Elverson,PA,40.1568,-75.8327
Elysburg,PA,40.8645,-76.5525
Emerald Lakes,PA,41.0884,-75.4196
Emigsville,PA,40.0218,-76.7280
Emmaus,PA,40.5395,-75.4968
Emporium,PA,41.5115,-78.2353
Emsworth,PA,40.5101,-80.0945
Enhaut,PA,40.2318,-76.8269
Enlow,PA,40.4542,-80.2331
Enola,PA,40.2901,-76.9339
Ephrata,PA,40.1798,-76.1788
Erie,PA,42.1292,-80.0851
Espy,PA,41.0062,-76.4099
Etna,PA,40.5042,-79.9489
Evans City,PA,40.7692,-80.0628
Evansburg,PA,40.1809,-75.4291
Everett,PA,40.0115,-78.3734
Exeter,PA,41.3206,-75.8191
Exton,PA,40.0290,-75.6208
Factoryville,PA,40.8248,-75.2096
Factoryville,PA,41.5631,-75.7827
Fairchance,PA,39.8248,-79.7545
Fairdale,PA,39.8870,-79.9681
Fairhope,PA,40.1137,-79.8398
Fairless Hills,PA,40.1795,-74.8552
Fairview,PA,42.0314,-80.2553
Fairview-Ferndale,PA,40.7804,-76.5753
Falls Creek,PA,41.1451,-78.8045
Farrell,PA,41.2123,-80.4967
Faxon,PA,41.2484,-76.9772
Fayetteville,PA,39.9112,-77.5500
Feasterville,PA,40.1500,-74.9970
Fellsburg,PA,40.1831,-79.8242
Ferndale,PA,40.2890,-78.9147
Fernway,PA,40.6948,-80.1309
Fivepointville,PA,40.1829,-76.0511
Fleetwood,PA,40.4540,-75.8180
Flemington,PA,41.1265,-77.4716
Flourtown,PA,40.1034,-75.2124
Flying Hills,PA,40.2768,-75.9141
Folcroft,PA,39.8909,-75.2838
Folsom,PA,39.8898,-75.3252
Ford City,PA,40.7723,-79.5298
Forest City,PA,41.6515,-75.4666
Forest Hills,PA,40.4198,-79.8500
Fort Washington,PA,40.1418,-75.2091
Forty Fort,PA,41.2790,-75.8782
Foster Brook,PA,41.9751,-78.6172
Fountain Hill,PA,40.6015,-75.3952
Fox Chapel,PA,40.5134,-79.8798
Fox Chase,PA,40.3956,-75.9622
Fox Run,PA,40.7023,-80.0828
Frackville,PA,40.7840,-76.2302
Franklin,PA,41.3978,-79.8314
Franklin Park,PA,40.5834,-80.0878
Fredericksburg,PA,40.4437,-76.4283
Freedom,PA,40.6856,-80.2517
Freeland,PA,41.0168,-75.8971
Freemansburg,PA,40.6265,-75.3457
Freeport,PA,40.6739,-79.6848
Friedens,PA,40.0501,-78.9984
Fullerton,PA,40.6318,-75.4732
Galeton,PA,41.7331,-77.6419
Gallitzin,PA,40.4823,-78.5517
Gap,PA,39.9873,-76.0205
Garden View,PA,41.2542,-77.0461
Gastonville,PA,40.2573,-79.9959
Geistown,PA,40.2909,-78.8689
Georgetown,PA,39.9376,-76.0833
Georgetown,PA,41.2273,-75.8688
Gettysburg,PA,39.8309,-77.2311
Gibsonia,PA,40.6301,-79.9695
Gilbertsville,PA,40.3201,-75.6102
Girard,PA,42.0003,-80.3181
Girardville,PA,40.7915,-76.2836
Glassport,PA,40.3248,-79.8923
Glen Lyon,PA,41.1751,-76.0747
Glen Rock,PA,39.7932,-76.7302
Glenolden,PA,39.9001,-75.2891
Glenshaw,PA,40.5329,-79.9676
Glenside,PA,40.1023,-75.1521
Gold Key Lake,PA,41.3059,-74.9385
Grantley,PA,39.9404,-76.7291
Green Tree,PA,40.4117,-80.0456
Greencastle,PA,39.7904,-77.7278
Greenfields,PA,40.3599,-75.9520
Greenock,PA,40.3123,-79.8067
Greensburg,PA,40.3015,-79.5389
Greenville,PA,41.4045,-80.3912
Greenwood,PA,40.5359,-78.3575
Grill,PA,40.2987,-75.9405
Grove City,PA,41.1578,-80.0887
Guilford,PA,39.9154,-77.6011
Guilford Siding,PA,39.8654,-77.6125
Halfway House,PA,40.2820,-75.6432
Hallam,PA,40.0048,-76.6041
Hallstead,PA,41.9612,-75.7432
Hamburg,PA,40.5556,-75.9819
Hanover,PA,39.8007,-76.9830
Harleigh,PA,40.9806,-75.9713
Harleysville,PA,40.2796,-75.3871
Harrisburg,PA,40.2737,-76.8844
Harveys Lake,PA,41.3834,-76.0246
Hasson Heights,PA,41.4490,-79.6770
Hastings,PA,40.6651,-78.7122
Hatboro,PA,40.1743,-75.1068
Hatfield,PA,40.2798,-75.2993
Havertown,PA,39.9809,-75.3085
Hawley,PA,41.4759,-75.1821
Hazleton,PA,40.9584,-75.9746
Hebron,PA,40.3390,-76.3994
Heidelberg,PA,40.3923,-80.0909
Hellertown,PA,40.5795,-75.3407
Hemlock Farms,PA,41.3268,-75.0366
Hermitage,PA,41.2334,-80.4487
Hershey,PA,40.2859,-76.6502
Highland Park,PA,40.6209,-77.5680
Highspire,PA,40.2109,-76.7911
Hilldale,PA,41.2893,-75.8363
Hiller,PA,40.0104,-79.9009
Hokendauqua,PA,40.6620,-75.4910
Hollidaysburg,PA,40.4273,-78.3889
Homeacre-Lyndora,PA,40.8721,-79.9206
Homer City,PA,40.5434,-79.1623
Homestead,PA,40.4059,-79.9120
Hometown,PA,40.8237,-75.9802
Honesdale,PA,41.5768,-75.2588
Honey Brook,PA,40.0943,-75.9113
Hopwood,PA,39.8770,-79.7020
Horsham,PA,40.1784,-75.1285
Houserville,PA,40.8240,-77.8289
Houston,PA,40.2465,-80.2114
Hudson,PA,41.2748,-75.8360
Hughestown,PA,41.3270,-75.7733
Hughesville,PA,41.2412,-76.7238
Hummels Wharf,PA,40.8317,-76.8358
Hummelstown,PA,40.2654,-76.7083
Huntingdon,PA,40.4848,-78.0103
Hyde,PA,41.0026,-78.4625
Hyde Park,PA,40.3773,-75.9252
Imperial,PA,40.4495,-80.2445
Indian Mountain Lake,PA,41.0031,-75.5082
Indiana,PA,40.6215,-79.1525
Industry,PA,40.6445,-80.4162
Industry,PA,40.2645,-79.7923
Ingram,PA,40.4462,-80.0675
Inkerman,PA,41.2990,-75.8127
Intercourse,PA,40.0376,-76.1050
Irwin,PA,40.3245,-79.7011
Ivyland,PA,40.2079,-75.0727
Jacksonwald,PA,40.3245,-75.8496
Jacobus,PA,39.8832,-76.7105
Jeannette,PA,40.3281,-79.6153
Jefferson Hills,PA,40.2912,-79.9320
Jenkintown,PA,40.0959,-75.1252
Jermyn,PA,41.5309,-75.5455
Jerome,PA,40.2090,-78.9836
Jersey Shore,PA,41.2020,-77.2644
Jessup,PA,41.4687,-75.5621
Jim Thorpe,PA,40.8759,-75.7324
Johnsonburg,PA,41.4906,-78.6750
Johnsonburg,PA,40.8862,-78.8778
Johnstown,PA,40.3267,-78.9220
Jonestown,PA,40.4137,-76.4783
Kane,PA,41.6628,-78.8111
Kenhorst,PA,40.3107,-75.9394
Kenilworth,PA,40.2315,-75.6341
Kenmar,PA,41.2534,-76.9594
Kennedy Township,PA,40.4776,-80.1031
Kennett Square,PA,39.8468,-75.7116
King of Prussia,PA,40.0893,-75.3960
Kingston,PA,41.2617,-75.8969
Kittanning,PA,40.8165,-79.5220
Knox,PA,41.2345,-79.5373
Kulpmont,PA,40.7934,-76.4724
Kulpsville,PA,40.2429,-75.3366
Kutztown,PA,40.5173,-75.7774
Lafayette Hill,PA,40.0924,-75.2533
Laflin,PA,41.2890,-75.8055
Lake City,PA,42.0142,-80.3453
Lake Heritage,PA,39.8095,-77.1839
Lake Latonka,PA,41.2904,-80.1813
Lake Meade,PA,39.9851,-77.0372
Lake Wynonah,PA,40.5993,-76.1638
Lakemont,PA,40.4729,-78.3884
Lampeter,PA,39.9901,-76.2397
Lancaster,PA,40.0379,-76.3055
Landenberg,PA,39.7773,-75.7713
Landisville,PA,40.0954,-76.4100
Langhorne,PA,40.1746,-74.9227
Langhorne Manor,PA,40.1671,-74.9177
Lansdale,PA,40.2415,-75.2838
Lansdowne,PA,39.9382,-75.2719
Lansford,PA,40.8318,-75.8824
Laporte,PA,41.4240,-76.4941
Larksville,PA,41.2451,-75.9308
Latrobe,PA,40.3212,-79.3795
Laureldale,PA,40.3882,-75.9180
Laurys Station,PA,40.7231,-75.5302
Lawnton,PA,40.2584,-76.8039
Lawrence Park,PA,40.3456,-76.8008
Lawrence Park,PA,42.1523,-80.0231
Lawson Heights,PA,40.2917,-79.3892
Lebanon,PA,40.3409,-76.4113
Lebanon South,PA,40.3280,-76.4064
Leechburg,PA,40.6270,-79.6056
Leesport,PA,40.4470,-75.9663
Leetsdale,PA,40.5631,-80.2084
Lehighton,PA,40.8337,-75.7138
Leith-Hatfield,PA,39.8774,-79.7313
Lemont,PA,40.8106,-77.8183
Lemoyne,PA,40.2412,-76.8941
Lenape Heights,PA,40.7642,-79.5206
Leola,PA,40.0879,-76.1850
Level Green,PA,40.3934,-79.7203
Levittown,PA,40.1551,-74.8288
Lewisburg,PA,40.9645,-76.8844
Lewistown,PA,40.5992,-77.5714
Liberty,PA,40.3254,-79.8562
Light Street,PA,41.0362,-76.4236
Ligonier,PA,40.2431,-79.2375
Lima,PA,39.9173,-75.4405
Limerick,PA,40.2309,-75.5221
Lincoln,PA,40.3190,-79.8548
Lincoln Park,PA,40.3148,-75.9855
Linglestown,PA,40.3340,-76.7891
Linntown,PA,40.9590,-76.8991
Linwood,PA,39.8265,-75.4255
Lionville,PA,40.0537,-75.6599
Lititz,PA,40.1573,-76.3069
Littlestown,PA,39.7445,-77.0880
Lock Haven,PA,41.1370,-77.4469
Loganville,PA,39.8557,-76.7075
Lorane,PA,40.2884,-75.8547
Loretto,PA,40.5031,-78.6303
Lower Allen,PA,40.2265,-76.9005
Lower Burrell,PA,40.5531,-79.7573
Loyalhanna,PA,40.3226,-79.3623
Luzerne,PA,39.9992,-79.9628
Luzerne,PA,41.2856,-75.9010
Lykens,PA,40.5667,-76.7005
Lynnwood-Pricedale,PA,40.1307,-79.8513
Macungie,PA,40.5159,-75.5552
Mahanoy City,PA,40.8126,-76.1416
Malvern,PA,40.0362,-75.5138
Manchester,PA,40.0632,-76.7183
Manheim,PA,40.1634,-76.3950
Manor,PA,40.3340,-79.6700
Mansfield,PA,41.8073,-77.0775
Maple Glen,PA,40.0156,-79.9767
Maple Glen,PA,40.1793,-75.1804
Marcus Hook,PA,39.8193,-75.4185
Marianne,PA,41.2465,-79.4289
Marienville,PA,41.4689,-79.1231
Marietta,PA,40.0570,-76.5522
Mars,PA,40.6959,-80.0117
Marshallton,PA,40.7867,-76.5394
Martinsburg,PA,40.3112,-78.3242
Marysville,PA,40.3426,-76.9300
Masontown,PA,39.8467,-79.8998
Matamoras,PA,40.4401,-76.9333
Matamoras,PA,41.3687,-74.7002
Mayfield,PA,41.5381,-75.5360
Mayfield,PA,40.1362,-79.5978
Maytown,PA,40.0754,-76.5822
McAdoo,PA,40.9013,-75.9911
McConnellsburg,PA,39.9326,-77.9989
McConnellstown,PA,40.4526,-78.0817
McDonald,PA,40.3709,-80.2348
McGovern,PA,40.2290,-80.2164
McKees Rocks,PA,40.4656,-80.0656
McKeesport,PA,40.3479,-79.8642
McMurray,PA,40.2779,-80.0839
McSherrystown,PA,39.8073,-77.0114
Meadowood,PA,40.8420,-79.8939
Meadville,PA,41.6414,-80.1514
Mechanicsburg,PA,40.2143,-77.0086
Mechanicsville,PA,40.9665,-76.5866
Media,PA,39.9168,-75.3877
Mercer,PA,41.2270,-80.2398
Mercersburg,PA,39.8279,-77.9033
Meridian,PA,40.8484,-79.9620
Meyersdale,PA,39.8137,-79.0247
Middleburg,PA,40.7859,-77.0472
Middletown,PA,40.1998,-76.7311
Middletown,PA,40.6440,-75.3324
Midland,PA,40.6326,-80.4464
Midland,PA,40.2590,-80.2181
Midway,PA,39.8084,-77.0028
Mifflinburg,PA,40.9176,-77.0477
Mifflintown,PA,40.5698,-77.3969
Mifflinville,PA,41.0323,-76.3080
Milesburg,PA,40.9417,-77.7850
Milford,PA,39.9531,-79.1042
Milford,PA,41.3223,-74.8024
Mill Hall,PA,41.1073,-77.4844
Millbourne,PA,39.9635,-75.2502
Millersburg,PA,40.5395,-76.9608
Millersville,PA,39.9979,-76.3541
Millvale,PA,40.4801,-79.9784
Milroy,PA,40.7140,-77.5905
Milton,PA,41.0120,-76.8477
Minersville,PA,40.6906,-76.2622
Mohnton,PA,40.2859,-75.9844
Monaca,PA,40.6873,-80.2715
Monessen,PA,40.1484,-79.8878
Monongahela,PA,40.2031,-79.9262
Monroeville,PA,40.4212,-79.7881
Mont Alto,PA,39.8443,-77.5583
Montgomery,PA,41.1704,-76.8769
Montgomeryville,PA,40.2473,-75.2438
Montoursville,PA,41.2542,-76.9205
Montrose,PA,40.3065,-75.9877
Montrose,PA,41.8340,-75.8771
Moosic,PA,41.3534,-75.7382
Morrisville,PA,39.8948,-80.1617
Morrisville,PA,40.2115,-74.7879
Morton,PA,39.9098,-75.3235
Moscow,PA,41.3368,-75.5185
Mount Carmel,PA,40.7970,-76.4119
Mount Cobb,PA,41.4134,-75.4932
Mount Holly Springs,PA,40.1184,-77.1900
Mount Joy,PA,40.1098,-76.5033
Mount Lebanon,PA,40.3554,-80.0495
Mount Oliver,PA,40.4142,-79.9878
Mount Penn,PA,40.3282,-75.8908
Mount Pleasant,PA,39.7337,-77.0755
Mount Pleasant,PA,40.1490,-79.5412
Mount Pocono,PA,41.1220,-75.3646
Mount Union,PA,40.3845,-77.8822
Mount Wolf,PA,40.0632,-76.7039
Mountain Top,PA,41.1695,-75.8774
Mountainhome,PA,41.1737,-75.2710
Mountville,PA,40.0393,-76.4308
Muhlenberg Park,PA,40.3848,-75.9413
Muncy,PA,41.2056,-76.7855
Mundys Corner,PA,40.4448,-78.8411
Munhall,PA,40.3923,-79.9000
Murrysville,PA,40.4284,-79.6976
Muse,PA,40.2929,-80.2003
Myerstown,PA,40.3745,-76.3027
Nanticoke,PA,41.2054,-76.0049
Nanty Glo,PA,40.4723,-78.8334
Narberth,PA,40.0085,-75.2605
Natrona Heights,PA,40.6234,-79.7298
Nazareth,PA,40.7404,-75.3096
Nescopeck,PA,41.0520,-76.2208
Nesquehoning,PA,40.8645,-75.8110
New Beaver,PA,40.8764,-80.3706
New Berlinville,PA,40.3454,-75.6330
New Bloomfield,PA,40.4198,-77.1864
New Brighton,PA,40.7303,-80.3101
New Britain,PA,40.2990,-75.1810
New Castle,PA,41.0037,-80.3470
New Castle Northwest,PA,41.0221,-80.3568
New Columbia,PA,41.0409,-76.8669
New Cumberland,PA,40.2323,-76.8847
New Eagle,PA,40.2079,-79.9470
New Freedom,PA,39.7379,-76.7014
New Holland,PA,40.1018,-76.0852
New Hope,PA,40.3643,-74.9513
New Kensington,PA,40.5698,-79.7648
New Oxford,PA,39.8637,-77.0558
New Philadelphia,PA,40.7195,-76.1158
New Stanton,PA,40.2192,-79.6095
New Wilmington,PA,41.1223,-80.3328
Newmanstown,PA,40.3495,-76.2133
Newport,PA,40.4779,-77.1305
Newtown,PA,40.2293,-74.9368
Newtown Grant,PA,40.2601,-74.9549
Newville,PA,40.1731,-77.3986
Nixon,PA,40.7834,-79.9295
Norristown,PA,40.1215,-75.3399
North Apollo,PA,40.5962,-79.5556
North Belle Vernon,PA,40.1292,-79.8681
North Braddock,PA,40.3990,-79.8409
North Catasauqua,PA,40.6598,-75.4768
North Charleroi,PA,40.1512,-79.9076
North East,PA,42.2156,-79.8342
North Versailles,PA,40.3798,-79.8095
North Wales,PA,40.2109,-75.2782
North Warren,PA,41.8742,-79.1523
North York,PA,39.9781,-76.7330
Northampton,PA,40.6862,-75.4968
Northern Cambria,PA,40.6592,-78.7817
Northumberland,PA,40.8918,-76.7975
Northwest Harborcreek,PA,42.1494,-79.9946
Norwood,PA,39.8918,-75.2996
Oak Hills,PA,40.8248,-79.9131
Oakdale,PA,40.3981,-80.1856
Oakdale,PA,40.9920,-75.9202
Oakland,PA,40.3065,-78.8875
Oakland,PA,40.9898,-80.3695
Oakmont,PA,40.5217,-79.8423
Oakwood,PA,41.0106,-80.3795
Ohioville,PA,40.6792,-80.4948
Oil City,PA,41.4340,-79.7064
Old Forge,PA,41.3712,-75.7349
Old Orchard,PA,40.6579,-75.2621
Oley,PA,40.3876,-75.7896
Oliver,PA,39.9187,-79.7178
Olyphant,PA,41.4684,-75.6030
Orchard Hills,PA,40.5862,-79.5314
Oreland,PA,40.1184,-75.1777
Orwigsburg,PA,40.6548,-76.1008
Osceola Mills,PA,40.8501,-78.2706
Oxford,PA,39.7854,-75.9788
Palmdale,PA,40.2979,-76.6186
Palmer Heights,PA,40.6873,-75.2624
Palmerton,PA,40.8014,-75.6119
Palmyra,PA,40.3090,-76.5933
Palo Alto,PA,40.6873,-76.1722
Paoli,PA,40.0421,-75.4763
Paradise,PA,40.0098,-76.1286
Park Forest Village,PA,40.8067,-77.9169
Parkesburg,PA,39.9587,-75.9194
Parkside,PA,39.8643,-75.3785
Parkside,PA,41.1012,-75.2505
Parkville,PA,39.7812,-76.9633
Patton,PA,40.6340,-78.6503
Paxtang,PA,40.2590,-76.8319
Paxtonia,PA,40.3173,-76.7944
Pen Argyl,PA,40.8687,-75.2549
Penbrook,PA,40.2754,-76.8480
Penn Estates,PA,41.0375,-75.2396
Penn Wynne,PA,39.9862,-75.2755
Penndel,PA,40.1521,-74.9166
Pennsburg,PA,40.3909,-75.4921
Pennside,PA,40.3373,-75.8785
Pennville,PA,39.7895,-76.9980
Penryn,PA,40.2051,-76.3683
Perkasie,PA,40.3721,-75.2927
Perryopolis,PA,40.0870,-79.7506
Philadelphia,PA,39.9524,-75.1636
Philipsburg,PA,40.8965,-78.2206
Phoenixville,PA,40.1304,-75.5149
Pine Grove,PA,40.5484,-76.3847
Pine Grove Mills,PA,40.7337,-77.8856
Pine Ridge,PA,41.1460,-74.9912
Pitcairn,PA,40.4031,-79.7781
Pittsburgh,PA,40.4406,-79.9959
Pittston,PA,41.3259,-75.7894
Plains,PA,41.2754,-75.8502
Pleasant Gap,PA,40.8681,-77.7467
Pleasant Hill,PA,40.3362,-76.4416
Pleasant Hills,PA,40.3356,-79.9606
Plum,PA,40.5003,-79.7495
Plumsteadville,PA,40.3873,-75.1466
Plymouth,PA,41.2404,-75.9446
Plymouth Meeting,PA,40.1023,-75.2743
Pocono Pines,PA,41.1067,-75.4544
Pocono Ranch Lands,PA,41.1645,-74.9521
Point Marion,PA,39.7390,-79.8987
Port Allegany,PA,41.8109,-78.2797
Port Carbon,PA,40.6965,-76.1688
Port Vue,PA,40.3359,-79.8698
Portage,PA,40.3887,-78.6722
Pottsgrove,PA,40.2648,-75.6119
Pottstown,PA,40.2454,-75.6496
Pottsville,PA,40.6857,-76.1955
Progress,PA,40.2851,-76.8314
Prospect,PA,40.9045,-80.0464
Prospect Park,PA,39.8879,-75.3082
Punxsutawney,PA,40.9437,-78.9709
Pymatuning Central,PA,41.5855,-80.4796
Quakertown,PA,40.4418,-75.3416
Quarryville,PA,39.8971,-76.1636
Radnor,PA,40.0462,-75.3599
Rankin,PA,40.4126,-79.8792
Raubsville,PA,40.6357,-75.1929
Reading,PA,40.3357,-75.9269
Reamstown,PA,40.2115,-76.1233
Red Hill,PA,40.3729,-75.4810
Red Lion,PA,39.9009,-76.6058
Red Lion,PA,40.4806,-75.6160
Reiffton,PA,40.3198,-75.8735
Reinholds,PA,40.2668,-76.1155
Rennerdale,PA,40.3984,-80.1415
Renovo,PA,41.3265,-77.7508
Republic,PA,39.9626,-79.8767
Reservoir,PA,40.4067,-78.3803
Reynolds Heights,PA,41.3451,-80.3942
Reynoldsville,PA,41.0970,-78.8886
Rheems,PA,40.1301,-76.5705
Richboro,PA,40.2151,-75.0107
Richland,PA,40.3593,-76.2583
Richlandtown,PA,40.4701,-75.3205
Ridgway,PA,41.4203,-78.7286
Ridley Park,PA,39.8812,-75.3238
River View Park,PA,40.3926,-75.9588
Riverside,PA,40.9554,-76.6288
Roaring Spring,PA,40.3359,-78.3909
Robesonia,PA,40.3518,-76.1344
Rochester,PA,40.7023,-80.2865
Rockledge,PA,40.0812,-75.0896
Roseto,PA,40.8807,-75.2146
Rothsville,PA,40.1512,-76.2511
Royalton,PA,40.1873,-76.7300
Royersford,PA,40.1843,-75.5380
Russell,PA,41.9415,-79.1351
Russellton,PA,40.6115,-79.8370
Rutherford,PA,40.2690,-76.7680
Saint Clair,PA,40.7206,-76.1911
Saint Lawrence,PA,40.3270,-75.8719
Saint Marys,PA,41.4278,-78.5609
Salix,PA,40.3001,-78.7653
Salunga,PA,40.1009,-76.4247
Sanatoga,PA,40.2451,-75.5952
Sand Hill,PA,40.3595,-76.4316
Sandy,PA,41.1078,-78.7711
Saw Creek,PA,41.1126,-75.0507
Saxonburg,PA,40.7540,-79.8101
Saylorsburg,PA,40.8957,-75.3235
Sayre,PA,41.9790,-76.5155
Schlusser,PA,40.2418,-77.1769
Schnecksville,PA,40.6751,-75.6204
Schoeneck,PA,40.2415,-76.1741
Schuylkill Haven,PA,40.6307,-76.1710
Schwenksville,PA,40.2562,-75.4638
Scotland,PA,39.9687,-77.5872
Scottdale,PA,40.1003,-79.5870
Scranton,PA,41.4092,-75.6649
Selinsgrove,PA,40.7990,-76.8622
Sellersville,PA,40.3540,-75.3049
Seneca,PA,41.3787,-79.7039
Seven Fields,PA,40.6917,-80.0626
Sewickley,PA,40.5365,-80.1845
Shamokin,PA,40.7890,-76.5589
Shamokin Dam,PA,40.8487,-76.8197
Shanor-Northvue,PA,40.9104,-79.9156
Sharon,PA,41.2331,-80.4934
Sharon Hill,PA,39.9065,-75.2716
Sharpsburg,PA,40.4945,-79.9264
Sharpsville,PA,41.2592,-80.4720
Shavertown,PA,41.3198,-75.9380
Sheffield,PA,41.7039,-79.0356
Shenandoah,PA,40.8204,-76.2008
Shenandoah Heights,PA,40.8276,-76.2069
Shillington,PA,40.3079,-75.9655
Shiloh,PA,39.9781,-76.7972
Shiloh,PA,41.0417,-78.2914
Shinglehouse,PA,41.9637,-78.1908
Shippensburg,PA,40.0506,-77.5203
Shiremanstown,PA,40.2234,-76.9536
Shoemakersville,PA,40.5009,-75.9699
Shrewsbury,PA,39.7687,-76.6797
Sierra View,PA,41.0121,-75.4590
Simpson,PA,41.5917,-75.4852
Sinking Spring,PA,40.3273,-76.0110
Skippack,PA,40.2229,-75.3988
Skyline View,PA,40.3393,-76.7255
Slatington,PA,40.7484,-75.6119
Slippery Rock,PA,41.0639,-80.0564
Smethport,PA,41.8112,-78.4447
Somerset,PA,40.0084,-79.0781
Souderton,PA,40.3118,-75.3252
South Coatesville,PA,39.9743,-75.8200
South Connellsville,PA,39.9967,-79.5859
South Greensburg,PA,40.2784,-79.5448
South Park Township,PA,40.2986,-79.9941
South Pottstown,PA,40.2395,-75.6510
South Temple,PA,40.4000,-75.9220
South Uniontown,PA,39.8929,-79.7470
South Waverly,PA,41.9976,-76.5372
South Williamsport,PA,41.2320,-76.9991
Southmont,PA,40.3106,-78.9386
Southwest Greensburg,PA,40.2912,-79.5470
Spangler,PA,40.6429,-78.7728
Speers,PA,40.1245,-79.8798
Spinnerstown,PA,40.4390,-75.4371
Spring City,PA,40.1768,-75.5477
Spring Grove,PA,39.8745,-76.8658
Spring House,PA,40.1854,-75.2277
Spring Mount,PA,40.2757,-75.4566
Spring Ridge,PA,40.3529,-75.9899
Springdale,PA,40.5409,-79.7839
Springfield,PA,39.9307,-75.3202
Spry,PA,39.9184,-76.6850
State College,PA,40.7934,-77.8600
State Line,PA,39.7248,-77.7244
Steelton,PA,40.2354,-76.8414
Stewartstown,PA,39.7537,-76.5914
Stiles,PA,40.6654,-75.5082
Stoneboro,PA,41.3392,-80.1051
Stony Creek Mills,PA,40.3456,-75.8699
Stonybrook,PA,39.9870,-76.6441
Stormstown,PA,40.7934,-78.0167
Stowe,PA,40.2526,-75.6774
Strasburg,PA,39.9832,-76.1841
Stroudsburg,PA,40.9868,-75.1946
Sturgeon,PA,40.3848,-80.2109
Sugarcreek,PA,41.4215,-79.8812
Summit Hill,PA,40.8248,-75.8710
Sun Valley,PA,40.9820,-75.4660
Sun Valley,PA,41.0112,-75.4696
Sunbury,PA,40.8626,-76.7944
Sunrise Lake,PA,41.3098,-74.9666
Susquehanna,PA,41.9434,-75.5996
Susquehanna Trails,PA,39.7587,-76.3680
Swarthmore,PA,39.9021,-75.3499
Swartzville,PA,40.2332,-76.0783
Swissvale,PA,40.4237,-79.8828
Swoyersville,PA,41.2918,-75.8746
Sykesville,PA,41.0503,-78.8222
Tamaqua,PA,40.7973,-75.9694
Tannersville,PA,41.0401,-75.3057
Tarentum,PA,40.6015,-79.7598
Tatamy,PA,40.7409,-75.2571
Taylor,PA,41.3948,-75.7066
Telford,PA,40.3220,-75.3280
Temple,PA,40.4087,-75.9216
Terre Hill,PA,40.1573,-76.0505
The Hideout,PA,41.4274,-75.3525
Thompsonville,PA,40.2909,-80.1081
Thorndale,PA,39.9929,-75.7452
Throop,PA,41.4515,-75.6119
Tinicum,PA,40.4484,-75.1077
Tionesta,PA,41.4953,-79.4559
Tipton,PA,40.6359,-78.2959
Titusville,PA,41.6270,-79.6737
Toftrees,PA,40.8260,-77.8811
Topton,PA,40.5034,-75.7013
Toughkenamon,PA,39.8315,-75.7574
Towamensing Trails,PA,41.0079,-75.5846
Towanda,PA,41.7676,-76.4427
Tower City,PA,40.5892,-76.5525
Trafford,PA,40.3856,-79.7589
Trainer,PA,39.8276,-75.4144
Trappe,PA,40.1990,-75.4763
Treasure Lake,PA,41.1734,-78.7159
Tremont,PA,40.6284,-76.3872
Trevorton,PA,40.7812,-76.6730
Trevose,PA,40.1460,-74.9850
Trexlertown,PA,40.5481,-75.6057
Trooper,PA,40.1498,-75.4018
Troy,PA,41.7859,-76.7880
Troy,PA,40.9151,-78.2164
Trucksville,PA,41.3040,-75.9321
Tullytown,PA,40.1393,-74.8146
Tunkhannock,PA,41.5387,-75.9466
Turtle Creek,PA,40.4059,-79.8251
Tyrone,PA,40.6706,-78.2386
Union City,PA,41.8995,-79.8453
Uniontown,PA,39.9001,-79.7164
Upland,PA,39.8865,-75.7744
Upland,PA,39.8526,-75.3827
Upper Saint Clair,PA,40.3359,-80.0834
Valley Green,PA,40.1573,-76.7927
Valley View,PA,39.9501,-76.7011
Valley View,PA,40.6459,-76.5391
Vandergrift,PA,40.6028,-79.5648
Verona,PA,40.5065,-79.8431
Versailles,PA,40.3156,-79.8312
Village Green-Green Ridge,PA,39.8636,-75.4255
Village Shires,PA,40.2032,-74.9704
Vinco,PA,40.4051,-78.8556
Wallenpaupack Lake Estates,PA,41.3990,-75.2740
Walnutport,PA,40.7543,-75.5988
Warminster Heights,PA,40.1870,-75.0816
Warren,PA,41.8439,-79.1450
Washington,PA,40.1740,-80.2462
Waterford,PA,41.9428,-79.9845
Waterford,PA,40.2545,-79.1675
Watsontown,PA,41.0845,-76.8638
Waymart,PA,41.5804,-75.4082
Wayne,PA,40.0440,-75.3877
Wayne Heights,PA,39.7437,-77.5539
Waynesboro,PA,39.7559,-77.5778
Waynesburg,PA,39.8965,-80.1792
Weatherly,PA,40.9417,-75.8296
Weigelstown,PA,39.9837,-76.8225
Weissport East,PA,40.8370,-75.6864
Wellsboro,PA,41.7487,-77.3005
Wernersville,PA,40.3301,-76.0805
Wescosville,PA,40.5668,-75.5530
Wesleyville,PA,42.1403,-80.0151
West Chester,PA,39.9610,-75.6080
West Conshohocken,PA,40.0698,-75.3163
West Easton,PA,40.6787,-75.2368
West Fairview,PA,40.2751,-76.9155
West Grove,PA,39.8220,-75.8274
West Hamburg,PA,40.5476,-76.0022
West Hazleton,PA,40.9587,-75.9960
West Hills,PA,40.8242,-79.5431
West Homestead,PA,40.3940,-79.9120
West Kittanning,PA,40.8103,-79.5295
West Lawn,PA,40.3298,-75.9944
West Leechburg,PA,40.6223,-79.6128
West Mayfield,PA,40.7801,-80.3384
West Mifflin,PA,40.3634,-79.8664
West Newton,PA,40.2098,-79.7670
West Norriton,PA,40.1296,-75.3785
West Pittston,PA,41.3276,-75.7930
West Reading,PA,40.3337,-75.9474
West View,PA,40.5223,-80.0342
West Wyoming,PA,41.3198,-75.8460
West Wyomissing,PA,40.3245,-75.9908
West York,PA,39.9526,-76.7514
Westfield,PA,41.9192,-77.5389
Westmont,PA,40.3156,-78.9517
Whitaker,PA,40.3984,-79.8898
White Haven,PA,41.0606,-75.7741
White Oak,PA,40.3376,-79.8092
Whitehall,PA,40.3612,-79.9909
Whitehall Township,PA,40.6668,-75.4999
Whitfield,PA,40.3359,-76.0061
Wickerham Manor-Fisher,PA,40.1775,-79.9068
Wilkes-Barre,PA,41.2459,-75.8813
Wilkinsburg,PA,40.4417,-79.8820
Williamsburg,PA,40.4620,-78.1997
Williamsport,PA,41.2412,-77.0011
Williamstown,PA,40.5801,-76.6177
Willow Grove,PA,40.1440,-75.1157
Willow Street,PA,39.9793,-76.2763
Wilmerding,PA,40.3909,-79.8101
Wilson,PA,40.3101,-79.8914
Wilson,PA,40.6840,-75.2418
Wind Gap,PA,40.8481,-75.2916
Windber,PA,40.2398,-78.8350
Windsor,PA,39.9162,-76.5844
Wolfdale,PA,40.1928,-80.2878
Womelsdorf,PA,40.3618,-76.1841
Woodbourne,PA,40.1923,-74.8888
Woodland Heights,PA,41.4098,-79.7117
Woodlyn,PA,39.8723,-75.3371
Woodside,PA,40.2218,-74.8754
Wormleysburg,PA,40.2629,-76.9139
Woxall,PA,40.3107,-75.4488
Wrightsville,PA,40.0256,-76.5300
Wyncote,PA,40.0945,-75.1488
Wyndmoor,PA,40.0812,-75.1893
Wyoming,PA,41.3118,-75.8374
Wyomissing,PA,40.3295,-75.9652
Wyomissing Hills,PA,40.3376,-75.9797
Yardley,PA,40.2457,-74.8460
Yeadon,PA,39.9390,-75.2555
Yeagertown,PA,40.6431,-77.5806
Yoe,PA,39.9090,-76.6369
York,PA,39.9626,-76.7277
Yorklyn,PA,39.9923,-76.6463
Youngsville,PA,40.7812,-75.4768
Youngsville,PA,41.8523,-79.3187
Youngwood,PA,40.2403,-79.5767
Zelienople,PA,40.7945,-80.1367
Zion,PA,40.9142,-77.6847
Alberton,PE,46.8169,-64.0654
Belfast,PE,46.0834,-62.8820
Charlottetown,PE,46.2346,-63.1256
Cornwall,PE,46.2265,-63.2181
Kensington,PE,46.4334,-63.6487
Montague,PE,46.1668,-62.6487
Souris,PE,46.3501,-62.2486
Stratford,PE,46.2179,-63.0795
Summerside,PE,46.3912,-63.7887
Three Rivers,PE,46.1845,-62.5679
Acton Vale,QC,45.6501,-72.5658
Adstock,QC,46.0501,-71.0824
Albanel,QC,48.8832,-72.4487
Alma,QC,48.5501,-71.6491
Amos,QC,48.5669,-78.1162
Amqui,QC,48.4638,-67.4313
Ange-Gardien,QC,45.3501,-72.9324
Ayer's Cliff,QC,45.1677,-72.0400
Aylmer,QC,45.4002,-75.8064
Baie-Comeau,QC,49.2168,-68.1489
Baie-D'Urfe,QC,45.4140,-73.9159
Baie-Saint-Paul,QC,47.4411,-70.4986
Barraute,QC,48.4335,-77.6328
Beaconsfield,QC,45.4334,-73.8659
Beauceville,QC,46.2178,-70.7787
Beauharnois,QC,45.3134,-73.8725
Beaupre,QC,47.0443,-70.8953
Becancour,QC,46.3411,-72.4322
Bedford,QC,45.1168,-72.9824
Beloeil,QC,45.5684,-73.2057
Berthierville,QC,46.0834,-73.1825
Betsiamites,QC,48.9413,-68.6460
Blainville,QC,45.6668,-73.8825
Bois-des-Filion,QC,45.6668,-73.7492
Boisbriand,QC,45.6168,-73.8325
Boischatel,QC,46.8943,-71.1448
Bonaventure,QC,48.0457,-65.4926
Boucherville,QC,45.5910,-73.4360
Breakeyville,QC,46.6804,-71.2233
Bromont,QC,45.3168,-72.6491
Brossard,QC,45.4501,-73.4658
Brownsburg-Chatham,QC,45.6834,-74.4159
Buckingham,QC,45.5856,-75.4208
Cabano,QC,47.6806,-68.8781
Cacouna,QC,47.9166,-69.5005
Candiac,QC,45.3834,-73.5159
Cantley,QC,45.5668,-75.7827
Cap-Chat,QC,49.0974,-66.6851
Cap-Sante,QC,46.6716,-71.7881
Cap-aux-Meules,QC,47.3821,-61.8597
Caplan,QC,48.1026,-65.6843
Carignan,QC,45.4501,-73.2992
Carleton,QC,48.1025,-66.1196
Carleton-sur-Mer,QC,48.1075,-66.1280
Cartierville,QC,45.5312,-73.7036
Causapscal,QC,48.3640,-67.2326
Chambly,QC,45.4501,-73.2825
Chambord,QC,48.4334,-72.0658
Chandler,QC,48.3494,-64.6793
Chapais,QC,49.7834,-74.8492
Charlemagne,QC,45.7168,-73.4825
Chateau-Richer,QC,46.9603,-71.0322
Chateauguay,QC,45.3834,-73.7492
Chelsea,QC,45.5001,-75.7827
Chertsey,QC,46.0711,-73.8910
Chibougamau,QC,49.9168,-74.3659
Chisasibi,QC,53.7833,-78.9000
Chute-aux-Outardes,QC,49.1168,-68.3990
Coaticook,QC,45.1334,-71.7991
Contrecoeur,QC,45.8501,-73.2325
Cookshire,QC,45.4154,-71.6296
Cookshire-Eaton,QC,45.4168,-71.6324
Cote-Saint-Luc,QC,45.4654,-73.6659
Coteau-du-Lac,QC,45.3001,-74.1825
Cowansville,QC,45.2001,-72.7491
Crabtree,QC,45.9668,-73.4659
Danville,QC,45.7834,-72.0158
Daveluyville,QC,46.2001,-72.1324
Degelis,QC,47.5473,-68.6431
Delson,QC,45.3668,-73.5492
Desbiens,QC,48.4179,-71.9477
Deux-Montagnes,QC,45.5346,-73.9017
Disraeli,QC,45.9001,-71.3491
Dolbeau-Mistassini,QC,48.8786,-72.2314
Dollard-Des Ormeaux,QC,45.4945,-73.8242
Donnacona,QC,46.6804,-71.7239
Dorval,QC,45.4473,-73.7533
Drummondville,QC,45.8834,-72.4824
Dunham,QC,45.1334,-72.7991
Duvernay-Est,QC,45.6548,-73.6051
East Angus,QC,45.4834,-71.6658
East Broughton,QC,46.2136,-71.0767
Farnham,QC,45.2834,-72.9824
Ferme-Neuve,QC,46.7001,-75.4493
Fermont,QC,52.7944,-67.0838
Forestville,QC,48.7381,-69.0848
Fort-Coulonge,QC,45.8420,-76.7390
Fossambault-sur-le-Lac,QC,46.8766,-71.6154
Franklin,QC,45.0334,-73.9159
Gaspe,QC,48.8334,-64.4819
Gatineau,QC,45.4772,-75.7016
Gentilly,QC,46.4001,-72.2741
Godefroy,QC,51.7501,-68.0821
Granby,QC,45.4001,-72.7324
Grande-Riviere,QC,48.4003,-64.5011
Greenfield Park,QC,45.4865,-73.4622
Hampstead,QC,45.4808,-73.6467
Hauterive,QC,49.1957,-68.2581
Havre-Saint-Pierre,QC,50.2434,-63.6026
Henryville,QC,45.1334,-73.1825
Herouxville,QC,46.6662,-72.6251
Hudson,QC,45.4501,-74.1492
Huntingdon,QC,45.0834,-74.1659
Inukjuak,QC,58.4547,-78.1014
Joliette,QC,46.0164,-73.4236
Kahnawake,QC,45.4108,-73.6814
Kingsey Falls,QC,45.8501,-72.0658
Kirkland,QC,45.4501,-73.8659
Kuujjuaq,QC,58.1073,-68.3997
L'Ancienne-Lorette,QC,46.7939,-71.3519
L'Ange-Gardien,QC,46.9198,-71.0825
L'Ascension-de-Notre-Seigneur,QC,48.6834,-71.6658
L'Assomption,QC,45.8232,-73.4294
L'Epiphanie,QC,45.8501,-73.4825
L'Ile-Bizard-Sainte-Genevieve,QC,45.4939,-73.8956
L'Ile-Perrot,QC,45.3834,-73.9492
L'Isle-Verte,QC,48.0135,-69.3406
L'Islet-sur-Mer,QC,47.1287,-70.3707
La Conception,QC,46.1501,-74.6993
La Guadeloupe,QC,45.9611,-70.9398
La Malbaie,QC,47.6540,-70.1527
La Minerve,QC,46.2501,-74.9326
La Pocatiere,QC,47.3673,-70.0348
La Prairie,QC,45.4168,-73.4992
La Sarre,QC,48.8002,-79.1996
La Tuque,QC,47.4334,-72.7824
Labelle,QC,46.2834,-74.7326
Labrecque,QC,48.6668,-71.5324
Lac-Alouette,QC,45.8170,-73.9592
Lac-Brome,QC,45.2168,-72.5158
Lac-Connelly,QC,45.8979,-73.9723
Lac-Lapierre,QC,45.8984,-73.7731
Lac-Megantic,QC,45.5834,-70.8823
Lac-Simon,QC,46.1570,-74.7413
Lac-au-Saumon,QC,48.4210,-67.3476
Lac-des-Aigles,QC,47.9904,-68.6778
Lachute,QC,45.6501,-74.3325
Lacolle,QC,45.0834,-73.3658
Lafleche,QC,45.5001,-73.4659
Lanoraie,QC,45.9668,-73.2159
Laurentides,QC,47.1334,-72.2824
Laval,QC,45.5699,-73.6920
Laval-des-Rapides,QC,45.5564,-73.7001
Lavaltrie,QC,45.8834,-73.2824
Le Bic,QC,48.3755,-68.6941
Le Plateau,QC,45.4351,-75.7803
Le Plateau-Mont-Royal,QC,45.5283,-73.5808
Le Sud-Ouest,QC,45.4719,-73.5899
Lebel-sur-Quevillon,QC,49.0502,-76.9827
Leblanc,QC,48.2668,-74.3491
Les Cedres,QC,45.3101,-74.0593
Les Coteaux,QC,45.2834,-74.2325
Les Escoumins,QC,48.3519,-69.4072
Levis,QC,46.8033,-71.1779
Liniere,QC,46.0001,-70.4157
Longueuil,QC,45.5152,-73.4682
Lorraine,QC,45.6834,-73.7825
Louiseville,QC,46.2559,-72.9415
Luceville,QC,48.5450,-68.3966
Macamic,QC,48.7502,-78.9996
Magog,QC,45.2668,-72.1491
Malartic,QC,48.1363,-78.1253
Maliotenam,QC,50.2112,-66.1816
Manawan,QC,47.2203,-74.3861
Mandeville,QC,46.3668,-73.3491
Maniwaki,QC,46.3834,-75.9660
Maria,QC,48.1749,-65.9860
Marieville,QC,45.4334,-73.1659
Mascouche,QC,45.7497,-73.5996
Maskinonge,QC,46.2286,-73.0192
Matagami,QC,49.7633,-77.6274
Matane,QC,48.8286,-67.5220
McMasterville,QC,45.5501,-73.2659
Mercier,QC,45.3105,-73.7398
Mercier-Hochelaga-Maisonneuve,QC,45.5719,-73.5463
Metabetchouan,QC,48.3668,-72.0158
Metabetchouan-Lac-a-la-Croix,QC,48.4100,-71.7800
Mirabel,QC,45.6501,-74.0825
Mistissini,QC,50.4183,-73.8689
Mont-Carmel,QC,47.4408,-69.8566
Mont-Joli,QC,48.5839,-68.1921
Mont-Laurier,QC,46.5501,-75.4993
Mont-Royal,QC,45.5168,-73.6492
Mont-Saint-Gregoire,QC,45.3334,-73.1659
Mont-Saint-Hilaire,QC,45.5652,-73.1868
Mont-Tremblant,QC,46.2127,-74.5844
Montmagny,QC,46.9804,-70.5549
Montreal,QC,45.5088,-73.5878
Montreal-Est,QC,45.6320,-73.5075
Montreal-Nord,QC,45.6016,-73.6306
Montreal-Ouest,QC,45.4529,-73.6492
Morin-Heights,QC,45.9001,-74.2492
Napierville,QC,45.1865,-73.4047
Neufchatel-Est-Lebourgneuf,QC,46.8544,-71.3419
Neuville,QC,46.6982,-71.5828
New Carlisle,QC,48.0096,-65.3362
New-Richmond,QC,48.1606,-65.8582
Nicolet,QC,46.2308,-72.6129
Normandin,QC,48.8333,-72.5321
Notre-Dame-de-l'Ile-Perrot,QC,45.3668,-73.9325
Notre-Dame-des-Prairies,QC,46.0501,-73.4325
Notre-Dame-du-Lac,QC,46.7501,-79.0496
Notre-Dame-du-Mont-Carmel,QC,46.0168,-75.0826
Noyan,QC,45.0668,-73.2991
Oka,QC,45.4649,-74.0889
Ormstown,QC,45.1334,-73.9992
Otterburn Park,QC,45.5334,-73.2159
Papineauville,QC,45.6168,-75.0160
Parc-Boutin,QC,45.2921,-73.2615
Perce,QC,48.4879,-64.2985
Piedmont,QC,45.9001,-74.1325
Pierrefonds,QC,45.4599,-73.8928
Pierrefonds-Roxboro,QC,45.5019,-73.8417
Pierreville,QC,46.0703,-72.8113
Pincourt,QC,45.3834,-73.9825
Plessisville,QC,46.2186,-71.7620
Pohenegamook,QC,47.4631,-69.2267
Pointe-Calumet,QC,45.5001,-73.9659
Pointe-Claire,QC,45.4487,-73.8167
Pointe-a-la-Croix,QC,48.0163,-66.6819
Pointe-du-Lac,QC,48.5001,-71.7824
Pont Rouge,QC,48.8833,-72.0825
Pont-Rouge,QC,46.7547,-71.6957
Port-Cartier,QC,50.0334,-66.8654
Portneuf,QC,46.6906,-71.8901
Prevost,QC,45.8668,-74.0825
Princeville,QC,46.1716,-71.8746
Puvirnituq,QC,60.0357,-77.2741
Quebec,QC,46.8123,-71.2145
Rawdon,QC,46.0501,-73.7159
Repentigny,QC,45.7422,-73.4501
Richelieu,QC,45.4434,-73.2460
Richmond,QC,45.6668,-72.1491
Rigaud,QC,45.4793,-74.3024
Rimouski,QC,48.4488,-68.5240
Ripon,QC,45.7834,-75.0993
Riviere-Bleue,QC,47.4341,-69.0428
Riviere-Rouge,QC,46.4168,-74.8660
Riviere-des-Prairies-Pointe-aux-Trembles,QC,45.6406,-73.5846
Riviere-du-Loup,QC,47.8270,-69.5424
Roberval,QC,48.5168,-72.2324
Rosemere,QC,45.6334,-73.7992
Rosemont-La Petite-Patrie,QC,45.5366,-73.6069
Rougemont,QC,45.4334,-73.0491
Rouyn-Noranda,QC,48.2366,-79.0231
Roxboro,QC,45.5084,-73.8075
Roxton Pond,QC,45.4834,-72.6658
Sacre-Coeur,QC,48.2297,-69.8006
Saguenay,QC,48.4168,-71.0657
Saint Romuald,QC,46.7582,-71.2392
Saint-Adolphe-d'Howard,QC,45.9668,-74.3325
Saint-Agapit,QC,46.5567,-71.4419
Saint-Alexandre,QC,50.0254,-66.8615
Saint-Alexandre,QC,45.5001,-75.7494
Saint-Amable,QC,45.6501,-73.2992
Saint-Ambroise,QC,48.5545,-71.3215
Saint-Ambroise,QC,46.0765,-73.5564
Saint-Andre-Avellin,QC,45.7168,-75.0660
Saint-Anselme,QC,46.6292,-70.9734
Saint-Antoine-de-Tilly,QC,46.6635,-71.5734
Saint-Antonin,QC,47.7607,-69.4775
Saint-Apollinaire,QC,46.6129,-71.5126
Saint-Augustin,QC,51.2260,-58.6502
Saint-Augustin-de-Desmaures,QC,46.7406,-71.4513
Saint-Barnabe-Sud,QC,45.7298,-72.9224
Saint-Basile-le-Grand,QC,45.5334,-73.2825
Saint-Boniface,QC,46.5001,-75.9826
Saint-Bruno,QC,48.4668,-71.6491
Saint-Bruno-de-Guigues,QC,47.4669,-79.4330
Saint-Bruno-de-Montarville,QC,45.5334,-73.3492
Saint-Canut,QC,45.7150,-74.0838
Saint-Cesaire,QC,45.4095,-73.0010
Saint-Charles,QC,45.7029,-73.5542
Saint-Charles-Borromee,QC,46.0501,-73.4659
Saint-Colomban,QC,45.7334,-74.1325
Saint-Come--Liniere,QC,46.0668,-70.5157
Saint-Constant,QC,45.3668,-73.5659
Saint-Cyrille-de-Wendover,QC,45.9334,-72.4324
Saint-Damase,QC,45.5334,-72.9991
Saint-Denis-sur-Richelieu,QC,45.7834,-73.1492
Saint-Donat-de-Montcalm,QC,46.3187,-74.2217
Saint-Edouard,QC,45.2334,-73.5159
Saint-Elie-de-Caxton,QC,46.4834,-72.9658
Saint-Elzear,QC,45.6034,-73.7270
Saint-Ephrem-de-Beauce,QC,46.0668,-70.9490
Saint-Esprit,QC,45.9001,-73.6659
Saint-Eustache,QC,45.5650,-73.9055
Saint-Felicien,QC,48.6501,-72.4491
Saint-Felix-de-Valois,QC,46.1698,-73.4253
Saint-Fulgence,QC,48.4501,-70.8991
Saint-Gabriel,QC,46.3001,-73.3825
Saint-Gedeon,QC,48.5001,-71.7658
Saint-Georges,QC,46.1135,-70.6653
Saint-Germain-de-Grantham,QC,45.8334,-72.5658
Saint-Henri,QC,46.6931,-71.0693
Saint-Hippolyte,QC,45.9334,-74.0159
Saint-Honore,QC,48.5334,-71.0824
Saint-Hyacinthe,QC,45.6308,-72.9570
Saint-Ignace-de-Loyola,QC,46.0629,-73.1299
Saint-Isidore,QC,47.4335,-79.2996
Saint-Isidore-de-Laprairie,QC,45.3001,-73.6800
Saint-Jacques,QC,45.9487,-73.5703
Saint-Jacques-le-Mineur,QC,45.2834,-73.4159
Saint-Jean-Baptiste,QC,45.3806,-74.0121
Saint-Jean-de-Matha,QC,46.2315,-73.5342
Saint-Jean-sur-Richelieu,QC,45.3071,-73.2626
Saint-Jerome,QC,45.7804,-74.0036
Saint-Joseph,QC,45.9582,-73.2202
Saint-Joseph-de-Beauce,QC,46.3000,-70.8667
Saint-Joseph-de-Coleraine,QC,45.9668,-71.3658
Saint-Joseph-de-Sorel,QC,46.0334,-73.1158
Saint-Joseph-du-Lac,QC,45.5334,-73.9992
Saint-Lambert-de-Lauzon,QC,46.5862,-71.2089
Saint-Lazare,QC,45.4001,-74.1326
Saint-Lazare-de-Bellechasse,QC,46.6531,-70.8070
Saint-Leonard-d'Aston,QC,46.1072,-72.3735
Saint-Liboire,QC,45.6507,-72.7635
Saint-Lin-Laurentides,QC,45.8501,-73.7659
Saint-Louis-de-Terrebonne,QC,45.7020,-73.7867
Saint-Louis-du-Ha Ha,QC,47.6660,-68.9764
Saint-Marc-des-Carrieres,QC,46.6833,-72.0491
Saint-Mathieu,QC,45.3168,-73.5159
Saint-Michel,QC,45.5676,-73.6217
Saint-Michel-des-Saints,QC,46.6770,-73.9188
Saint-Narcisse,QC,46.5639,-72.4705
Saint-Nazaire,QC,48.5894,-71.5525
Saint-Norbert,QC,46.1695,-73.3149
Saint-Pacome,QC,47.4046,-69.9502
Saint-Pamphile,QC,46.9578,-69.7806
Saint-Pascal,QC,47.5181,-69.8030
Saint-Philippe,QC,45.3760,-73.4811
Saint-Philippe-de-La Prairie,QC,45.3572,-73.4771
Saint-Pie,QC,45.5028,-72.9089
Saint-Pie-V,QC,46.0035,-72.7469
Saint-Pierre-les-Becquets,QC,46.5001,-72.1991
Saint-Placide,QC,45.5334,-74.1992
Saint-Polycarpe,QC,45.3001,-74.2992
Saint-Prime,QC,48.5924,-72.3355
Saint-Raphael,QC,46.2501,-76.0161
Saint-Raphael,QC,46.7960,-70.7558
Saint-Raymond,QC,45.4670,-73.6095
Saint-Raymond,QC,46.8901,-71.8341
Saint-Remi,QC,45.2668,-73.6159
Saint-Remi-de-Tingwick,QC,45.8668,-71.8158
Saint-Roch-de-l'Achigan,QC,45.8592,-73.5896
Saint-Sauveur,QC,45.8869,-74.1794
Saint-Sauveur-des-Monts,QC,45.9001,-74.1659
Saint-Simeon,QC,47.8443,-69.8784
Saint-Thomas,QC,46.0168,-73.3491
Saint-Tite,QC,46.7334,-72.5658
Saint-Ubalde,QC,46.7501,-72.2658
Saint-Ulric,QC,48.7870,-67.7023
Saint-Valere,QC,46.0668,-72.0991
Saint-Victor,QC,45.6112,-73.5153
Saint-Vincent-de-Paul,QC,45.6168,-73.6492
Saint-Zotique,QC,45.2501,-74.2492
Sainte Catherine de la Jacques Cartier,QC,46.8524,-71.6206
Sainte-Adele,QC,45.9501,-74.1325
Sainte-Agathe-des-Monts,QC,46.0501,-74.2825
Sainte-Anne-de-Bellevue,QC,45.4062,-73.9456
Sainte-Anne-de-la-Perade,QC,46.5834,-72.1991
Sainte-Anne-des-Monts,QC,49.1240,-66.4924
Sainte-Anne-des-Plaines,QC,45.7647,-73.8116
Sainte-Beatrix,QC,46.2001,-73.6159
Sainte-Catherine,QC,45.4001,-73.5825
Sainte-Catherine,QC,46.3184,-72.5663
Sainte-Claire,QC,46.6013,-70.8632
Sainte-Clotilde-de-Horton,QC,45.9834,-72.2324
Sainte-Croix,QC,45.1337,-72.8008
Sainte-Elisabeth,QC,46.0950,-73.3518
Sainte-Genevieve-de-Batiscan,QC,46.5301,-72.3388
Sainte-Jeanne-d'Arc,QC,48.8667,-72.0822
Sainte-Julie,QC,45.5834,-73.3325
Sainte-Julienne,QC,45.9668,-73.7159
Sainte-Madeleine,QC,45.6001,-73.0991
Sainte-Marguerite-du-Lac-Masson,QC,46.0334,-74.0659
Sainte-Marie,QC,46.4340,-71.0117
Sainte-Marthe-sur-le-Lac,QC,45.5334,-73.9325
Sainte-Martine,QC,45.2501,-73.7992
Sainte-Monique,QC,48.7334,-71.8491
Sainte-Perpetue,QC,47.0642,-69.9293
Sainte-Sophie,QC,45.8168,-73.8992
Sainte-Thecle,QC,46.8168,-72.4991
Sainte-Therese,QC,45.6392,-73.8276
Salaberry-de-Valleyfield,QC,45.2501,-74.1325
Salluit,QC,62.2041,-75.6434
Sayabec,QC,48.5616,-67.6874
Senneterre,QC,48.3930,-77.2395
Sept-Iles,QC,50.2001,-66.3821
Shannon,QC,46.8803,-71.5146
Shawinigan,QC,46.5667,-72.7491
Shawville,QC,45.6001,-76.4827
Sherbrooke,QC,45.4001,-71.8991
Sorel-Tracy,QC,46.0418,-73.1136
St-Jean-Port-Joli,QC,47.2142,-70.2697
Stanstead,QC,45.0145,-72.0913
Sutton,QC,45.1001,-72.6158
Temiscaming,QC,46.7212,-79.0971
Terrasse-des-Pins,QC,45.8645,-74.0663
Terrebonne,QC,45.7000,-73.6473
Thetford-Mines,QC,46.0937,-71.3054
Thurso,QC,45.6001,-75.2493
Tingwick,QC,45.8801,-71.9422
Trois Pistoles,QC,48.1167,-69.1667
Trois-Rivieres,QC,46.3451,-72.5477
Val-David,QC,46.0334,-74.2159
Val-Morin,QC,46.0001,-74.1825
Val-d'Or,QC,48.0974,-77.7974
Val-des-Arbres,QC,45.5984,-73.6754
Val-des-Monts,QC,45.6501,-75.6660
Val-des-Sources,QC,45.7668,-71.9324
Valcourt,QC,45.5001,-72.3158
Vallee-Jonction,QC,46.3744,-70.9188
Varennes,QC,45.6834,-73.4325
Vaudreuil-Dorion,QC,45.4001,-74.0325
Venise-en-Quebec,QC,45.0834,-73.1325
Vercheres,QC,45.7834,-73.3492
Victoriaville,QC,46.0501,-71.9658
Ville-Marie,QC,47.3334,-79.4330
Ville-Marie,QC,45.4990,-73.5705
Villeray-Saint-Michel-Parc-Extension,QC,45.5587,-73.6054
Wakefield,QC,45.6668,-75.8327
Warwick,QC,45.9501,-71.9824
Waskaganish,QC,51.4833,-78.7500
Waswanipi,QC,49.7335,-76.1660
Waterloo,QC,45.3501,-72.5158
Weedon Centre,QC,45.7080,-71.4599
Wendake,QC,46.8614,-71.3573
Westmount,QC,45.4834,-73.5992
Weymontachie,QC,47.8994,-73.7772
Windsor,QC,45.5668,-71.9991
Yamachiche,QC,46.2818,-72.8287
Ashaway,RI,41.4234,-71.7856
Barrington,RI,41.7407,-71.3087
Bradford,RI,41.3990,-71.7370
Bristol,RI,41.6771,-71.2662
Central Falls,RI,41.8907,-71.3923
Charlestown,RI,41.3832,-71.6417
Chepachet,RI,41.9151,-71.6715
Coventry,RI,41.7001,-71.6828
Cranston,RI,41.7798,-71.4373
Cumberland,RI,41.9668,-71.4328
Cumberland Hill,RI,41.9745,-71.4670
East Greenwich,RI,41.6604,-71.4559
East Providence,RI,41.8137,-71.3701
Exeter,RI,41.5776,-71.5376
Foster,RI,41.8537,-71.7581
Greenville,RI,41.8712,-71.5520
Harrisville,RI,41.9656,-71.6745
Hope Valley,RI,41.5076,-71.7162
Hopkinton,RI,41.4612,-71.7776
Jamestown,RI,41.4971,-71.3673
Johnston,RI,41.8219,-71.5067
Kingston,RI,41.4804,-71.5226
Lincoln,RI,41.9211,-71.4350
Melville,RI,41.5870,-71.2834
Middletown,RI,41.5457,-71.2914
Narragansett,RI,41.4501,-71.4495
Narragansett Pier,RI,41.4323,-71.4564
New Shoreham,RI,41.1723,-71.5578
Newport,RI,41.4901,-71.3128
Newport East,RI,41.5158,-71.2875
North Kingstown,RI,41.5501,-71.4662
North Providence,RI,41.8501,-71.4662
North Scituate,RI,41.8318,-71.5873
North Smithfield,RI,41.9668,-71.5495
Pascoag,RI,41.9556,-71.7023
Pawtucket,RI,41.8787,-71.3826
Portsmouth,RI,41.6023,-71.2503
Providence,RI,41.8240,-71.4128
Smithfield,RI,41.9220,-71.5495
South Kingstown,RI,41.4472,-71.5249
Tiverton,RI,41.6259,-71.2134
Valley Falls,RI,41.9068,-71.3906
Wakefield-Peacedale,RI,41.4461,-71.5004
Warren,RI,41.7304,-71.2826
Warwick,RI,41.7001,-71.4162
West Greenwich,RI,41.6370,-71.6600
West Warwick,RI,41.6969,-71.5219
Westerly,RI,41.3776,-71.8273
Woonsocket,RI,42.0029,-71.5148
Abbeville,SC,34.1782,-82.3790
Aiken,SC,33.5604,-81.7195
Allendale,SC,33.0079,-81.3084
Anderson,SC,34.5034,-82.6501
Andrews,SC,33.4513,-79.5609
Arcadia,SC,34.9582,-81.9907
Arial,SC,34.8460,-82.6415
Awendaw,SC,33.0377,-79.6131
Bamberg,SC,33.2971,-81.0348
Barnwell,SC,33.2449,-81.3587
Batesburg,SC,33.9079,-81.5473
Batesburg-Leesville,SC,33.9101,-81.5373
Beaufort,SC,32.4317,-80.6699
Belton,SC,34.5229,-82.4943
Belvedere,SC,33.5310,-81.9448
Bennettsville,SC,34.6174,-79.6848
Berea,SC,34.8854,-82.4560
Bishopville,SC,34.2182,-80.2484
Blacksburg,SC,35.1212,-81.5159
Blackville,SC,33.3579,-81.2707
Bluffton,SC,32.2371,-80.8604
Blythewood,SC,34.2143,-80.9740
Boiling Springs,SC,33.1352,-81.4312
Boiling Springs,SC,35.0465,-81.9818
Bonneau Beach,SC,33.3199,-80.0004
Brookdale,SC,33.5068,-80.8234
Buffalo,SC,34.7257,-81.6834
Burnettown,SC,33.5154,-81.8490
Burton,SC,32.4357,-80.7240
Calhoun Falls,SC,34.0923,-82.5957
Camden,SC,34.2465,-80.6070
Cane Savannah,SC,33.9018,-80.4504
Catawba,SC,34.8529,-80.9112
Cayce,SC,33.9657,-81.0740
Centerville,SC,34.5320,-82.7040
Centerville,SC,32.9957,-80.1704
Central,SC,34.7243,-82.7812
Chapin,SC,34.1660,-81.3498
Charleston,SC,32.7763,-79.9327
Cheraw,SC,34.6977,-79.8834
Cherryvale,SC,33.9557,-80.4581
Chester,SC,34.7049,-81.2143
Chesterfield,SC,34.7360,-80.0881
City View,SC,34.8615,-82.4315
Clearwater,SC,33.4968,-81.8921
Clemson,SC,34.6834,-82.8374
Clinton,SC,34.4726,-81.8807
Clover,SC,35.1112,-81.2265
Columbia,SC,34.0007,-81.0348
Conway,SC,33.8360,-79.0478
Cowpens,SC,35.0168,-81.8040
Dalzell,SC,34.0168,-80.4301
Darlington,SC,34.2999,-79.8762
Denmark,SC,33.3227,-81.1423
Dentsville,SC,34.0640,-80.9582
Dillon,SC,34.4166,-79.3712
Due West,SC,34.3334,-82.3879
Duncan,SC,34.9379,-82.1451
Dunean,SC,34.8248,-82.4193
Easley,SC,34.8298,-82.6015
East Gaffney,SC,35.0801,-81.6329
East Sumter,SC,33.9254,-80.2962
Edgefield,SC,33.7896,-81.9296
Edisto,SC,33.4765,-80.8987
Elgin,SC,34.1710,-80.7943
Elgin,SC,34.6729,-80.7190
Estill,SC,32.7549,-81.2421
Eureka Mill,SC,34.7176,-81.1937
Fairfax,SC,32.9590,-81.2365
Fairforest,SC,34.9565,-82.0101
Five Forks,SC,34.8048,-82.2296
Florence,SC,34.1954,-79.7626
Folly Beach,SC,32.6552,-79.9404
Forest Acres,SC,34.0193,-80.9898
Forestbrook,SC,33.7224,-78.9581
Fort Mill,SC,35.0074,-80.9451
Fountain Inn,SC,34.6890,-82.1957
Gadsden,SC,33.8457,-80.7659
Gaffney,SC,35.0718,-81.6498
Gantt,SC,34.8001,-82.4243
Garden City,SC,33.5930,-79.0087
Gaston,SC,33.8171,-81.1009
Georgetown,SC,33.3768,-79.2945
Gloverville,SC,33.5260,-81.8301
Golden Grove,SC,34.7340,-82.4437
Goose Creek,SC,32.9810,-80.0326
Graniteville,SC,33.5637,-81.8079
Great Falls,SC,34.5751,-80.9020
Greenville,SC,34.8526,-82.3940
Greenwood,SC,34.1954,-82.1618
Greer,SC,34.9387,-82.2271
Hampton,SC,32.8779,-81.1276
Hanahan,SC,32.9185,-80.0220
Hardeeville,SC,32.2871,-81.0807
Hartsville,SC,34.3740,-80.0734
Hilton Head,SC,32.2163,-80.7526
Hilton Head Island,SC,32.1938,-80.7382
Holly Hill,SC,33.3227,-80.4137
Hollywood,SC,32.7343,-80.2418
Homeland Park,SC,34.4707,-82.6707
Honea Path,SC,34.4465,-82.3915
Hopkins,SC,33.9043,-80.8770
India Hook,SC,35.0074,-81.0217
Inman,SC,35.0471,-82.0901
Inman Mills,SC,35.0415,-82.1043
Irmo,SC,34.0860,-81.1831
Irwin,SC,34.6938,-80.8223
Isle of Palms,SC,32.7868,-79.7948
Iva,SC,34.3065,-82.6637
Jackson,SC,33.3254,-81.7879
James Island,SC,32.7237,-79.9628
Joanna,SC,34.4149,-81.8124
Johnsonville,SC,33.8179,-79.4492
Johnston,SC,33.8321,-81.8009
Judson,SC,34.8332,-82.4276
Kershaw,SC,34.5518,-80.5837
Kiawah Island,SC,32.6082,-80.0848
Kingstree,SC,33.6677,-79.8306
Ladson,SC,32.9857,-80.1098
Lake City,SC,33.8710,-79.7554
Lake Murray of Richland,SC,34.1205,-81.2645
Lake Secession,SC,34.2846,-82.5946
Lake Wylie,SC,35.1085,-81.0429
Lakewood,SC,33.8468,-80.3501
Lancaster,SC,34.7204,-80.7709
Lancaster Mill,SC,34.7093,-80.7948
Landrum,SC,35.1751,-82.1893
Langley,SC,33.5179,-81.8440
Latta,SC,34.3371,-79.4312
Laurel Bay,SC,32.4502,-80.7848
Laurens,SC,34.4990,-82.0143
Leesville,SC,33.9165,-81.5134
Lesslie,SC,34.8907,-80.9565
Lexington,SC,33.9815,-81.2362
Liberty,SC,34.7879,-82.6924
Lincolnville,SC,33.0068,-80.1554
Little River,SC,33.8732,-78.6142
Loris,SC,34.0563,-78.8903
Lugoff,SC,34.2274,-80.6893
Lyman,SC,34.9482,-82.1273
Manning,SC,33.6952,-80.2109
Marion,SC,34.1782,-79.4006
Mauldin,SC,34.7787,-82.3101
Mayo,SC,35.0840,-81.8598
McColl,SC,34.6688,-79.5453
McCormick,SC,33.9135,-82.2935
Meggett,SC,32.7180,-80.2390
Monarch Mill,SC,34.7161,-81.5850
Moncks Corner,SC,33.1963,-80.0143
Mount Pleasant,SC,32.7941,-79.8626
Mullins,SC,34.2057,-79.2545
Murphys Estates,SC,33.6013,-81.9443
Murrells Inlet,SC,33.5510,-79.0414
Myrtle Beach,SC,33.6891,-78.8867
New Ellenton,SC,33.4215,-81.6857
Newberry,SC,34.2746,-81.6187
Newport,SC,34.9899,-81.1009
Ninety Six,SC,34.1751,-82.0240
North Augusta,SC,33.5018,-81.9651
North Charleston,SC,32.8546,-79.9748
North Hartsville,SC,34.3938,-80.0695
North Myrtle Beach,SC,33.8160,-78.6800
Northlake,SC,34.5662,-82.6840
Oak Grove,SC,33.7782,-80.9668
Oak Grove,SC,33.9809,-81.1429
Oakland,SC,33.9829,-80.4884
Orangeburg,SC,33.4918,-80.8556
Pacolet,SC,34.8990,-81.7618
Pageland,SC,34.7732,-80.3917
Pamplico,SC,33.9960,-79.5701
Parker,SC,34.8507,-82.4535
Pendleton,SC,34.6518,-82.7837
Pickens,SC,34.8835,-82.7074
Piedmont,SC,34.7023,-82.4646
Pineridge,SC,33.9104,-81.1045
Port Royal,SC,32.3790,-80.6927
Powdersville,SC,34.7918,-82.4929
Privateer,SC,33.8332,-80.4142
Prosperity,SC,34.2093,-81.5332
Ravenel,SC,32.7632,-80.2501
Red Bank,SC,33.9321,-81.2384
Red Hill,SC,33.9996,-79.2581
Red Hill,SC,33.8207,-79.0189
Ridgeland,SC,32.4807,-80.9804
Ridgeville,SC,33.0957,-80.3154
Rock Hill,SC,34.9249,-81.0251
Roebuck,SC,34.8796,-81.9662
Saint Andrews,SC,34.0430,-81.1010
Saint George,SC,33.1860,-80.5756
Saint Matthews,SC,33.6649,-80.7779
Saint Stephen,SC,33.4043,-79.9217
Saluda,SC,34.0015,-81.7720
Sangaree,SC,33.0354,-80.1279
Sans Souci,SC,34.8779,-82.4240
Saxon,SC,34.9612,-81.9673
Seabrook Island,SC,32.5771,-80.1706
Seneca,SC,34.6857,-82.9532
Seven Oaks,SC,34.0488,-81.1465
Shell Point,SC,32.3835,-80.7359
Shell Point,SC,32.7891,-80.1068
Simpsonville,SC,34.7371,-82.2543
Slater-Marietta,SC,35.0347,-82.4926
Socastee,SC,33.6835,-78.9984
South Congaree,SC,33.9110,-81.1356
South Sumter,SC,33.8810,-80.3450
Southern Shops,SC,34.9860,-81.9946
Spartanburg,SC,34.9496,-81.9321
Springdale,SC,34.6893,-80.7862
Springdale,SC,33.9593,-81.1090
Stateburg,SC,33.9577,-80.5348
Sullivans Island,SC,32.7632,-79.8367
Summerville,SC,33.0185,-80.1757
Sumter,SC,33.9204,-80.3415
Surfside Beach,SC,33.6060,-78.9731
Taylors,SC,34.9204,-82.2962
Tega Cay,SC,35.0243,-81.0279
Tigerville,SC,35.0684,-82.3684
Timmonsville,SC,34.1349,-79.9398
Travelers Rest,SC,34.9676,-82.4434
Union,SC,34.7154,-81.6237
Utica,SC,34.6782,-82.9315
Valley Falls,SC,35.0159,-81.9748
Varnville,SC,32.8504,-81.0793
Wade Hampton,SC,34.9037,-82.3332
Walhalla,SC,34.7648,-83.0640
Walterboro,SC,32.9052,-80.6668
Ware Shoals,SC,34.3984,-82.2468
Warrenville,SC,33.5510,-81.8040
Watts Mills,SC,34.5164,-81.9858
Wedgefield,SC,33.8927,-80.5181
Wedgewood,SC,33.8838,-80.5126
Welcome,SC,34.8265,-82.4390
Wellford,SC,34.9509,-82.1059
West Columbia,SC,33.9935,-81.0740
Westminster,SC,34.6648,-83.0965
Whitmire,SC,34.5029,-81.6115
Wilkinson Heights,SC,33.5021,-80.8332
Williamston,SC,34.6185,-82.4779
Williston,SC,33.4027,-81.4201
Winnsboro,SC,34.3807,-81.0865
Winnsboro Mills,SC,34.3618,-81.0854
Woodfield,SC,34.0593,-80.9309
Woodruff,SC,34.7396,-82.0370
York,SC,34.9943,-81.2420
Aberdeen,SD,45.4647,-98.4865
Alexandria,SD,43.6536,-97.7828
Armour,SD,43.3186,-98.3468
Baltic,SD,43.7614,-96.7403
Belle Fourche,SD,44.6714,-103.8521
Beresford,SD,43.0805,-96.7737
Bison,SD,45.5203,-102.4613
Blackhawk,SD,44.1511,-103.3080
Box Elder,SD,44.1125,-103.0682
Brandon,SD,43.5947,-96.5720
Britton,SD,45.7916,-97.7509
Brookings,SD,44.3114,-96.7984
Buffalo,SD,45.5842,-103.5460
Burke,SD,43.1825,-99.2921
Canton,SD,43.3008,-96.5928
Chamberlain,SD,43.8108,-99.3307
Clark,SD,44.8777,-97.7331
Clear Lake,SD,44.7458,-96.6826
Colonial Pine Hills,SD,44.0078,-103.3155
Crooks,SD,43.6647,-96.8109
Custer,SD,43.7666,-103.5988
Dakota Dunes,SD,42.4875,-96.4864
De Smet,SD,44.3875,-97.5503
Deadwood,SD,44.3766,-103.7296
Dell Rapids,SD,43.8261,-96.7062
Dupree,SD,45.0475,-101.6010
Eagle Butte,SD,45.0025,-101.2335
Elk Point,SD,42.6833,-96.6837
Ellsworth Air Force Base,SD,44.1439,-103.0751
Faulkton,SD,45.0350,-99.1240
Flandreau,SD,44.0494,-96.5953
Fort Pierre,SD,44.3536,-100.3737
Fort Thompson,SD,44.0686,-99.4379
Freeman,SD,43.3525,-97.4373
Garretson,SD,43.7175,-96.5028
Gettysburg,SD,45.0117,-99.9557
Gregory,SD,43.2322,-99.4304
Groton,SD,45.4475,-98.0987
Harrisburg,SD,43.4314,-96.6973
Hartford,SD,43.6230,-96.9425
Hayti,SD,44.6572,-97.2051
Highmore,SD,44.5214,-99.4415
Hot Springs,SD,43.4316,-103.4744
Howard,SD,44.0108,-97.5267
Huron,SD,44.3633,-98.2143
Ipswich,SD,45.4444,-99.0293
Kadoka,SD,43.8339,-101.5099
Kennebec,SD,43.9036,-99.8618
Lake Andes,SD,43.1564,-98.5415
Lead,SD,44.3522,-103.7652
Lemmon,SD,45.9408,-102.1593
Lennox,SD,43.3541,-96.8920
Leola,SD,45.7227,-98.9409
Madison,SD,44.0061,-97.1140
Martin,SD,43.1725,-101.7327
McIntosh,SD,45.9214,-101.3496
Milbank,SD,45.2191,-96.6356
Miller,SD,44.5183,-98.9884
Mission,SD,43.3058,-100.6582
Mitchell,SD,43.7094,-98.0298
Mobridge,SD,45.5372,-100.4279
Mound City,SD,45.7253,-100.0684
Murdo,SD,43.8883,-100.7129
North Eagle Butte,SD,45.0042,-101.2338
North Sioux City,SD,42.5272,-96.4831
North Spearfish,SD,44.5067,-103.8922
Oglala,SD,43.1886,-102.7396
Olivet,SD,43.2408,-97.6753
Onida,SD,44.7080,-100.0598
Parker,SD,43.3975,-97.1364
Parkston,SD,43.3989,-97.9837
Philip,SD,44.0394,-101.6651
Pierre,SD,44.3683,-100.3510
Pine Ridge,SD,43.0255,-102.5563
Plankinton,SD,43.7156,-98.4851
Platte,SD,43.3869,-98.8445
Porcupine,SD,43.2397,-102.3310
Rapid City,SD,44.0805,-103.2310
Rapid Valley,SD,44.0625,-103.1463
Redfield,SD,44.8758,-98.5187
Rosebud,SD,43.2328,-100.8535
Salem,SD,43.7242,-97.3889
Selby,SD,45.5064,-100.0321
Sioux Falls,SD,43.5437,-96.7280
Sisseton,SD,45.6647,-97.0498
Spearfish,SD,44.4908,-103.8594
Springfield,SD,42.8542,-97.8973
Sturgis,SD,44.4097,-103.5091
Summerset,SD,44.1900,-103.3438
Tea,SD,43.4464,-96.8359
Timber Lake,SD,45.4291,-101.0740
Tyndall,SD,42.9933,-97.8628
Vermillion,SD,42.7794,-96.9292
Volga,SD,44.3236,-96.9265
Wagner,SD,43.0797,-98.2931
Watertown,SD,44.8994,-97.1151
Webster,SD,45.3322,-97.5201
Wessington Springs,SD,44.0792,-98.5695
White River,SD,43.5680,-100.7454
Winner,SD,43.3767,-99.8590
Woonsocket,SD,44.0536,-98.2756
Yankton,SD,42.8711,-97.3973
Assiniboia,SK,49.6334,-105.9845
Balgonie,SK,50.4834,-104.2678
Battleford,SK,52.7349,-108.3091
Biggar,SK,52.0598,-107.9884
Buffalo Narrows,SK,55.8609,-108.4790
Canora,SK,51.6333,-102.4343
Carlyle,SK,49.6333,-102.2677
Central Business District,SK,52.1303,-106.6623
Creighton,SK,54.7501,-101.9008
Dalmeny,SK,52.3408,-106.7712
Davidson,SK,51.2668,-105.9845
Delisle,SK,51.9236,-107.1352
Esterhazy,SK,50.6500,-102.0843
Estevan,SK,49.1334,-102.9842
Foam Lake,SK,51.6500,-103.5343
Fort Qu'Appelle,SK,50.7668,-103.8010
Gravelbourg,SK,49.8834,-106.5512
Hudson Bay,SK,52.8500,-102.3842
Humboldt,SK,52.2000,-105.1255
Indian Head,SK,50.5334,-103.6677
Kamsack,SK,51.5667,-101.9009
Kerrobert,SK,51.9168,-109.1348
Kindersley,SK,51.4668,-109.1682
La Ronge,SK,55.1001,-105.2842
Langenburg,SK,50.8500,-101.7176
Langham,SK,52.3589,-106.9617
Lanigan,SK,51.8501,-105.0344
Lumsden,SK,50.6501,-104.8678
Macklin,SK,52.3334,-109.9348
Maple Creek,SK,49.9063,-109.4809
Martensville,SK,52.2834,-106.6679
Meadow Lake,SK,54.1335,-108.4347
Melfort,SK,52.8667,-104.6177
Melville,SK,50.9167,-102.8010
Moose Jaw,SK,50.4001,-105.5345
Moosomin,SK,50.1426,-101.6667
Nipawin,SK,53.3668,-104.0009
North Battleford,SK,52.7797,-108.2967
Outlook,SK,51.4880,-107.0564
Oxbow,SK,49.2334,-102.1676
Pelican Narrows,SK,55.1668,-102.9341
Pilot Butte,SK,50.4801,-104.4191
Preeceville,SK,51.9500,-102.6677
Prince Albert,SK,53.2001,-105.7677
Regina,SK,50.4501,-104.6178
Regina Beach,SK,50.7915,-104.9801
Rosetown,SK,51.5501,-108.0014
Rosthern,SK,52.6668,-106.3345
Saskatoon,SK,52.1324,-106.6689
Shaunavon,SK,49.6501,-108.4181
Shellbrook,SK,53.2168,-106.4011
Swift Current,SK,50.2834,-107.8013
Tisdale,SK,52.8500,-104.0510
Unity,SK,52.4501,-109.1682
Wadena,SK,51.9500,-103.8010
Waldheim,SK,52.6210,-106.6530
Warman,SK,52.3168,-106.5679
Watrous,SK,51.6668,-105.4679
Weyburn,SK,49.6668,-103.8511
White City,SK,50.4334,-104.3678
Wilkie,SK,52.4168,-108.7014
Wynyard,SK,51.7667,-104.1844
Yorkton,SK,51.2167,-102.4677
Adamsville,TN,35.2359,-88.3906
Alamo,TN,35.7848,-89.1173
Alcoa,TN,35.7895,-83.9738
Algood,TN,36.1959,-85.4486
Altamont,TN,35.4295,-85.7230
Apison,TN,35.0240,-85.0238
Ardmore,TN,34.9920,-86.8467
Arlington,TN,35.2962,-89.6615
Ashland City,TN,36.2742,-87.0642
Athens,TN,35.4428,-84.5930
Atoka,TN,35.4412,-89.7781
Banner Hill,TN,36.1307,-82.4246
Bartlett,TN,35.2045,-89.8740
Baxter,TN,36.1537,-85.6436
Bean Station,TN,36.3437,-83.2841
Belle Meade,TN,36.0959,-86.8569
Bells,TN,35.7112,-89.0876
Benton,TN,35.1742,-84.6535
Blaine,TN,36.1542,-83.7041
Bloomingdale,TN,36.5846,-82.4893
Blountville,TN,36.5332,-82.3268
Bluff City,TN,36.4743,-82.2610
Bolivar,TN,35.2562,-88.9878
Bon Aqua Junction,TN,35.9278,-87.3108
Bradford,TN,36.0765,-88.8101
Brentwood,TN,36.0331,-86.7828
Brighton,TN,35.0801,-86.4392
Brighton,TN,35.4840,-89.7251
Bristol,TN,36.5951,-82.1887
Brownsville,TN,35.5940,-89.2623
Bruceton,TN,36.0381,-88.2445
Burns,TN,36.0534,-87.3125
Byrdstown,TN,36.5745,-85.1288
Camden,TN,36.0590,-88.0978
Carthage,TN,36.2523,-85.9517
Caryville,TN,36.2990,-84.2233
Celina,TN,36.5501,-85.5053
Centerville,TN,35.7790,-87.4670
Central,TN,36.3262,-82.2896
Central,TN,35.8037,-89.5373
Chapel Hill,TN,35.6265,-86.6933
Charlotte,TN,36.1773,-87.3397
Chattanooga,TN,35.0456,-85.3097
Christiana,TN,35.7101,-86.3994
Chuckey,TN,36.2159,-82.6882
Church Hill,TN,36.5223,-82.7135
Clarksville,TN,36.5298,-87.3594
Cleveland,TN,35.1595,-84.8766
Clifton,TN,35.3870,-87.9953
Clinton,TN,36.1034,-84.1319
Coalfield,TN,36.0290,-84.4208
Collegedale,TN,35.0531,-85.0502
Collierville,TN,35.0420,-89.6645
Colonial Heights,TN,36.4851,-82.5032
Columbia,TN,35.6151,-87.0353
Condon,TN,36.1812,-83.7938
Cookeville,TN,36.1628,-85.5016
Coopertown,TN,36.4376,-86.9672
Cordova,TN,35.1557,-89.7762
Cornersville,TN,35.3615,-86.8397
Covington,TN,35.5643,-89.6465
Cowan,TN,35.1645,-86.0105
Cross Plains,TN,36.5487,-86.6961
Crossville,TN,35.9490,-85.0269
Crump,TN,35.2218,-88.3181
Dandridge,TN,36.0154,-83.4149
Dayton,TN,35.4940,-85.0125
Decatur,TN,35.5148,-84.7902
Decaturville,TN,35.5842,-88.1195
Decherd,TN,35.2098,-86.0794
Dickson,TN,36.0770,-87.3878
Dodson Branch,TN,36.3126,-85.5322
Dover,TN,36.4878,-87.8384
Dresden,TN,36.2914,-88.7081
Dunlap,TN,35.3715,-85.3905
Dyer,TN,36.0667,-88.9939
Dyersburg,TN,36.0345,-89.3856
Eagleton Village,TN,35.7951,-83.9318
East Brainerd,TN,34.9959,-85.1502
East Chattanooga,TN,35.0654,-85.2491
East Cleveland,TN,35.1609,-84.8577
East Ridge,TN,35.0142,-85.2519
Elizabethton,TN,36.3487,-82.2107
Ellendale,TN,35.2306,-89.8259
Englewood,TN,35.4245,-84.4874
Englewood,TN,36.3667,-89.1548
Erin,TN,36.3184,-87.6947
Erwin,TN,36.1451,-82.4168
Estill Springs,TN,35.2706,-86.1280
Etowah,TN,35.3234,-84.5249
Fairfield Glade,TN,36.0003,-84.8863
Fairmount,TN,35.1815,-85.3236
Fairmount,TN,36.5851,-82.1710
Fairview,TN,35.9820,-87.1214
Fall Branch,TN,36.4182,-82.6238
Falling Water,TN,35.2031,-85.2536
Farragut,TN,35.8845,-84.1535
Fayetteville,TN,35.1520,-86.5705
Fincastle,TN,36.4098,-84.0477
Forest Hills,TN,36.0684,-86.8442
Franklin,TN,35.9251,-86.8689
Gainesboro,TN,36.3556,-85.6589
Gallatin,TN,36.3884,-86.4467
Gatlinburg,TN,35.7145,-83.5119
Germantown,TN,35.0868,-89.8101
Gleason,TN,36.2137,-88.6125
Goodlettsville,TN,36.3231,-86.7133
Gordonsville,TN,36.1726,-85.9297
Gray,TN,36.4198,-82.4765
Graysville,TN,35.4470,-85.0844
Green Hill,TN,36.2228,-86.5494
Greenback,TN,35.6612,-84.1721
Greenbrier,TN,36.4275,-86.8047
Greeneville,TN,36.1632,-82.8310
Greenfield,TN,36.1534,-88.8006
Grimsley,TN,36.2670,-84.9844
Gruetli-Laager,TN,35.3723,-85.6180
Halls,TN,35.8756,-89.3962
Harriman,TN,35.9340,-84.5524
Harrison,TN,35.1137,-85.1380
Harrogate,TN,36.5823,-83.6569
Hartsville,TN,36.3909,-86.1672
Henderson,TN,35.4392,-88.6414
Hendersonville,TN,36.3048,-86.6200
Hermitage,TN,36.1962,-86.6225
Hickory Withe,TN,35.2440,-89.5887
Hohenwald,TN,35.5478,-87.5520
Hopewell,TN,35.2348,-84.8880
Humboldt,TN,35.8198,-88.9159
Hunter,TN,36.3623,-84.1405
Hunter,TN,36.3718,-82.1587
Huntingdon,TN,36.0006,-88.4281
Huntsville,TN,36.4098,-84.4905
Jacksboro,TN,36.3301,-84.1838
Jackson,TN,35.6145,-88.8140
Jamestown,TN,36.4276,-84.9319
Jasper,TN,35.0742,-85.6261
Jefferson City,TN,36.1223,-83.4924
Jellico,TN,36.5879,-84.1269
Johnson City,TN,36.3134,-82.3535
Johnsonville,TN,36.0601,-87.9528
Jonesborough,TN,36.2943,-82.4735
Kenton,TN,36.2023,-89.0123
Kimball,TN,35.0479,-85.6719
Kingsport,TN,36.5484,-82.5618
Kingston,TN,35.8809,-84.5085
Kingston Springs,TN,36.1020,-87.1150
Knoxville,TN,35.9606,-83.9207
La Vergne,TN,36.0156,-86.5819
LaFollette,TN,36.3829,-84.1199
Lafayette,TN,36.5212,-86.0264
Lafayette,TN,36.1859,-85.7161
Lake Tansi,TN,35.8728,-85.0544
Lakeland,TN,35.2306,-89.7404
Lakesite,TN,35.2087,-85.1269
Lakewood,TN,36.2431,-86.6355
Lawrenceburg,TN,35.2423,-87.3347
Lebanon,TN,36.2081,-86.2911
Lenoir City,TN,35.7973,-84.2560
Lewisburg,TN,35.4492,-86.7889
Lexington,TN,35.6509,-88.3934
Linden,TN,35.6173,-87.8395
Livingston,TN,36.3834,-85.3230
Lone Oak,TN,35.2006,-85.3641
Lookout Mountain,TN,34.9942,-85.3494
Loretto,TN,35.0779,-87.4397
Loudon,TN,35.7328,-84.3338
Louisville,TN,35.8218,-84.0480
Luttrell,TN,36.1995,-83.7418
Lynchburg,TN,35.2831,-86.3742
Madisonville,TN,35.5198,-84.3635
Manchester,TN,35.4817,-86.0886
Martin,TN,36.3434,-88.8503
Maryville,TN,35.7565,-83.9705
Mascot,TN,36.0612,-83.7457
Mason,TN,35.4117,-89.5328
Maynardville,TN,36.2506,-83.7974
McEwen,TN,36.1078,-87.6331
McKenzie,TN,36.1326,-88.5187
McMinnville,TN,35.6834,-85.7700
Medina,TN,35.8028,-88.7748
Memphis,TN,35.1495,-90.0490
Middle Valley,TN,35.1959,-85.1847
Midtown,TN,35.8795,-84.5641
Midway,TN,36.3001,-82.4237
Milan,TN,35.9198,-88.7589
Millersville,TN,36.3712,-86.7100
Millington,TN,35.3415,-89.8973
Monteagle,TN,35.2401,-85.8397
Monterey,TN,36.1476,-85.2683
Morristown,TN,36.2140,-83.2949
Mosheim,TN,36.1895,-82.9585
Mount Carmel,TN,35.4978,-88.0078
Mount Carmel,TN,36.5454,-82.6610
Mount Juliet,TN,36.2000,-86.5186
Mount Pleasant,TN,35.5342,-87.2070
Mountain City,TN,36.4746,-81.8048
Mowbray Mountain,TN,35.2754,-85.2225
Munford,TN,35.4492,-89.8151
Murfreesboro,TN,35.8456,-86.3903
Nashville,TN,36.1659,-86.7844
New Hope,TN,35.0051,-85.6583
New Johnsonville,TN,36.0212,-87.9670
New Market,TN,36.1040,-83.5527
New Tazewell,TN,36.4426,-83.5996
New Union,TN,35.5326,-86.0808
Newbern,TN,36.1129,-89.2617
Newport,TN,35.9670,-83.1877
Nolensville,TN,35.9523,-86.6694
Norris,TN,36.1956,-84.0680
Oak Grove,TN,36.4118,-82.4246
Oak Hill,TN,36.0878,-86.7831
Oak Ridge,TN,36.0104,-84.2696
Oakland,TN,35.2290,-89.5151
Obion,TN,36.2590,-89.1917
Oliver Springs,TN,36.0445,-84.3444
Olivet,TN,35.2142,-88.2003
Oneida,TN,36.4981,-84.5127
Paris,TN,36.3020,-88.3267
Park City,TN,35.0820,-86.5711
Parsons,TN,35.6498,-88.1267
Pegram,TN,36.1006,-87.0511
Pigeon Forge,TN,35.7884,-83.5543
Pikeville,TN,35.6056,-85.1889
Pine Crest,TN,36.2762,-84.1288
Pine Crest,TN,36.2993,-82.3179
Piperton,TN,35.0451,-89.6218
Plainview,TN,36.1773,-83.7953
Pleasant View,TN,36.3942,-87.0367
Portland,TN,36.5817,-86.5164
Powells Crossroads,TN,35.1895,-85.4858
Pulaski,TN,35.1998,-87.0308
Red Bank,TN,35.1123,-85.2941
Red Boiling Springs,TN,36.5334,-85.8500
Ridgely,TN,36.2634,-89.4878
Ridgetop,TN,36.3950,-86.7794
Ripley,TN,35.7454,-89.5298
Roan Mountain,TN,36.1962,-82.0704
Rockwood,TN,35.8656,-84.6849
Rocky Top,TN,36.2179,-84.1547
Rogersville,TN,36.4073,-83.0054
Rural Hill,TN,36.1140,-86.5200
Rutherford,TN,36.1276,-88.9859
Rutledge,TN,36.2809,-83.5149
Sale Creek,TN,35.3823,-85.1088
Savannah,TN,35.2248,-88.2492
Selmer,TN,35.1701,-88.5923
Sevierville,TN,35.8681,-83.5618
Sewanee,TN,35.2031,-85.9211
Seymour,TN,35.8906,-83.7246
Shackle Island,TN,36.3706,-86.6167
Shelbyville,TN,35.4834,-86.4603
Signal Mountain,TN,35.1226,-85.3439
Smithville,TN,35.9606,-85.8141
Smyrna,TN,35.9828,-86.5186
Sneedville,TN,36.5298,-83.2174
Soddy-Daisy,TN,35.2359,-85.1908
Somerville,TN,35.2437,-89.3501
South Carthage,TN,36.2420,-85.9519
South Cleveland,TN,35.1060,-84.8900
South Fulton,TN,36.5009,-88.8753
South Pittsburg,TN,35.0123,-85.7044
Sparta,TN,35.9259,-85.4641
Speedwell,TN,36.4587,-83.8719
Spencer,TN,35.7473,-85.4666
Spring City,TN,35.6920,-84.8608
Spring Hill,TN,35.7512,-86.9300
Springfield,TN,36.5092,-86.8850
Spurgeon,TN,36.4395,-82.4557
Surgoinsville,TN,36.4709,-82.8518
Sweetwater,TN,35.6015,-84.4610
Tazewell,TN,36.4543,-83.5694
Tellico Village,TN,35.6832,-84.2552
Tennessee Ridge,TN,36.3120,-87.7734
Thompson's Station,TN,35.8020,-86.9114
Three Way,TN,35.7759,-88.8595
Tiptonville,TN,36.3784,-89.4720
Tracy City,TN,35.2604,-85.7361
Trenton,TN,35.9806,-88.9415
Troy,TN,36.3387,-89.1640
Tullahoma,TN,35.3620,-86.2094
Tusculum,TN,36.1751,-82.7588
Unicoi,TN,36.1954,-82.3496
Union City,TN,36.4242,-89.0570
Unionville,TN,35.6217,-86.5925
Vonore,TN,35.5901,-84.2419
Walden,TN,35.1648,-85.3013
Walnut Hill,TN,36.5698,-82.2568
Wartburg,TN,36.1048,-84.5972
Watertown,TN,36.1003,-86.1319
Waverly,TN,36.0840,-87.7947
Waynesboro,TN,35.3195,-87.7622
Westmoreland,TN,36.5620,-86.2480
White Bluff,TN,36.1076,-87.2208
White House,TN,36.4703,-86.6514
White Pine,TN,36.1076,-83.2868
Whiteville,TN,35.3265,-89.1495
Whitwell,TN,35.2015,-85.5191
Wildwood,TN,35.8037,-83.8713
Wildwood Lake,TN,35.0920,-84.8544
Winchester,TN,35.1859,-86.1122
Woodbury,TN,35.8276,-86.0717
Abernathy,TX,33.8323,-101.8430
Abilene,TX,32.4487,-99.7331
Abram,TX,26.1998,-98.4111
Addison,TX,32.9618,-96.8292
Agua Dulce,TX,31.6551,-106.1389
Alamo,TX,26.1837,-98.1231
Albany,TX,32.7234,-99.2973
Aledo,TX,32.6960,-97.6022
Alice,TX,27.7523,-98.0697
Allen,TX,33.1032,-96.6706
Alpine,TX,30.3586,-103.6621
Alto,TX,31.6504,-95.0727
Alton,TX,26.2873,-98.3133
Alton North (historical),TX,26.2953,-98.3045
Alvarado,TX,32.4065,-97.2117
Alvin,TX,29.4239,-95.2441
Alvord,TX,33.3584,-97.6947
Amarillo,TX,35.2220,-101.8313
Ames,TX,31.5210,-97.7795
Ames,TX,30.0538,-94.7435
Anahuac,TX,29.7730,-94.6827
Anderson,TX,30.4871,-95.9869
Andrews,TX,32.3187,-102.5457
Angleton,TX,29.1694,-95.4319
Anna,TX,33.3490,-96.5486
Annetta,TX,32.7093,-97.6761
Anson,TX,32.7565,-99.8962
Anthony,TX,31.9993,-106.6055
Anton,TX,33.8112,-102.1638
Aransas Pass,TX,27.9095,-97.1500
Archer City,TX,33.5957,-98.6256
Arcola,TX,29.4961,-95.4658
Argyle,TX,33.1212,-97.1834
Arlington,TX,32.7357,-97.1081
Asherton,TX,28.4419,-99.7603
Aspermont,TX,33.1334,-100.2273
Athens,TX,32.2049,-95.8555
Atlanta,TX,33.1137,-94.1643
Aubrey,TX,33.3043,-96.9861
Aurora,TX,33.0607,-97.5034
Austin,TX,30.2672,-97.7431
Azle,TX,32.8951,-97.5459
Bacliff,TX,29.5069,-94.9924
Baird,TX,32.3940,-99.3942
Balch Springs,TX,32.7287,-96.6228
Ballinger,TX,31.7382,-99.9473
Bandera,TX,29.7266,-99.0737
Bangs,TX,31.7171,-99.1325
Barrett,TX,29.8800,-95.0630
Bartlett,TX,30.7949,-97.4256
Barton Creek,TX,30.2852,-97.8692
Bartonville,TX,33.0732,-97.1317
Bastrop,TX,30.1105,-97.3153
Batesville,TX,28.9511,-99.6178
Bay City,TX,28.9828,-95.9694
Bayou Vista,TX,29.3264,-94.9385
Baytown,TX,29.7355,-94.9774
Beach City,TX,29.6622,-94.8899
Beaumont,TX,30.0861,-94.1018
Bedford,TX,32.8440,-97.1431
Bee Cave,TX,30.3085,-97.9450
Beeville,TX,28.4010,-97.7497
Bellmead,TX,31.5940,-97.1089
Bells,TX,33.6104,-96.4108
Bellville,TX,29.9502,-96.2572
Belton,TX,31.0560,-97.4644
Benavides,TX,27.5989,-98.4081
Benbrook,TX,32.6732,-97.4606
Benjamin,TX,33.5840,-99.7923
Berryville,TX,32.0885,-95.4719
Bertram,TX,30.7438,-98.0556
Beverly,TX,31.5252,-97.1419
Beverly Hills,TX,31.5216,-97.1539
Bevil Oaks,TX,30.1502,-94.2696
Big Lake,TX,31.1915,-101.4604
Big Sandy,TX,32.5838,-95.1088
Big Spring,TX,32.2504,-101.4787
Bishop,TX,27.5861,-97.7992
Blanco,TX,30.0980,-98.4214
Bloomington,TX,28.6478,-96.8925
Blossom,TX,33.6615,-95.3858
Blue Mound,TX,32.8565,-97.3389
Boerne,TX,29.7947,-98.7320
Bogata,TX,33.4707,-95.2138
Boling,TX,29.2644,-95.9438
Bolivar Peninsula,TX,29.4783,-94.5799
Bonham,TX,33.5773,-96.1783
Booker,TX,36.4534,-100.5374
Borger,TX,35.6678,-101.3974
Bovina,TX,34.5137,-102.8830
Bowie,TX,33.5590,-97.8487
Boyd,TX,33.0787,-97.5653
Brackettville,TX,29.3105,-100.4179
Brady,TX,31.1352,-99.3351
Brazoria,TX,29.0444,-95.5691
Breckenridge,TX,32.7557,-98.9023
Brenham,TX,30.1669,-96.3977
Briar,TX,32.9951,-97.5428
Briarcliff,TX,30.4074,-98.0445
Bridge City,TX,30.0208,-93.8457
Bridgeport,TX,33.2101,-97.7548
Brookshire,TX,29.7861,-95.9511
Brookside Village,TX,29.5869,-95.3252
Brownfield,TX,33.1812,-102.2743
Brownsboro,TX,32.3024,-95.6136
Brownsville,TX,25.9017,-97.4975
Brownwood,TX,31.7093,-98.9912
Bruceville-Eddy,TX,31.3052,-97.2517
Brushy Creek,TX,30.5135,-97.7397
Bryan,TX,30.6744,-96.3700
Buchanan Dam,TX,30.7399,-98.4311
Buda,TX,30.0852,-97.8403
Buffalo,TX,31.4638,-96.0580
Bullard,TX,32.1399,-95.3202
Bulverde,TX,29.7438,-98.4531
Buna,TX,30.4330,-93.9624
Burkburnett,TX,34.0979,-98.5706
Burleson,TX,32.5421,-97.3208
Burnet,TX,30.7582,-98.2284
Bushland,TX,35.1920,-102.0646
Cactus,TX,27.9069,-99.3939
Cactus,TX,36.0523,-102.0024
Caddo Mills,TX,33.0657,-96.2278
Caldwell,TX,30.5313,-96.6930
Calvert,TX,30.9780,-96.6739
Cameron,TX,30.8532,-96.9769
Cameron Park,TX,25.9645,-97.4767
Cameron Park Colonia,TX,25.9715,-97.4783
Camp Swift,TX,30.1908,-97.2922
Canadian,TX,35.9128,-100.3821
Canton,TX,32.5565,-95.8633
Canutillo,TX,31.9115,-106.6003
Canyon,TX,34.9803,-101.9188
Canyon Lake,TX,29.8752,-98.2625
Carrizo Springs,TX,28.5219,-99.8606
Carrollton,TX,32.9537,-96.8903
Carthage,TX,32.1574,-94.3374
Castroville,TX,29.3558,-98.8786
Cedar Hill,TX,32.5885,-96.9561
Cedar Park,TX,30.5052,-97.8203
Celina,TX,33.3246,-96.7844
Center,TX,31.5107,-96.4247
Center,TX,31.7954,-94.1791
Centerville,TX,31.2580,-95.9783
Central Gardens,TX,29.9955,-94.0141
Cesar Chavez,TX,26.3034,-98.1153
Chandler,TX,32.3079,-95.4800
Channelview,TX,29.7761,-95.1146
Channing,TX,35.6837,-102.3302
Charlotte,TX,28.8619,-98.7064
Chico,TX,33.2959,-97.7989
Childress,TX,34.4265,-100.2040
China,TX,30.0480,-94.3357
China Grove,TX,29.3889,-98.3489
Cibolo,TX,29.5616,-98.2270
Cienegas Terrace,TX,29.3675,-100.9437
Cinco Ranch,TX,29.7388,-95.7580
Circle D-KC Estates,TX,30.1610,-97.2347
Cisco,TX,32.3882,-98.9792
Citrus City,TX,26.3265,-98.3853
Clarendon,TX,34.9378,-100.8882
Clarksville,TX,33.6107,-95.0527
Claude,TX,35.1117,-101.3632
Clear Lake Shores,TX,29.5475,-95.0322
Cleburne,TX,32.3476,-97.3867
Cleveland,TX,30.3413,-95.0855
Clifton,TX,31.7824,-97.5767
Clint,TX,31.5923,-106.2241
Clute,TX,29.0247,-95.3988
Clyde,TX,32.4060,-99.4937
Coldspring,TX,30.5924,-95.1294
Coleman,TX,31.8274,-99.4265
College Station,TX,30.6280,-96.3344
Colleyville,TX,32.8810,-97.1550
Collinsville,TX,33.5615,-96.9111
Colorado City,TX,32.3882,-100.8646
Columbus,TX,29.7066,-96.5397
Comanche,TX,31.8974,-98.6037
Combes,TX,26.2487,-97.7339
Combine,TX,32.5885,-96.5086
Comfort,TX,29.9677,-98.9050
Commerce,TX,33.2471,-95.9000
Conroe,TX,30.3119,-95.4561
Converse,TX,29.5180,-98.3161
Cooper,TX,33.3734,-95.6883
Cooper,TX,31.2432,-95.5822
Coppell,TX,32.9546,-97.0150
Copper Canyon,TX,33.0960,-97.0967
Copperas Cove,TX,31.1241,-97.9031
Corinth,TX,33.1540,-97.0647
Corpus Christi,TX,27.8006,-97.3964
Corrigan,TX,30.9969,-94.8272
Corsicana,TX,32.0954,-96.4689
Cottonwood Shores,TX,30.5557,-98.3239
Cotulla,TX,28.4369,-99.2350
Crandall,TX,32.6279,-96.4558
Crane,TX,31.3974,-102.3501
Crockett,TX,31.3182,-95.4566
Crosby,TX,29.9119,-95.0622
Crosbyton,TX,33.6601,-101.2379
Cross Mountain,TX,29.6455,-98.6595
Crowell,TX,33.9840,-99.7248
Crowley,TX,32.5790,-97.3625
Crystal City,TX,28.6775,-99.8281
Cuero,TX,29.0939,-97.2892
Cut and Shoot,TX,30.3333,-95.3580
Cypress,TX,29.9691,-95.6972
Daingerfield,TX,33.0318,-94.7219
Dalhart,TX,36.0595,-102.5132
Dallas,TX,32.7831,-96.8067
Dalworthington Gardens,TX,32.7029,-97.1553
Danbury,TX,29.2283,-95.3449
Dayton,TX,30.0466,-94.8852
De Kalb,TX,33.5087,-94.6163
De Leon,TX,32.1110,-98.5359
DeCordova,TX,32.4299,-97.6950
DeSoto,TX,32.5899,-96.8569
Decatur,TX,33.2343,-97.5861
Deer Park,TX,29.7052,-95.1238
Del Rio,TX,29.3627,-100.8968
Denison,TX,33.7557,-96.5367
Denton,TX,33.2148,-97.1331
Denver City,TX,32.9646,-102.8291
Devine,TX,29.1400,-98.9053
Deweyville,TX,30.2977,-93.7435
Diboll,TX,31.1871,-94.7810
Dickens,TX,33.6217,-100.8365
Dickinson,TX,29.4608,-95.0513
Dilley,TX,28.6675,-99.1706
Dimmitt,TX,34.5509,-102.3119
Doffing,TX,26.2745,-98.3859
Donna,TX,26.1703,-98.0520
Doolittle,TX,26.3534,-98.1167
Double Oak,TX,33.0651,-97.1106
Dripping Springs,TX,30.1902,-98.0867
Dublin,TX,32.0851,-98.3420
Dumas,TX,35.8656,-101.9732
Duncanville,TX,32.6518,-96.9083
Eagle Lake,TX,29.5897,-96.3336
Eagle Mountain,TX,32.8935,-97.4445
Eagle Pass,TX,28.7091,-100.4995
Early,TX,31.7421,-98.9456
Earth,TX,34.2331,-102.4107
East Bernard,TX,29.5311,-96.0711
Eastland,TX,32.4015,-98.8176
Edcouch,TX,26.2940,-97.9606
Eden,TX,31.2163,-99.8456
Edgecliff Village,TX,32.6576,-97.3428
Edgewood,TX,32.6982,-95.8852
Edinburg,TX,26.3017,-98.1633
Edna,TX,28.9786,-96.6461
Eidson Road,TX,28.6772,-100.4870
El Campo,TX,29.1966,-96.2697
El Cenizo,TX,27.3522,-99.4925
El Lago,TX,29.5636,-95.0452
El Paso,TX,31.7587,-106.4869
Eldorado,TX,30.8602,-100.6009
Electra,TX,34.0293,-98.9190
Elgin,TX,30.3497,-97.3703
Elkhart,TX,31.6252,-95.5794
Elm Creek,TX,28.7744,-100.4917
Elmendorf,TX,29.2561,-98.3328
Elsa,TX,26.2934,-97.9931
Emory,TX,32.8746,-95.7655
Encantada-Ranchito-El Calaboz,TX,26.0334,-97.6331
Ennis,TX,32.3293,-96.6253
Escobares,TX,26.4106,-98.9625
Euless,TX,32.8371,-97.0820
Evadale,TX,30.3549,-94.0727
Everman,TX,32.6310,-97.2892
Fabens,TX,31.5023,-106.1586
Fair Oaks Ranch,TX,29.7458,-98.6434
Fairchilds,TX,29.4313,-95.7802
Fairfield,TX,31.7246,-96.1653
Fairview,TX,33.1579,-96.6317
Fairview,TX,33.0193,-97.5459
Falcon Lake Estates,TX,26.8728,-99.2553
Falfurrias,TX,27.2270,-98.1442
Fannett,TX,29.9261,-94.2507
Farmers Branch,TX,32.9265,-96.8961
Farmersville,TX,33.1634,-96.3600
Farwell,TX,34.3834,-103.0380
Fate,TX,32.9415,-96.3814
Ferris,TX,32.5340,-96.6655
Fifth Street,TX,29.5983,-95.5513
Flatonia,TX,29.6877,-97.1086
Florence,TX,30.8413,-97.7936
Floresville,TX,29.1336,-98.1561
Flower Mound,TX,33.0146,-97.0970
Floydada,TX,33.9845,-101.3377
Forest Hill,TX,32.6721,-97.2692
Forney,TX,32.7482,-96.4719
Fort Bliss,TX,31.8136,-106.4122
Fort Cavazos,TX,31.1349,-97.7756
Fort Clark Springs,TX,29.3061,-100.4220
Fort Davis,TX,30.5882,-103.8946
Fort Hancock,TX,31.2985,-105.8452
Fort Stockton,TX,30.8940,-102.8793
Fort Worth,TX,32.7254,-97.3208
Four Corners,TX,29.6686,-95.6577
Franklin,TX,31.0260,-96.4852
Frankston,TX,32.0527,-95.5063
Fredericksburg,TX,30.2752,-98.8720
Freeport,TX,28.9541,-95.3597
Freer,TX,27.8828,-98.6178
Fresno,TX,29.5389,-95.4474
Friendswood,TX,29.5294,-95.2010
Friona,TX,34.6417,-102.7241
Frisco,TX,33.1507,-96.8236
Fritch,TX,35.6398,-101.6032
Fulshear,TX,29.6900,-95.8997
Fulton,TX,28.0614,-97.0411
Gail,TX,32.7704,-101.4454
Gainesville,TX,33.6259,-97.1333
Galveston,TX,29.3013,-94.7977
Ganado,TX,29.0405,-96.5136
Garden City,TX,31.8640,-101.4812
Garden Ridge,TX,29.6347,-98.3053
Gardendale,TX,28.5169,-99.2161
Gardendale,TX,32.0204,-102.3802
Garfield,TX,30.1874,-97.5578
Garland,TX,32.9126,-96.6389
Gatesville,TX,31.4352,-97.7439
George West,TX,28.3325,-98.1175
Georgetown,TX,30.6327,-97.6772
Geronimo,TX,29.6630,-97.9669
Gholson,TX,31.7010,-97.2164
Giddings,TX,30.1827,-96.9364
Gilmer,TX,32.7287,-94.9424
Gladewater,TX,32.5365,-94.9427
Glen Rose,TX,32.2346,-97.7553
Glenn Heights,TX,32.5487,-96.8567
Godley,TX,32.4490,-97.5267
Goldthwaite,TX,31.4499,-98.5709
Goliad,TX,28.6683,-97.3883
Gonzales,TX,29.5016,-97.4525
Gorman,TX,32.2137,-98.6706
Graham,TX,33.1071,-98.5895
Granbury,TX,32.4421,-97.7942
Grand Prairie,TX,32.7460,-96.9978
Grand Saline,TX,32.6735,-95.7094
Grandview,TX,32.2704,-97.1792
Granger,TX,30.7177,-97.4428
Granite Shoals,TX,30.5891,-98.3839
Grape Creek,TX,31.5793,-100.5476
Grapeland,TX,31.4918,-95.4786
Grapevine,TX,32.9343,-97.0781
Greatwood,TX,29.5541,-95.6758
Green Valley Farms,TX,26.1220,-97.5605
Greenville,TX,33.1384,-96.1108
Gregory,TX,27.9222,-97.2900
Groesbeck,TX,31.5243,-96.5339
Groves,TX,29.9483,-93.9171
Groveton,TX,31.0549,-95.1258
Gruver,TX,36.2650,-101.4063
Gun Barrel City,TX,32.3346,-96.1514
Gunter,TX,33.4479,-96.7475
Gunter,TX,32.8687,-95.6297
Guthrie,TX,33.6206,-100.3229
Hackberry,TX,33.1523,-96.9178
Hale Center,TX,34.0642,-101.8438
Hallettsville,TX,29.4439,-96.9411
Hallsville,TX,32.5043,-94.5741
Haltom City,TX,32.7996,-97.2692
Hamilton,TX,31.7038,-98.1239
Hamlin,TX,32.8848,-100.1265
Harker Heights,TX,31.0835,-97.6597
Harlingen,TX,26.1906,-97.6961
Harper,TX,30.2999,-99.2442
Hart,TX,34.3851,-102.1157
Haskell,TX,33.1576,-99.7337
Haslet,TX,32.9749,-97.3478
Hawkins,TX,32.5885,-95.2041
Hearne,TX,30.8785,-96.5930
Heath,TX,32.8365,-96.4750
Hebbronville,TX,27.3069,-98.6803
Heidelberg,TX,26.1970,-97.8803
Helotes,TX,29.5780,-98.6898
Hemphill,TX,31.3407,-93.8469
Hempstead,TX,30.0974,-96.0783
Henderson,TX,32.1532,-94.7994
Henrietta,TX,33.8173,-98.1953
Hereford,TX,34.8152,-102.3993
Hewitt,TX,31.4624,-97.1958
Hickory Creek,TX,31.3788,-95.3213
Hickory Creek,TX,33.1223,-97.0431
Hico,TX,31.9829,-98.0336
Hidalgo,TX,26.1003,-98.2631
Hideaway,TX,32.4904,-95.4575
Highland Village,TX,33.0918,-97.0467
Highlands,TX,29.8188,-95.0560
Hillsboro,TX,32.0110,-97.1300
Hilltop Lakes,TX,31.0794,-96.2039
Hitchcock,TX,29.3483,-95.0160
Holiday Lakes,TX,29.2097,-95.5169
Holland,TX,30.8782,-97.4017
Holliday,TX,33.8162,-98.6951
Holly Lake Ranch,TX,32.7134,-95.1976
Homestead Meadows North,TX,31.8496,-106.1728
Homestead Meadows South,TX,31.8110,-106.1643
Hondo,TX,29.3475,-99.1414
Honey Grove,TX,33.5834,-95.9100
Hooks,TX,33.4662,-94.2885
Horizon City,TX,31.6926,-106.2075
Hornsby Bend,TX,30.2474,-97.5833
Horseshoe Bay,TX,30.5443,-98.3739
Houston,TX,29.7633,-95.3633
Howe,TX,33.5087,-96.6122
Hubbard,TX,31.8485,-96.7972
Hudson,TX,31.3227,-94.7783
Hudson,TX,29.9025,-95.5024
Hudson Bend,TX,30.4171,-97.9292
Hudson Oaks,TX,32.7571,-97.7067
Hughes Springs,TX,32.9985,-94.6308
Humble,TX,29.9988,-95.2622
Huntington,TX,31.2777,-94.5766
Huntsville,TX,30.7235,-95.5508
Hurst,TX,32.8235,-97.1706
Hutchins,TX,32.6493,-96.7130
Hutto,TX,30.5427,-97.5467
Idalou,TX,33.6665,-101.6829
Indian Hills,TX,26.2128,-97.9164
Inez,TX,28.9039,-96.7880
Ingleside,TX,27.8778,-97.2117
Ingram,TX,30.0774,-99.2403
Iowa Colony,TX,29.4825,-95.4155
Iowa Park,TX,33.9515,-98.6687
Iraan,TX,30.9140,-101.8979
Irving,TX,32.8140,-96.9489
Italy,TX,32.1840,-96.8847
Itasca,TX,32.1596,-97.1500
Jacksboro,TX,33.2184,-98.1587
Jacksonville,TX,31.9638,-95.2705
Jamaica Beach,TX,29.1897,-94.9797
Jarrell,TX,30.8249,-97.6044
Jasper,TX,30.9202,-93.9966
Jayton,TX,33.2482,-100.5737
Jefferson,TX,32.7574,-94.3452
Jersey Village,TX,29.8877,-95.5630
Jewett,TX,31.3616,-96.1441
Johnson City,TX,30.2769,-98.4120
Jones Creek,TX,28.9686,-95.4552
Jonestown,TX,30.4955,-97.9233
Josephine,TX,33.0612,-96.3072
Joshua,TX,32.4615,-97.3881
Jourdanton,TX,28.9180,-98.5464
Junction,TX,30.4894,-99.7720
Justin,TX,33.0848,-97.2961
Karnes City,TX,28.8850,-97.9008
Katy,TX,29.7858,-95.8244
Kaufman,TX,32.5890,-96.3089
Keene,TX,32.3968,-97.3239
Keller,TX,32.9346,-97.2517
Kemah,TX,29.5427,-95.0205
Kemp,TX,32.4426,-96.2300
Kempner,TX,31.0810,-98.0025
Kenedy,TX,28.8192,-97.8486
Kennedale,TX,32.6468,-97.2258
Kerens,TX,32.1332,-96.2278
Kermit,TX,31.8576,-103.0927
Kerrville,TX,30.0474,-99.1403
Kilgore,TX,32.3863,-94.8758
Killeen,TX,31.1171,-97.7278
Kingsland,TX,30.6582,-98.4406
Kingsville,TX,27.5159,-97.8561
Kirbyville,TX,30.6605,-93.8927
Knox City,TX,33.4181,-99.8190
Kountze,TX,30.3716,-94.3124
Krugerville,TX,33.2815,-96.9906
Krum,TX,33.2615,-97.2381
Kyle,TX,29.9891,-97.8772
La Blanca,TX,26.2929,-98.0378
La Coste,TX,29.3108,-98.8100
La Feria,TX,26.1590,-97.8239
La Grange,TX,29.9055,-96.8766
La Grulla,TX,26.2695,-98.6472
La Homa,TX,26.2501,-98.3636
La Joya,TX,26.2470,-98.4814
La Marque,TX,29.3686,-94.9713
La Paloma,TX,26.0459,-97.6675
La Porte,TX,29.6658,-95.0194
La Pryor,TX,28.9411,-99.8498
La Vernia,TX,29.3563,-98.1156
La Villa,TX,26.2987,-97.9286
Lacy-Lakeview,TX,31.6293,-97.1028
Lago Vista,TX,30.4602,-97.9883
Laguna Heights,TX,26.0801,-97.2539
Laguna Park,TX,31.8593,-97.3797
Laguna Vista,TX,26.1009,-97.2903
Lake Brownwood,TX,31.8240,-99.0990
Lake Dallas,TX,33.1193,-97.0256
Lake Dunlap,TX,29.6758,-98.0722
Lake Jackson,TX,29.0339,-95.4344
Lake Kiowa,TX,33.5770,-97.0131
Lake Worth,TX,32.8049,-97.4450
Lakehills,TX,29.6047,-98.9431
Lakeside,TX,32.8224,-97.4934
Lakeway,TX,30.3638,-97.9796
Lamesa,TX,32.7376,-101.9510
Lampasas,TX,31.0638,-98.1817
Lancaster,TX,32.5921,-96.7561
Lantana,TX,33.0907,-97.1242
Laredo,TX,27.5064,-99.5075
Las Lomas,TX,26.3648,-98.7753
Las Palmas II,TX,26.2017,-97.7376
Las Quintas Fronterizas,TX,28.6905,-100.4687
Las Quintas Fronterizas Colonia,TX,28.6914,-100.4692
Lasara,TX,26.4648,-97.9111
Laughlin Air Force Base,TX,29.3566,-100.7835
Laureles,TX,26.1092,-97.4942
Lavon,TX,33.0276,-96.4342
League City,TX,29.5074,-95.0949
Leakey,TX,29.7288,-99.7614
Leander,TX,30.5788,-97.8531
Leonard,TX,33.3796,-96.2475
Levelland,TX,33.5873,-102.3780
Lewisville,TX,33.0462,-96.9942
Lexington,TX,30.4191,-97.0117
Liberty,TX,30.0580,-94.7955
Liberty City,TX,32.4454,-94.9485
Liberty Hill,TX,30.6649,-97.9225
Lindale,TX,32.5157,-95.4094
Linden,TX,33.0123,-94.3655
Lindsay,TX,33.6359,-97.2228
Little Elm,TX,33.1626,-96.9375
Little River-Academy,TX,30.9863,-97.3586
Littlefield,TX,33.9173,-102.3249
Live Oak,TX,29.5652,-98.3364
Livingston,TX,30.7110,-94.9330
Llano,TX,30.7594,-98.6750
Llano Grande,TX,26.1298,-97.9681
Lockhart,TX,29.8849,-97.6700
Lockney,TX,34.1245,-101.4416
Lone Star,TX,33.7857,-95.3877
Lone Star,TX,32.9440,-94.7071
Longview,TX,32.5007,-94.7405
Lopezville,TX,26.2381,-98.1597
Lorena,TX,31.3866,-97.2156
Lorenzo,TX,33.6706,-101.5352
Los Fresnos,TX,26.0717,-97.4764
Los Indios,TX,26.0492,-97.7450
Lost Creek,TX,30.2955,-97.8444
Lowry Crossing,TX,33.1548,-96.5472
Lubbock,TX,33.5779,-101.8552
Lucas,TX,33.0843,-96.5767
Lufkin,TX,31.3382,-94.7291
Luling,TX,29.6805,-97.6475
Lumberton,TX,30.2658,-94.1996
Lyford,TX,26.4123,-97.7897
Lytle,TX,29.2333,-98.7964
Mabank,TX,32.3665,-96.1008
Madisonville,TX,30.9499,-95.9116
Magnolia,TX,30.2094,-95.7508
Malakoff,TX,32.1696,-96.0125
Manchaca,TX,30.1408,-97.8331
Manor,TX,30.3408,-97.5570
Mansfield,TX,32.5632,-97.1417
Manvel,TX,29.4627,-95.3580
Marble Falls,TX,30.5784,-98.2751
Marfa,TX,30.3097,-104.0213
Marion,TX,29.5713,-98.1403
Markham,TX,28.9603,-96.0652
Marlin,TX,31.3063,-96.8980
Marshall,TX,32.5449,-94.3674
Mart,TX,31.5424,-96.8336
Martindale,TX,29.8455,-97.8408
Mason,TX,30.7488,-99.2306
Matador,TX,34.0120,-100.8221
Mathis,TX,28.0945,-97.8281
Maud,TX,33.3329,-94.3427
Mauriceville,TX,30.2035,-93.8663
McAllen,TX,26.2034,-98.2300
McCamey,TX,31.1360,-102.2243
McGregor,TX,31.4441,-97.4092
McKinney,TX,33.1976,-96.6153
McLendon-Chisholm,TX,32.8424,-96.3805
McQueeney,TX,29.5922,-98.0333
Meadowlakes,TX,30.5624,-98.2987
Meadows Place,TX,29.6513,-95.5880
Medina,TX,29.7966,-99.2464
Medina,TX,26.9212,-99.2595
Melissa,TX,33.2859,-96.5728
Memphis,TX,34.7248,-100.5340
Menard,TX,30.9177,-99.7865
Mentone,TX,31.7051,-103.5994
Mercedes,TX,26.1498,-97.9136
Meridian,TX,31.9232,-97.6567
Merkel,TX,32.4707,-100.0129
Mertzon,TX,31.2618,-100.8173
Mesquite,TX,32.7668,-96.5992
Mexia,TX,31.6799,-96.4822
Miami,TX,35.6914,-100.6382
Midland,TX,31.9974,-102.0779
Midlothian,TX,32.4824,-96.9945
Midway North,TX,26.1878,-98.0171
Midway South,TX,26.1569,-98.0201
Mila Doce,TX,26.2262,-97.9589
Milam,TX,31.4324,-93.8457
Mineola,TX,32.6632,-95.4883
Mineral Wells,TX,32.8085,-98.1128
Mission,TX,26.2159,-98.3253
Mission Bend,TX,29.6938,-95.6650
Missouri City,TX,29.6186,-95.5377
Monahans,TX,31.5943,-102.8927
Mont Belvieu,TX,29.8477,-94.8908
Montague,TX,33.6648,-97.7206
Monte Alto,TX,26.3731,-97.9717
Moody,TX,31.3082,-97.3614
Morgans Point Resort,TX,31.1482,-97.4633
Morton,TX,33.7251,-102.7594
Mount Pleasant,TX,33.1568,-94.9683
Mount Vernon,TX,33.1887,-95.2213
Muenster,TX,33.6518,-97.3764
Muleshoe,TX,34.2265,-102.7238
Munday,TX,33.4493,-99.6229
Muniz,TX,26.2565,-98.0894
Murillo Colonia,TX,26.2565,-98.1133
Murphy,TX,33.0151,-96.6131
Nacogdoches,TX,31.6035,-94.6555
Naples,TX,33.2032,-94.6802
Nash,TX,33.4423,-94.1308
Nash,TX,32.2657,-96.8128
Nassau Bay,TX,29.5447,-95.0910
Natalia,TX,29.1897,-98.8625
Navasota,TX,30.3880,-96.0877
Nederland,TX,29.9744,-93.9924
Needville,TX,29.3994,-95.8377
Nevada,TX,33.0423,-96.3739
New Boston,TX,33.4598,-94.4155
New Braunfels,TX,29.7030,-98.1244
New Caney,TX,30.1552,-95.2113
New Fairview,TX,33.0992,-97.4464
New Summerfield,TX,31.9807,-95.0938
New Territory,TX,29.5941,-95.6808
New Waverly,TX,30.5377,-95.4833
Newark,TX,33.0012,-97.4845
Newton,TX,30.8485,-93.7574
Nixon,TX,29.2675,-97.7644
Nocona,TX,33.7868,-97.7259
Nolanville,TX,31.0788,-97.6056
North Alamo,TX,26.2173,-98.1289
North Richland Hills,TX,32.8343,-97.2289
Northcrest,TX,31.6365,-97.0997
Northlake,TX,33.1273,-97.2656
Nurillo,TX,26.2670,-98.1214
Oak Cliff Place,TX,29.9271,-95.6267
Oak Leaf,TX,32.5204,-96.8547
Oak Point,TX,33.1901,-96.9917
Oak Ridge North,TX,30.1602,-95.4444
Oak Trail Shores,TX,32.4888,-97.8342
Odem,TX,27.9506,-97.5822
Odessa,TX,31.8457,-102.3676
Old River-Winfree,TX,29.8683,-94.8327
Olivarez,TX,26.2284,-97.9922
Olmito,TX,26.0217,-97.5341
Olney,TX,33.3707,-98.7528
Olton,TX,34.1834,-102.1346
Onalaska,TX,30.8057,-95.1163
Orange,TX,30.0930,-93.7365
Orange Grove,TX,27.9567,-97.9369
Ore City,TX,32.8001,-94.7208
Overton,TX,32.2746,-94.9785
Ovilla,TX,32.5265,-96.8864
Oyster Creek,TX,29.0030,-95.3319
Ozona,TX,30.7102,-101.2007
Paducah,TX,34.0123,-100.3021
Paint Rock,TX,31.5085,-99.9201
Palacios,TX,28.7081,-96.2175
Palestine,TX,31.7621,-95.6308
Palm Valley,TX,26.2017,-97.7542
Palmer,TX,32.4312,-96.6678
Palmhurst,TX,26.2584,-98.3181
Palmview,TX,26.2334,-98.3709
Palmview South,TX,26.2156,-98.3786
Palo Pinto,TX,32.7674,-98.2987
Paloma Creek,TX,33.2253,-96.9374
Paloma Creek South,TX,33.2114,-96.9355
Pampa,TX,35.5362,-100.9599
Panhandle,TX,35.3456,-101.3804
Panorama Village,TX,30.3810,-95.4935
Pantego,TX,32.7143,-97.1564
Paris,TX,33.6609,-95.5555
Parker,TX,33.0554,-96.6219
Pasadena,TX,29.6911,-95.2091
Patton Village,TX,30.1930,-95.1688
Pearland,TX,29.5636,-95.2861
Pearsall,TX,28.8922,-99.0950
Pecan Acres,TX,32.9701,-97.4747
Pecan Grove,TX,29.6261,-95.7316
Pecan Plantation,TX,32.3604,-97.6756
Pecos,TX,31.4229,-103.4932
Pelican Bay,TX,32.9210,-97.5184
Penitas,TX,26.2306,-98.4447
Perezville,TX,26.2245,-98.4006
Perryton,TX,36.4000,-100.8026
Petersburg,TX,33.8695,-101.5974
Pflugerville,TX,30.4394,-97.6200
Pharr,TX,26.1948,-98.1836
Pilot Point,TX,33.3965,-96.9606
Pine Island,TX,30.0580,-96.0375
Pinehurst,TX,30.1711,-95.6825
Pinehurst,TX,30.1072,-93.7746
Pinewood Estates,TX,30.1644,-94.3216
Pittsburg,TX,32.9954,-94.9658
Plains,TX,33.1887,-102.8280
Plainview,TX,34.1848,-101.7068
Plano,TX,33.0198,-96.6989
Pleak,TX,29.4891,-95.8077
Pleasanton,TX,28.9672,-98.4786
Plum Grove,TX,32.1957,-96.9895
Ponder,TX,33.1829,-97.2872
Port Aransas,TX,27.8339,-97.0611
Port Arthur,TX,29.8852,-93.9423
Port Isabel,TX,26.0734,-97.2086
Port Lavaca,TX,28.6150,-96.6261
Port Neches,TX,29.9913,-93.9585
Port O'Connor,TX,28.4483,-96.4058
Porter Heights,TX,30.1519,-95.3219
Portland,TX,27.8773,-97.3239
Post,TX,33.1912,-101.3790
Poteet,TX,29.0405,-98.5681
Poth,TX,29.0697,-98.0820
Potosi,TX,32.3293,-99.6565
Pottsboro,TX,33.7593,-96.6694
Powderly,TX,33.8112,-95.5244
Prairie View,TX,30.0933,-95.9877
Premont,TX,27.3606,-98.1236
Presidio,TX,29.5607,-104.3722
Preston,TX,33.8823,-96.6330
Primera,TX,26.2259,-97.7580
Princeton,TX,33.1801,-96.4980
Progreso,TX,26.0923,-97.9572
Prosper,TX,33.2362,-96.8011
Providence Village,TX,33.2334,-96.9616
Quail Creek,TX,28.7764,-97.0823
Quanah,TX,34.2978,-99.7404
Queen City,TX,33.1487,-94.1502
Quinlan,TX,32.9104,-96.1355
Quitman,TX,32.7960,-95.4511
Ralls,TX,33.6743,-101.3877
Rancho Alegre,TX,27.7417,-98.0947
Rancho Viejo,TX,26.0395,-97.5564
Ranger,TX,32.4699,-98.6790
Rankin,TX,31.2227,-101.9379
Ransom Canyon,TX,33.5334,-101.6796
Raymondville,TX,26.4815,-97.7831
Red Lick,TX,33.4648,-94.1710
Red Oak,TX,32.5176,-96.8044
Redland,TX,31.4044,-94.7213
Redwater,TX,33.3582,-94.2544
Redwood,TX,29.8102,-97.9114
Refugio,TX,28.3053,-97.2753
Rendon,TX,32.5763,-97.2414
Reno,TX,33.6632,-95.4625
Reno,TX,32.9443,-97.5773
Rhome,TX,33.0535,-97.4720
Ricardo,TX,27.4214,-97.8511
Richardson,TX,32.9482,-96.7297
Richland Hills,TX,32.8160,-97.2281
Richmond,TX,29.5822,-95.7608
Richwood,TX,29.0561,-95.4099
Riesel,TX,31.4749,-96.9233
Rio Bravo,TX,27.3642,-99.4800
Rio Grande City,TX,26.3798,-98.8203
Rio Hondo,TX,26.2354,-97.5819
River Oaks,TX,32.7771,-97.3945
Roanoke,TX,33.0040,-97.2258
Robert Lee,TX,31.8924,-100.4848
Robinson,TX,31.4677,-97.1147
Robstown,TX,27.7903,-97.6689
Roby,TX,32.7448,-100.3776
Rockdale,TX,30.6555,-97.0014
Rockport,TX,28.0208,-97.0560
Rocksprings,TX,30.0158,-100.2054
Rockwall,TX,32.9312,-96.4597
Rogers,TX,30.9316,-97.2267
Rollingwood,TX,30.2769,-97.7911
Roma,TX,26.4053,-99.0158
Roma-Los Saenz,TX,26.4051,-99.0159
Roman Forest,TX,30.1791,-95.1624
Roscoe,TX,32.4460,-100.5387
Rosebud,TX,31.0730,-96.9786
Rosenberg,TX,29.5572,-95.8086
Rosharon,TX,29.3522,-95.4602
Rosita North,TX,28.6564,-100.4222
Rosita South,TX,28.6238,-100.4284
Rotan,TX,32.8520,-100.4657
Round Rock,TX,30.5083,-97.6789
Rowlett,TX,32.9029,-96.5639
Royse City,TX,32.9751,-96.3325
Runaway Bay,TX,33.1679,-97.8784
Runge,TX,28.8833,-97.7130
Rusk,TX,31.7960,-95.1502
Sabinal,TX,29.3175,-99.4664
Sachse,TX,32.9762,-96.5953
Saginaw,TX,32.8601,-97.3639
Saint Hedwig,TX,29.4144,-98.2000
Saint Jo,TX,33.6948,-97.5225
Saint Paul,TX,33.0412,-96.5503
Salado,TX,30.9471,-97.5386
Sam Rayburn,TX,31.0641,-94.0357
San Angelo,TX,31.4638,-100.4370
San Antonio,TX,29.4241,-98.4936
San Augustine,TX,31.5299,-94.1060
San Benito,TX,26.1326,-97.6311
San Carlos,TX,26.2956,-98.0720
San Diego,TX,27.7639,-98.2389
San Elizario,TX,31.5851,-106.2728
San Juan,TX,26.1892,-98.1553
San Leon,TX,29.4833,-94.9222
San Marcos,TX,29.8833,-97.9414
San Saba,TX,31.1957,-98.7181
Sanderson,TX,30.1424,-102.3940
Sanger,TX,33.3632,-97.1739
Sansom Park,TX,32.8060,-97.4031
Santa Anna,TX,31.7421,-99.3217
Santa Fe,TX,29.3780,-95.1058
Santa Rosa,TX,26.2567,-97.8250
Sarita,TX,27.2217,-97.7892
Savannah,TX,33.2260,-96.9079
Scenic Oaks,TX,29.7108,-98.6759
Schertz,TX,29.5522,-98.2697
Schulenburg,TX,29.6819,-96.9030
Scissors,TX,26.1398,-98.0539
Seabrook,TX,29.5641,-95.0255
Seadrift,TX,28.4153,-96.7136
Seagoville,TX,32.6396,-96.5383
Seagraves,TX,32.9443,-102.5649
Sealy,TX,29.7808,-96.1572
Sebastian,TX,26.3428,-97.7903
Seguin,TX,29.5688,-97.9647
Selma,TX,29.5844,-98.3059
Seminole,TX,32.7190,-102.6449
Serenada,TX,30.6994,-97.6920
Seth Ward,TX,34.2117,-101.6902
Seven Points,TX,32.3204,-96.2130
Seymour,TX,33.5943,-99.2604
Shady Hollow,TX,30.1649,-97.8622
Shady Shores,TX,33.1651,-97.0294
Shallowater,TX,33.6890,-101.9982
Shamrock,TX,32.5993,-96.8875
Shamrock,TX,35.2142,-100.2490
Sheldon,TX,29.8680,-95.1283
Shenandoah,TX,30.1802,-95.4558
Shepherd,TX,30.4980,-94.9966
Sherman,TX,33.6357,-96.6089
Sherwood Shores,TX,33.8523,-96.8178
Shiner,TX,29.4291,-97.1705
Shoreacres,TX,29.6202,-95.0099
Sienna Plantation,TX,29.4861,-95.5080
Sierra Blanca,TX,31.1746,-105.3572
Siesta Acres,TX,28.7580,-100.4902
Siesta Shores,TX,26.8581,-99.2536
Silsbee,TX,30.3491,-94.1780
Silverton,TX,34.4742,-101.3046
Sinton,TX,28.0367,-97.5092
Slaton,TX,33.4373,-101.6435
Smithville,TX,30.0085,-97.1594
Snyder,TX,32.7179,-100.9176
Socorro,TX,31.6546,-106.3033
Socorro Mission Number 1 Colonia,TX,31.6362,-106.2905
Somerset,TX,29.2264,-98.6578
Somerville,TX,30.3460,-96.5283
Sonora,TX,30.5668,-100.6434
Sour Lake,TX,30.1402,-94.4110
South Alamo,TX,26.1570,-98.1086
South Houston,TX,29.6630,-95.2355
South Padre Island,TX,26.1037,-97.1647
South Point,TX,25.8687,-97.3836
Southlake,TX,32.9412,-97.1342
Southmayd,TX,33.6304,-96.7692
Sparks,TX,30.9285,-97.3597
Sparks,TX,31.6726,-106.2397
Spearman,TX,36.1984,-101.1924
Splendora,TX,30.2330,-95.1610
Spring,TX,30.0799,-95.4172
Springtown,TX,32.9660,-97.6836
Spur,TX,33.4765,-100.8557
Stafford,TX,29.6161,-95.5577
Stamford,TX,32.9454,-99.8029
Stanton,TX,32.1293,-101.7885
Stephenville,TX,32.2207,-98.2023
Sterling City,TX,31.8362,-100.9848
Stinnett,TX,35.8270,-101.4429
Stockdale,TX,29.2369,-97.9600
Stowell,TX,29.7899,-94.3832
Stratford,TX,36.3361,-102.0721
Sugar Land,TX,29.6197,-95.6350
Sullivan City,TX,26.2776,-98.5636
Sulphur Springs,TX,33.1384,-95.6011
Sundown,TX,33.4562,-102.4894
Sunnyvale,TX,32.7965,-96.5608
Sunray,TX,36.0167,-101.8246
Sweeny,TX,29.0389,-95.6986
Sweetwater,TX,32.4710,-100.4059
Taft,TX,27.9789,-97.3986
Taft Southwest (historical),TX,27.9739,-97.4030
Tahoka,TX,33.1668,-101.7938
Talty,TX,32.6832,-96.3855
Tatum,TX,32.3160,-94.5166
Taylor,TX,30.5708,-97.4094
Taylor Lake Village,TX,29.5752,-95.0502
Teague,TX,31.6271,-96.2839
Temple,TX,31.0982,-97.3428
Tenaha,TX,31.9438,-94.2441
Terrell,TX,32.7360,-96.2753
Texarkana,TX,33.4251,-94.0477
Texas City,TX,29.3838,-94.9027
The Colony,TX,33.0890,-96.8864
The Hills,TX,30.3480,-97.9850
The Trails of Frisco,TX,33.1609,-96.8718
The Woodlands,TX,30.1580,-95.4894
Thorndale,TX,30.6138,-97.2056
Three Rivers,TX,28.4603,-98.1825
Throckmorton,TX,33.1787,-99.1776
Tiki Island,TX,29.2971,-94.9171
Tilden,TX,28.4619,-98.5492
Timberwood Park,TX,29.6944,-98.4974
Timpson,TX,31.9038,-94.3952
Tom Bean,TX,33.5201,-96.4839
Tomball,TX,30.0972,-95.6161
Tool,TX,32.2679,-96.1702
Tornillo,TX,31.4454,-106.0883
Travis Ranch,TX,32.8036,-96.4735
Trinity,TX,30.9452,-95.3755
Trophy Club,TX,32.9979,-97.1836
Troup,TX,32.1446,-95.1205
Troy,TX,31.2068,-97.3028
Tulia,TX,34.5359,-101.7585
Tye,TX,32.4576,-99.8715
Tyler,TX,32.3513,-95.3011
Uhland,TX,29.9577,-97.7861
Universal City,TX,29.5480,-98.2911
Uvalde,TX,29.2097,-99.7862
Uvalde Estates,TX,29.1652,-99.8323
Val Verde Park,TX,29.3749,-100.8318
Valley Mills,TX,31.6593,-97.4722
Van,TX,32.5249,-95.6372
Van Alstyne,TX,33.4215,-96.5772
Van Horn,TX,31.0403,-104.8307
Van Vleck,TX,29.0177,-95.8894
Vega,TX,35.2428,-102.4283
Venus,TX,32.4335,-97.1025
Vernon,TX,34.1554,-99.2663
Victoria,TX,28.8053,-97.0036
Vidor,TX,30.1316,-94.0155
Vinton,TX,31.9512,-106.6025
Von Ormy,TX,29.2891,-98.6445
Waco,TX,31.5493,-97.1467
Wake Village,TX,33.4268,-94.1063
Waller,TX,30.0566,-95.9269
Wallis,TX,29.6314,-96.0652
Waskom,TX,32.4788,-94.0596
Watauga,TX,32.8579,-97.2547
Waxahachie,TX,32.3865,-96.8483
Weatherford,TX,32.7593,-97.7973
Webster,TX,29.5377,-95.1183
Weimar,TX,29.7030,-96.7805
Wellington,TX,34.8562,-100.2137
Wells Branch,TX,30.4460,-97.6795
Weslaco,TX,26.1595,-97.9908
West,TX,31.8024,-97.0917
West Columbia,TX,29.1439,-95.6452
West Lake Hills,TX,30.2980,-97.8020
West Livingston,TX,30.6983,-95.0019
West Odessa,TX,31.8423,-102.4988
West Orange,TX,30.0821,-93.7582
West Sharyland,TX,26.2726,-98.3286
West Tawakoni,TX,32.8937,-96.0294
Western Lake,TX,32.6234,-97.8115
Westlake,TX,32.9912,-97.1950
Weston Lakes,TX,29.6832,-95.9357
Westway,TX,31.9587,-106.5781
Westworth,TX,32.7574,-97.4108
Wharton,TX,29.3116,-96.1027
Wheeler,TX,35.4453,-100.2710
White Oak,TX,32.5279,-94.8613
White Settlement,TX,32.7596,-97.4583
Whitehouse,TX,32.2268,-95.2255
Whitesboro,TX,33.6562,-96.9069
Whitewright,TX,33.5129,-96.3925
Whitney,TX,31.9518,-97.3214
Wichita Falls,TX,33.9137,-98.4934
Wild Peach Village,TX,29.0836,-95.6338
Wildwood,TX,30.5241,-94.4416
Willis,TX,30.4249,-95.4799
Willow Park,TX,32.7626,-97.6506
Wills Point,TX,32.7093,-96.0083
Wilmer,TX,32.5890,-96.6853
Wimberley,TX,29.9974,-98.0986
Windcrest,TX,29.5155,-98.3803
Windemere,TX,30.4589,-97.6607
Wink,TX,31.7512,-103.1599
Winnie,TX,29.8202,-94.3841
Winnsboro,TX,32.9573,-95.2902
Winters,TX,31.9565,-99.9623
Wolfe City,TX,33.3707,-96.0689
Wolfforth,TX,33.5059,-102.0091
Woodbranch,TX,30.1810,-95.1888
Woodcreek,TX,30.0283,-98.1111
Woodsboro,TX,28.2383,-97.3200
Woodville,TX,30.7752,-94.4155
Woodway,TX,31.5060,-97.2050
Wortham,TX,31.7879,-96.4625
Wyldwood,TX,30.1294,-97.4728
Wylie,TX,33.0151,-96.5389
Yoakum,TX,29.2877,-97.1519
Yorktown,TX,28.9811,-97.5028
Zapata,TX,26.9073,-99.2714
Alpine,UT,40.4533,-111.7780
American Fork,UT,40.3769,-111.7958
Aurora,UT,38.9222,-111.9341
Ballard,UT,40.2894,-109.9432
Beaver,UT,38.2769,-112.6411
Benjamin,UT,40.0983,-111.7313
Benson,UT,41.7874,-111.9302
Blanding,UT,37.6243,-109.4797
Bluffdale,UT,40.4897,-111.9388
Bountiful,UT,40.8894,-111.8808
Brigham City,UT,41.5102,-112.0155
Canyon Rim,UT,40.7066,-111.8219
Carbonville,UT,39.6200,-110.8343
Castle Dale,UT,39.2122,-111.0196
Cedar City,UT,37.6775,-113.0619
Cedar Hills,UT,40.4141,-111.7585
Centerfield,UT,39.1252,-111.8191
Centerfield,UT,40.6913,-111.8980
Centerville,UT,40.9180,-111.8722
Clearfield,UT,41.1108,-112.0260
Clinton,UT,41.1397,-112.0505
Coalville,UT,40.9177,-111.3994
Cottonwood Heights,UT,40.6197,-111.8102
Daniel,UT,40.4708,-111.4146
Delta,UT,39.3522,-112.5772
Draper,UT,40.5247,-111.8638
Duchesne,UT,40.1633,-110.4029
Eagle Mountain,UT,40.3141,-112.0069
East Carbon City,UT,39.5477,-110.4149
East Millcreek,UT,40.7000,-111.8105
Elk Ridge,UT,40.0113,-111.6769
Elwood,UT,41.6905,-112.1411
Enoch,UT,37.7733,-113.0244
Enterprise,UT,37.5736,-113.7191
Ephraim,UT,39.3597,-111.5863
Erda,UT,40.6127,-112.3044
Fairview,UT,39.6264,-111.4396
Farmington,UT,40.9805,-111.8874
Farr West,UT,41.2972,-112.0277
Ferron,UT,39.0936,-111.1332
Fillmore,UT,38.9689,-112.3235
Fountain Green,UT,39.6300,-111.6352
Francis,UT,40.6105,-111.2807
Fruit Heights,UT,41.0322,-111.9022
Garland,UT,41.7410,-112.1616
Genola,UT,39.9963,-111.8433
Granite,UT,40.5730,-111.8060
Grantsville,UT,40.5999,-112.4644
Gunnison,UT,39.1552,-111.8183
Harrisville,UT,41.2813,-111.9883
Heber City,UT,40.5069,-111.4132
Helper,UT,39.6841,-110.8546
Herriman,UT,40.5141,-112.0330
Highland,UT,40.4255,-111.7945
Hildale,UT,37.0036,-112.9669
Hill Air Force Base,UT,41.1112,-111.9771
Holladay,UT,40.6688,-111.8247
Honeyville,UT,41.6385,-112.0794
Hooper,UT,41.1638,-112.1224
Huntington,UT,39.3266,-110.9646
Hurricane,UT,37.1753,-113.2900
Hyde Park,UT,41.7988,-111.8191
Hyrum,UT,41.6341,-111.8522
Ivins,UT,37.1686,-113.6794
Junction,UT,38.2375,-112.2199
Kamas,UT,40.6430,-111.2807
Kanab,UT,37.0475,-112.5263
Kaysville,UT,41.0352,-111.9386
Kearns,UT,40.6600,-111.9963
LaVerkin,UT,37.2011,-113.2697
Layton,UT,41.0602,-111.9711
Lehi,UT,40.3916,-111.8508
Lewiston,UT,41.9758,-111.8563
Liberty,UT,41.3336,-111.8636
Lindon,UT,40.3433,-111.7208
Little Cottonwood Creek Valley,UT,40.6044,-111.8294
Loa,UT,38.4028,-111.6430
Logan,UT,41.7355,-111.8344
Maeser,UT,40.4772,-109.5868
Magna,UT,40.7091,-112.1016
Manila,UT,40.9880,-109.7227
Manti,UT,39.2683,-111.6369
Mapleton,UT,40.1302,-111.5785
Marriott-Slaterville,UT,41.2516,-112.0255
Mendon,UT,41.7099,-111.9777
Midvale,UT,40.6111,-111.8999
Midway,UT,40.5122,-111.4744
Milford,UT,38.3969,-113.0108
Millcreek,UT,40.6869,-111.8755
Millville,UT,41.6816,-111.8230
Moab,UT,38.5733,-109.5498
Mona,UT,39.8161,-111.8555
Monroe,UT,38.6300,-112.1208
Monticello,UT,37.8714,-109.3429
Morgan,UT,41.0361,-111.6769
Moroni,UT,39.5250,-111.5905
Mount Olympus,UT,40.6855,-111.7885
Mount Pleasant,UT,39.5469,-111.4555
Mountain Green,UT,41.1430,-111.7916
Murray,UT,40.6669,-111.8880
Naples,UT,40.4269,-109.4993
Nephi,UT,39.7102,-111.8363
Nibley,UT,41.6744,-111.8330
North Logan,UT,41.7694,-111.8047
North Ogden,UT,41.3072,-111.9602
North Salt Lake,UT,40.8486,-111.9069
Oakley,UT,40.7147,-111.3007
Ogden,UT,41.2230,-111.9738
Oquirrh,UT,40.6305,-112.0338
Orangeville,UT,39.2272,-111.0535
Orem,UT,40.2969,-111.6946
Panguitch,UT,37.8228,-112.4358
Park City,UT,40.6461,-111.4980
Parowan,UT,37.8422,-112.8280
Payson,UT,40.0444,-111.7322
Perry,UT,41.4649,-112.0324
Plain City,UT,41.2980,-112.0861
Pleasant Grove,UT,40.3641,-111.7385
Pleasant View,UT,41.3183,-111.9922
Price,UT,39.5994,-110.8107
Providence,UT,41.7063,-111.8172
Provo,UT,40.2338,-111.6585
Randolph,UT,41.6658,-111.1821
Richfield,UT,38.7725,-112.0841
Richmond,UT,41.9227,-111.8136
River Heights,UT,41.7216,-111.8213
Riverdale,UT,41.1769,-112.0038
Riverton,UT,40.5219,-111.9391
Roosevelt,UT,40.2994,-109.9888
Roy,UT,41.1616,-112.0263
Saint George,UT,37.1041,-113.5841
Salem,UT,40.0530,-111.6735
Salina,UT,38.9577,-111.8599
Salt Lake City,UT,40.7608,-111.8911
Sandy,UT,40.5916,-111.8841
Santa Clara,UT,37.1330,-113.6541
Santaquin,UT,39.9755,-111.7852
Saratoga Springs,UT,40.3491,-111.9047
Silver Summit,UT,40.7414,-111.4878
Smithfield,UT,41.8383,-111.8327
Snyderville,UT,40.6944,-111.5438
South Jordan,UT,40.5622,-111.9297
South Ogden,UT,41.1919,-111.9713
South Salt Lake,UT,40.7188,-111.8883
South Weber,UT,41.1324,-111.9302
South Willard,UT,41.3633,-112.0358
Spanish Fork,UT,40.1150,-111.6549
Spring City,UT,39.4825,-111.4960
Spring Glen,UT,39.6594,-110.8535
Springville,UT,40.1652,-111.6107
Stansbury park,UT,40.6377,-112.2961
Summit Park,UT,40.7458,-111.6116
Sunset,UT,41.1363,-112.0310
Syracuse,UT,41.0894,-112.0647
Taylorsville,UT,40.6677,-111.9388
Tooele,UT,40.5308,-112.2983
Toquerville,UT,37.2533,-113.2847
Tremonton,UT,41.7119,-112.1655
Uintah,UT,41.1441,-111.9233
Vernal,UT,40.4555,-109.5288
Vineyard,UT,40.2970,-111.7467
Washington,UT,37.1305,-113.5083
Washington Terrace,UT,41.1727,-111.9766
Wellington,UT,39.5425,-110.7354
Wellsville,UT,41.6385,-111.9338
Wendover,UT,40.7371,-114.0375
West Bountiful,UT,40.8938,-111.9019
West Haven,UT,41.2030,-112.0511
West Jordan,UT,40.6097,-111.9391
West Mountain,UT,40.0608,-111.7883
West Point,UT,41.1183,-112.0841
West Valley City,UT,40.6916,-112.0011
White City,UT,40.5658,-111.8644
Willard,UT,41.4091,-112.0361
Wolf Creek,UT,41.3333,-111.8272
Woodland Hills,UT,40.0153,-111.6487
Woods Cross,UT,40.8716,-111.8922
Abingdon,VA,36.7098,-81.9774
Accomac,VA,37.7196,-75.6655
Adwolf,VA,36.7893,-81.5821
Alexandria,VA,38.8048,-77.0469
Altavista,VA,37.1118,-79.2856
Amelia Court House,VA,37.3429,-77.9806
Amherst,VA,37.5851,-79.0514
Annandale,VA,38.8304,-77.1964
Appalachia,VA,36.9068,-82.7818
Apple Mountain Lake,VA,38.9243,-78.1014
Appomattox,VA,37.3571,-78.8253
Aquia Harbour,VA,38.4626,-77.3889
Arlington,VA,38.8810,-77.1043
Ashburn,VA,39.0437,-77.4875
Ashland,VA,37.7590,-77.4800
Atkins,VA,36.8673,-81.4234
Baileys Crossroads,VA,38.8504,-77.1297
Bassett,VA,36.7593,-79.9903
Basye,VA,38.8071,-78.7922
Bealeton,VA,38.5718,-77.7639
Bedford,VA,37.3343,-79.5231
Belle Haven,VA,38.7854,-77.0630
Bellwood,VA,37.4218,-77.4375
Belmont,VA,39.0648,-77.5100
Belmont Estates,VA,38.4527,-78.9198
Bensley,VA,37.4468,-77.4433
Berryville,VA,39.1518,-77.9822
Big Stone Gap,VA,36.8818,-82.7471
Blacksburg,VA,37.2296,-80.4139
Blackstone,VA,37.0804,-77.9972
Bland,VA,37.1021,-81.1162
Blue Ridge,VA,37.3785,-79.8070
Bluefield,VA,37.2526,-81.2712
Bon Air,VA,37.5249,-77.5578
Boswell's Corner,VA,38.5054,-77.3726
Bowling Green,VA,38.0496,-77.3466
Boydton,VA,36.6676,-78.3875
Bracey,VA,36.5996,-78.1431
Brambleton,VA,38.9821,-77.5386
Brandermill,VA,37.4321,-77.6497
Bridgewater,VA,38.3821,-78.9767
Brightwood,VA,38.4215,-78.1936
Bristol,VA,36.5965,-82.1885
Bristow,VA,38.7229,-77.5361
Broadlands,VA,39.0182,-77.5203
Broadway,VA,38.6132,-78.7989
Brookneal,VA,37.0501,-78.9442
Buchanan,VA,37.5274,-79.6798
Buckhall,VA,38.7318,-77.4311
Buckingham,VA,37.5502,-78.5556
Buena Vista,VA,37.7343,-79.3539
Bull Run,VA,38.7837,-77.5206
Bull Run Mountain Estates,VA,38.9037,-77.6617
Burke,VA,38.7934,-77.2716
Cana,VA,36.5896,-80.6717
Cape Charles,VA,37.2701,-76.0165
Captains Cove,VA,37.9900,-75.4227
Carrollton,VA,36.9468,-76.5605
Castlewood,VA,36.8901,-82.2796
Cave Spring,VA,37.2276,-80.0128
Cedar Bluff,VA,37.2640,-79.9353
Cedar Bluff,VA,37.0876,-81.7590
Central Garage,VA,37.7440,-77.1316
Centreville,VA,38.8404,-77.4289
Chamberlayne,VA,37.6265,-77.4286
Chantilly,VA,38.8943,-77.4311
Charles City,VA,37.3435,-77.0730
Charlotte Court House,VA,37.0565,-78.6383
Charlottesville,VA,38.0293,-78.4767
Chase City,VA,36.7993,-78.4583
Chatham,VA,36.8257,-79.3981
Chatmoss,VA,36.6568,-79.8123
Cherry Hill,VA,38.5698,-77.2669
Chesapeake,VA,36.8190,-76.2749
Chester,VA,37.3568,-77.4416
Chesterfield,VA,37.3771,-77.5058
Chesterfield Court House,VA,37.3771,-77.5050
Chilhowie,VA,36.7985,-81.6823
Chincoteague,VA,37.9332,-75.3788
Christiansburg,VA,37.1298,-80.4089
Clarksville,VA,36.6240,-78.5569
Claypool Hill,VA,37.0626,-81.7518
Clifton Forge,VA,37.8162,-79.8245
Clintwood,VA,37.1501,-82.4560
Cloverdale,VA,37.3651,-79.9056
Coeburn,VA,36.9440,-82.4640
Collinsville,VA,36.7151,-79.9153
Colonial Beach,VA,38.2546,-76.9636
Colonial Heights,VA,37.2680,-77.4073
Concord,VA,37.3426,-78.9750
Countryside,VA,39.0409,-77.4136
Courtland,VA,36.7163,-77.0680
Covington,VA,37.7935,-79.9939
Crewe,VA,37.1732,-78.1233
Crimora,VA,38.1540,-78.8503
Crozet,VA,38.0696,-78.7006
Culpeper,VA,38.4732,-77.9967
Cumberland,VA,37.4960,-78.2453
Dahlgren,VA,38.3312,-77.0511
Dale City,VA,38.6371,-77.3111
Daleville,VA,37.4099,-79.9125
Danville,VA,36.5860,-79.3950
Dayton,VA,38.4149,-78.9386
Deltaville,VA,37.5549,-76.3369
Dinwiddie,VA,37.0779,-77.5867
Dooms,VA,38.1090,-78.8575
Dranesville,VA,39.0007,-77.3458
Dryden,VA,36.7776,-82.9416
Dublin,VA,37.1057,-80.6853
Dulles Town Center,VA,39.0376,-77.4158
Dumbarton,VA,37.6038,-77.4914
Dumfries,VA,38.5676,-77.3280
Dunn Loring,VA,38.8934,-77.2216
East Hampton,VA,37.0374,-76.3316
East Highland Park,VA,37.5810,-77.4069
East Lexington,VA,37.7929,-79.4253
Eastville,VA,37.3526,-75.9458
Edinburg,VA,38.8210,-78.5658
Elkton,VA,38.4079,-78.6236
Emory,VA,36.7729,-81.8362
Emporia,VA,36.6860,-77.5425
Enon,VA,37.3307,-77.3228
Ettrick,VA,37.2401,-77.4300
Exmore,VA,37.5318,-75.8230
Fairfax,VA,38.8462,-77.3064
Fairfax Station,VA,38.8010,-77.3255
Fairlawn,VA,37.7762,-79.9820
Fairlawn,VA,37.1485,-80.5784
Falls Church,VA,38.8823,-77.1711
Falmouth,VA,38.3240,-77.4683
Farmville,VA,37.3021,-78.3919
Ferrum,VA,36.9229,-80.0134
Fincastle,VA,37.4993,-79.8773
Fishersville,VA,38.0990,-78.9692
Floris,VA,38.9371,-77.4128
Floyd,VA,36.9112,-80.3200
Forest,VA,37.3638,-79.2897
Fort Belvoir,VA,38.7119,-77.1459
Fort Hunt,VA,38.7329,-77.0580
Fort Lee,VA,37.4957,-77.3353
Fort Lee,VA,37.2469,-77.3344
Franconia,VA,38.7821,-77.1464
Franklin,VA,36.6776,-76.9225
Fredericksburg,VA,38.3032,-77.4605
Front Royal,VA,38.9182,-78.1944
Gainesville,VA,38.7957,-77.6139
Galax,VA,36.6612,-80.9240
Gate City,VA,36.6379,-82.5810
Glade Spring,VA,36.7912,-81.7712
Glasgow,VA,37.6340,-79.4503
Glen Allen,VA,37.6660,-77.5064
Gloucester Courthouse,VA,37.4099,-76.5266
Gloucester Point,VA,37.2540,-76.4969
Goochland,VA,37.6843,-77.8853
Gordonsville,VA,38.1374,-78.1878
Great Falls,VA,38.9982,-77.2883
Greenbriar,VA,38.8734,-77.4008
Gretna,VA,36.9537,-79.3589
Grottoes,VA,38.2674,-78.8259
Groveton,VA,38.7673,-77.0847
Grundy,VA,37.2779,-82.0990
Halifax,VA,36.7660,-78.9283
Hampden Sydney,VA,37.2424,-78.4597
Hampton,VA,37.0299,-76.3452
Hanover,VA,37.7665,-77.3703
Harrisonburg,VA,38.4496,-78.8689
Hayfield,VA,38.7518,-77.1358
Haymarket,VA,38.8121,-77.6364
Heathsville,VA,37.9176,-76.4722
Henry Fork,VA,36.9663,-79.8703
Herndon,VA,38.9695,-77.3861
Highland Springs,VA,37.5460,-77.3278
Hillsville,VA,36.7626,-80.7348
Hollins,VA,37.3413,-79.9431
Hollymead,VA,38.1171,-78.4417
Honaker,VA,37.0162,-81.9743
Hopewell,VA,37.3043,-77.2872
Horse Pasture,VA,36.6285,-79.9509
Huntington,VA,38.7923,-77.0708
Hurt,VA,37.0926,-79.2964
Hybla Valley,VA,38.7476,-77.0830
Idylwood,VA,38.8951,-77.2117
Independence,VA,36.6225,-81.1531
Independent Hill,VA,38.6360,-77.4378
Isle of Wight,VA,36.9076,-76.7077
Jolivue,VA,38.1099,-79.0731
Jonesville,VA,36.6890,-83.1110
Kenbridge,VA,36.9621,-78.1250
Kilmarnock,VA,37.7104,-76.3797
King George,VA,38.2682,-77.1844
King William,VA,37.6874,-77.0136
King and Queen Court House,VA,37.6699,-76.8775
Kings Park,VA,38.8062,-77.2433
Kings Park West,VA,38.8144,-77.2958
Lake Barcroft,VA,38.8479,-77.1558
Lake Monticello,VA,37.9232,-78.3347
Lake Ridge,VA,38.6879,-77.2978
Lake of the Woods,VA,38.3342,-77.7597
Lakeside,VA,37.6076,-77.4769
Lancaster,VA,37.7699,-76.4663
Laurel,VA,37.6429,-77.5089
Laurel Hill,VA,38.7166,-77.2369
Lawrenceville,VA,36.7576,-77.8469
Laymantown,VA,37.3657,-79.8575
Lebanon,VA,36.9009,-82.0801
Leesburg,VA,39.1157,-77.5636
Lexington,VA,37.7840,-79.4428
Lincolnia,VA,38.8184,-77.1433
Linton Hall,VA,38.7598,-77.5750
Loch Lomond,VA,38.7862,-77.4780
Lorton,VA,38.7043,-77.2278
Loudoun Valley Estates,VA,38.9808,-77.5079
Louisa,VA,38.0251,-78.0042
Lovettsville,VA,39.2726,-77.6367
Lovingston,VA,37.7599,-78.8709
Lowes Island,VA,39.0598,-77.3522
Lunenburg,VA,36.9610,-78.2656
Luray,VA,38.6654,-78.4595
Lynchburg,VA,37.4138,-79.1423
Lyndhurst,VA,38.0293,-78.9450
Madison,VA,38.3804,-78.2575
Madison Heights,VA,37.4310,-79.1231
Manassas,VA,38.7510,-77.4753
Manassas Park,VA,38.7840,-77.4697
Mantua,VA,38.8537,-77.2594
Marion,VA,36.8348,-81.5148
Marshall,VA,38.8648,-77.8578
Martinsville,VA,36.6915,-79.8725
Massanetta Springs,VA,38.4004,-78.8342
Massanutten,VA,38.4096,-78.7378
Mathews,VA,37.4371,-76.3199
Matoaca,VA,37.2304,-77.4775
McLean,VA,38.9343,-77.1775
Meadowbrook,VA,37.4488,-77.4735
Mechanicsville,VA,37.6088,-77.3733
Merrifield,VA,38.8743,-77.2269
Merrimac,VA,38.4526,-78.0786
Merrimac,VA,37.1896,-80.4256
Middletown,VA,39.0276,-78.2806
Midlothian,VA,37.5060,-77.6492
Montclair,VA,38.6110,-77.3397
Monterey,VA,38.4123,-79.5806
Montrose,VA,37.5207,-77.3783
Montross,VA,38.0951,-76.8275
Motley,VA,37.0696,-79.3411
Mount Hermon,VA,36.6785,-79.4223
Mount Jackson,VA,38.7460,-78.6422
Mount Vernon,VA,38.7141,-77.1008
Mountain Road,VA,36.7596,-78.9870
Narrows,VA,37.3315,-80.8112
Narrows,VA,37.2054,-79.9589
Nellysford,VA,37.8904,-78.8722
New Baltimore,VA,38.7673,-77.7283
New Castle,VA,37.5001,-80.1109
New Kent,VA,37.5177,-76.9789
New Market,VA,38.6479,-78.6714
Newington,VA,38.7385,-77.1850
Newport News,VA,36.9804,-76.4297
Nokesville,VA,38.6987,-77.5797
Norfolk,VA,36.8468,-76.2852
North Shore,VA,37.0821,-79.6584
North Springfield,VA,38.8043,-77.2047
Norton,VA,36.9334,-82.6291
Oak Grove,VA,38.9840,-77.4039
Oak Hill,VA,38.9258,-77.4016
Oakton,VA,38.8809,-77.3008
Occoquan,VA,38.6837,-77.2603
Onancock,VA,37.7118,-75.7491
Orange,VA,38.2454,-78.1108
Palmyra,VA,37.8610,-78.2633
Pannill Fork,VA,36.7090,-80.0131
Pantops,VA,38.0338,-78.4551
Passapatanzy,VA,38.2974,-77.3141
Patrick Springs,VA,36.6418,-80.1950
Pearisburg,VA,37.3267,-80.7370
Pembroke,VA,37.3196,-80.6389
Pennington Gap,VA,36.7584,-83.0271
Petersburg,VA,37.2279,-77.4019
Pimmit Hills,VA,38.9129,-77.2008
Plum Creek,VA,37.1298,-80.5006
Poquoson,VA,37.1224,-76.3458
Portsmouth,VA,36.8354,-76.2983
Portsmouth Heights,VA,36.8210,-76.3688
Potomac Mills,VA,38.6459,-77.2942
Powhatan,VA,37.5421,-77.9189
Prices Fork,VA,37.2099,-80.4900
Prince George,VA,37.2204,-77.2880
Pulaski,VA,37.0479,-80.7798
Purcellville,VA,39.1368,-77.7147
Radford,VA,37.1318,-80.5764
Raven,VA,37.0871,-81.8551
Ravensworth,VA,38.8040,-77.2205
Reston,VA,38.9687,-77.3411
Richlands,VA,37.0932,-81.7937
Richmond,VA,37.5538,-77.4603
Roanoke,VA,37.2710,-79.9414
Rocky Mount,VA,36.9976,-79.8920
Rose Hill,VA,38.7887,-77.1128
Rosslyn,VA,38.8968,-77.0725
Ruckersville,VA,38.2332,-78.3692
Rural Retreat,VA,36.8937,-81.2759
Rushmere,VA,37.0668,-76.6763
Rustburg,VA,37.2768,-79.1008
Salem,VA,37.2935,-80.0548
Saltville,VA,36.8815,-81.7621
Saluda,VA,37.6060,-76.5949
Sandston,VA,37.5235,-77.3158
Seven Corners,VA,38.8721,-77.1553
Shawnee Land,VA,39.1915,-78.3456
Shawsville,VA,37.1685,-80.2553
Shenandoah,VA,38.4851,-78.6250
Shenandoah Farms,VA,38.9818,-78.0756
Short Pump,VA,37.6504,-77.6125
Smithfield,VA,36.9824,-76.6311
South Boston,VA,36.6987,-78.9014
South Hill,VA,36.7265,-78.1289
South Riding,VA,38.9209,-77.5039
South Suffolk,VA,36.7171,-76.5902
Southern Gateway,VA,38.3451,-77.5035
Spotsylvania,VA,38.2010,-77.5892
Spotsylvania Courthouse,VA,38.1979,-77.5878
Springfield,VA,38.7893,-77.1872
Springville,VA,37.1965,-81.4029
Stafford,VA,38.4221,-77.4083
Stanardsville,VA,38.2974,-78.4400
Stanley,VA,38.5754,-78.5025
Stanleytown,VA,36.7443,-79.9628
Staunton,VA,38.1499,-79.0732
Stephens City,VA,39.0834,-78.2181
Sterling,VA,39.0062,-77.4286
Strasburg,VA,38.9887,-78.3586
Stuart,VA,36.6410,-80.2656
Stuarts Draft,VA,38.0301,-79.0336
Sudley,VA,38.7929,-77.4975
Suffolk,VA,36.7284,-76.5850
Sugarland Run,VA,39.0376,-77.3753
Surry,VA,37.1379,-76.8352
Sussex,VA,36.9151,-77.2791
Tappahannock,VA,37.9254,-76.8591
Tazewell,VA,37.1148,-81.5195
Timberlake,VA,37.3207,-79.2575
Timberville,VA,38.6390,-78.7739
Triangle,VA,38.5468,-77.3367
Tuckahoe,VA,37.5902,-77.5564
Twin Lakes,VA,38.2493,-78.4438
Tysons,VA,38.9187,-77.2311
Union Hall,VA,37.0187,-79.6864
University Center,VA,39.0570,-77.4441
Verona,VA,38.2021,-79.0084
Victoria,VA,36.9949,-78.2272
Vienna,VA,38.9012,-77.2653
Vinton,VA,37.2810,-79.8970
Virginia Beach,VA,36.8529,-75.9780
Warm Springs,VA,38.0462,-79.7906
Warrenton,VA,38.7135,-77.7953
Warsaw,VA,37.9587,-76.7580
Washington,VA,38.7135,-78.1594
Wattsville,VA,37.9340,-75.4997
Waverly,VA,37.0360,-77.0952
Waynesboro,VA,38.0685,-78.8895
Weber City,VA,37.7551,-78.2839
Weber City,VA,36.6229,-82.5621
West Falls Church,VA,38.8648,-77.1879
West Gate,VA,38.7829,-77.4975
West Lynchburg,VA,37.4032,-79.1781
West Point,VA,37.5315,-76.7964
West Springfield,VA,38.7726,-77.2211
Weyers Cave,VA,38.2885,-78.9131
Williamsburg,VA,37.2707,-76.7075
Winchester,VA,39.1857,-78.1633
Windsor,VA,36.8085,-76.7441
Wise,VA,36.9759,-82.5757
Wolf Trap,VA,38.9398,-77.2861
Woodbridge,VA,38.6582,-77.2497
Woodburn,VA,38.8475,-77.2361
Woodlake,VA,37.4211,-77.6793
Woodlawn,VA,36.7223,-80.8229
Woodlawn,VA,38.7168,-77.1328
Woodstock,VA,38.8818,-78.5058
Wyndham,VA,37.6985,-77.6125
Wytheville,VA,36.9485,-81.0848
Yorkshire,VA,38.7932,-77.4478
Yorktown,VA,37.2386,-76.5089
Addison,VT,44.0887,-73.3026
Arlington,VT,43.0748,-73.1540
Barre,VT,44.1970,-72.5020
Bellows Falls,VT,43.1334,-72.4440
Bennington,VT,42.8781,-73.1968
Brandon,VT,43.7981,-73.0876
Brattleboro,VT,42.8509,-72.5579
Bridport,VT,43.9851,-73.3126
Bristol,VT,44.1334,-73.0790
Burlington,VT,44.4759,-73.2121
Castleton,VT,43.6106,-73.1798
Charlotte,VT,44.3098,-73.2610
Chelsea,VT,43.9898,-72.4476
Chester,VT,43.2629,-72.5951
Chittenden,VT,43.7078,-72.9482
Colchester,VT,44.5439,-73.1479
Danby,VT,43.3462,-72.9954
Dover,VT,42.9437,-72.8040
Enosburg Falls,VT,44.9070,-72.8065
Essex Junction,VT,44.4906,-73.1110
Fair Haven,VT,43.5948,-73.2657
Ferrisburgh,VT,44.2056,-73.2462
Guildhall,VT,44.5651,-71.5598
Hardwick,VT,44.5048,-72.3682
Hartford,VT,43.6606,-72.3384
Hinesburg,VT,44.3292,-73.1107
Hyde Park,VT,44.5939,-72.6165
Jamaica,VT,43.1004,-72.7784
Jericho,VT,44.5039,-72.9976
Johnson,VT,44.6356,-72.6804
Leicester,VT,43.8667,-73.1079
Lincoln,VT,44.1059,-72.9971
Londonderry,VT,43.2265,-72.8065
Lunenburg,VT,44.4631,-71.6820
Lyndon,VT,44.5142,-72.0109
Lyndonville,VT,44.5337,-72.0032
Manchester Center,VT,43.1770,-73.0571
Mendon,VT,43.6520,-72.9278
Middlebury (village),VT,44.0155,-73.1694
Middlesex,VT,44.2928,-72.6793
Milton,VT,44.6398,-73.1104
Montgomery,VT,44.9025,-72.6382
Montpelier,VT,44.2601,-72.5754
Moretown,VT,44.2509,-72.7609
Morristown,VT,44.5573,-72.6237
Morrisville,VT,44.5617,-72.5984
Mount Holly,VT,43.4523,-72.8248
Newfane,VT,42.9856,-72.6559
Newport,VT,44.9364,-72.2051
North Bennington,VT,42.9304,-73.2426
North Hero,VT,44.8312,-73.2732
Northfield,VT,44.1512,-72.6565
Pawlet,VT,43.3467,-73.1762
Poultney,VT,43.5170,-73.2362
Pownal,VT,42.7656,-73.2359
Randolph,VT,43.9251,-72.6659
Richford,VT,44.9970,-72.6712
Rockingham,VT,43.1876,-72.4890
Rutland,VT,43.6106,-72.9726
Saint Albans,VT,44.8109,-73.0832
Saint Johnsbury,VT,44.4192,-72.0151
Salisbury,VT,43.8965,-73.0998
South Barre,VT,44.1770,-72.5057
South Burlington,VT,44.4670,-73.1710
Springfield,VT,43.2984,-72.4823
St Johnsbury,VT,44.4253,-72.0151
Starksboro,VT,44.2273,-73.0573
Stowe,VT,44.4653,-72.6846
Swanton,VT,44.9181,-73.1243
Townshend,VT,43.0473,-72.6676
Vergennes,VT,44.1673,-73.2540
Washington,VT,44.1056,-72.4326
Waterbury,VT,44.3378,-72.7562
West Brattleboro,VT,42.8559,-72.6031
West Rutland,VT,43.5931,-73.0451
White River Junction,VT,43.6490,-72.3193
White River Junction VA Medical Center,VT,42.8305,-72.5679
Wilder,VT,43.6728,-72.3087
Williamstown,VT,44.1217,-72.5415
Williston,VT,44.4376,-73.0682
Windsor,VT,43.4804,-72.3848
Winooski,VT,44.4914,-73.1857
Woodstock,VT,43.6242,-72.5184
Aberdeen,WA,46.9754,-123.8157
Ahtanum,WA,46.5596,-120.6220
Airway Heights,WA,47.6446,-117.5933
Alderton,WA,47.1696,-122.2293
Alderwood Manor,WA,47.8080,-122.2610
Algona,WA,47.2790,-122.2521
Allyn,WA,47.3856,-122.8276
Amboy,WA,45.9101,-122.4465
Ames Lake,WA,47.6329,-121.9662
Anacortes,WA,48.5126,-122.6127
Arlington,WA,48.1987,-122.1251
Arlington Heights,WA,48.2020,-122.0621
Artondale,WA,47.2995,-122.6207
Asotin,WA,46.3393,-117.0482
Auburn,WA,47.3073,-122.2284
Ault Field,WA,48.3381,-122.6744
Bainbridge Island,WA,47.6262,-122.5212
Bangor Trident Base,WA,47.7227,-122.7145
Barberton,WA,45.6932,-122.5990
Basin City,WA,46.5940,-119.1522
Battle Ground,WA,45.7809,-122.5334
Belfair,WA,47.4507,-122.8274
Bellevue,WA,47.6104,-122.2007
Bellingham,WA,48.7595,-122.4882
Benton City,WA,46.2632,-119.4878
Bethel,WA,47.4940,-122.6312
Big Lake,WA,48.4029,-122.2413
Birch Bay,WA,48.9179,-122.7446
Black Diamond,WA,47.3087,-122.0032
Blaine,WA,48.9937,-122.7471
Bonney Lake,WA,47.1771,-122.1865
Bothell,WA,47.7623,-122.2054
Bothell East,WA,47.8063,-122.1843
Bothell West,WA,47.8053,-122.2406
Boulevard Park,WA,47.5130,-122.3170
Bremerton,WA,47.5673,-122.6326
Brewster,WA,48.0960,-119.7806
Bridgeport,WA,48.0082,-119.6712
Brier,WA,47.7845,-122.2743
Browns Point,WA,47.3004,-122.4412
Brush Prairie,WA,45.7329,-122.5465
Bryant,WA,48.2390,-122.1579
Bryn Mawr-Skyway,WA,47.4943,-122.2409
Buckley,WA,47.1632,-122.0268
Bunk Foss,WA,47.9617,-122.0944
Burbank,WA,46.1999,-119.0131
Burien,WA,47.4704,-122.3468
Burley,WA,47.4179,-122.6310
Burlington,WA,48.4757,-122.3254
Camano,WA,48.1740,-122.5282
Camas,WA,45.5871,-122.3995
Canterwood,WA,47.3751,-122.5893
Carnation,WA,47.6479,-121.9140
Carson,WA,45.7254,-121.8192
Cascade Valley,WA,47.1346,-119.3281
Cashmere,WA,47.5224,-120.4698
Castle Rock,WA,46.2751,-122.9076
Cathcart,WA,47.8479,-122.0993
Cathlamet,WA,46.2032,-123.3832
Central Park,WA,46.9734,-123.6924
Centralia,WA,46.7162,-122.9543
Chehalis,WA,46.6621,-122.9640
Chelan,WA,47.8410,-120.0165
Cheney,WA,47.4874,-117.5758
Chewelah,WA,48.2763,-117.7155
Chico,WA,47.6115,-122.7104
City of Sammamish,WA,47.6044,-122.0377
Clarkston,WA,46.4163,-117.0456
Clarkston Heights-Vineland,WA,46.3874,-117.0830
Cle Elum,WA,47.1954,-120.9393
Clear Lake,WA,48.4643,-122.2340
Clearview,WA,47.8337,-122.1260
Clyde Hill,WA,47.6318,-122.2179
Colfax,WA,46.8802,-117.3644
College Place,WA,46.0493,-118.3883
Columbia City,WA,47.5640,-122.2754
Colville,WA,48.5466,-117.9055
Connell,WA,46.6635,-118.8611
Cosmopolis,WA,46.9554,-123.7738
Cottage Lake,WA,47.7443,-122.0773
Coulee Dam,WA,47.9654,-118.9761
Country Homes,WA,47.7485,-117.4044
Coupeville,WA,48.2198,-122.6863
Covington,WA,47.3582,-122.1222
Crocker,WA,47.0809,-122.1038
Dallesport,WA,45.6173,-121.1795
Darrington,WA,48.2554,-121.6015
Davenport,WA,47.6540,-118.1500
Dayton,WA,46.3237,-117.9724
Deer Park,WA,47.9543,-117.4769
Des Moines,WA,47.4018,-122.3243
Desert Aire,WA,46.6793,-119.9173
Dollar Corner,WA,45.7803,-122.5999
DuPont,WA,47.0968,-122.6312
Duvall,WA,47.7423,-121.9857
East Hill-Meridian,WA,47.4105,-122.1737
East Port Orchard,WA,47.5234,-122.6243
East Renton Highlands,WA,47.4848,-122.1123
East Wenatchee,WA,47.4157,-120.2931
East Wenatchee Bench,WA,47.4257,-120.2812
Eastgate,WA,47.5727,-122.1458
Eastmont,WA,47.8974,-122.1815
Eatonville,WA,46.8673,-122.2665
Edgewood,WA,47.2501,-122.2937
Edmonds,WA,47.8107,-122.3774
Electric City,WA,47.9324,-119.0381
Elk Plain,WA,47.0532,-122.3976
Ellensburg,WA,46.9965,-120.5478
Elma,WA,47.0034,-123.4088
Enetai,WA,47.5848,-122.5987
Entiat,WA,47.6760,-120.2084
Enumclaw,WA,47.2043,-121.9915
Ephrata,WA,47.3176,-119.5537
Erlands Point-Kitsap Lake,WA,47.5972,-122.7023
Esperance,WA,47.7890,-122.3554
Everett,WA,47.9790,-122.2021
Everson,WA,48.9201,-122.3427
Fairchild Air Force Base,WA,47.6188,-117.6483
Fairwood,WA,47.4484,-122.1573
Fairwood,WA,47.7668,-117.4174
Fall City,WA,47.5673,-121.8887
Federal Way,WA,47.3223,-122.3126
Felida,WA,45.7096,-122.7073
Fern Prairie,WA,45.6365,-122.3987
Ferndale,WA,48.8465,-122.5910
Fife,WA,47.2393,-122.3571
Fife Heights,WA,47.2590,-122.3457
Finley,WA,46.1540,-119.0339
Fircrest,WA,47.2395,-122.5160
Five Corners,WA,45.6846,-122.5751
Fobes Hill,WA,47.9490,-122.1198
Fords Prairie,WA,46.7351,-122.9890
Forks,WA,47.9504,-124.3855
Fox Island,WA,47.2515,-122.6290
Frederickson,WA,47.0962,-122.3587
Freeland,WA,48.0095,-122.5260
Friday Harbor,WA,48.5343,-123.0171
Garrett,WA,46.0521,-118.4027
Geneva,WA,48.7457,-122.4018
Gig Harbor,WA,47.3293,-122.5801
Gleed,WA,46.6582,-120.6134
Gold Bar,WA,47.8568,-121.6971
Goldendale,WA,45.8207,-120.8217
Graham,WA,47.0529,-122.2943
Grand Coulee,WA,47.9415,-119.0033
Grand Mound,WA,46.7879,-123.0113
Grandview,WA,46.2510,-119.9017
Granger,WA,46.3421,-120.1873
Granite Falls,WA,47.8901,-120.2137
Granite Falls,WA,48.0840,-121.9687
Hansville,WA,47.9187,-122.5543
Hazel Dell,WA,45.6715,-122.6629
Highland,WA,46.1315,-119.1142
Hobart,WA,47.4218,-121.9729
Hockinson,WA,45.7379,-122.4870
Home,WA,47.2748,-122.7638
Hoquiam,WA,46.9809,-123.8893
Indianola,WA,47.7470,-122.5257
Inglewood-Finn Hill,WA,47.7205,-122.2317
Issaquah,WA,47.5301,-122.0326
Joint Base Lewis McChord,WA,47.1079,-122.5769
Kalama,WA,46.0077,-122.8444
Kelso,WA,46.1468,-122.9084
Kenmore,WA,47.7573,-122.2440
Kennewick,WA,46.2112,-119.1372
Kent,WA,47.3809,-122.2348
Kettle Falls,WA,48.6107,-118.0558
Key Center,WA,47.3406,-122.7454
Kingston,WA,47.7985,-122.4981
Kirkland,WA,47.6815,-122.2087
Kittitas,WA,46.9832,-120.4170
Klahanie,WA,47.5710,-122.0084
La Center,WA,45.8623,-122.6704
Lacey,WA,47.0343,-122.8232
Lake Forest Park,WA,47.7568,-122.2810
Lake Marcel-Stillwater,WA,47.6926,-121.9151
Lake Morton-Berrydale,WA,47.3325,-122.1029
Lake Shore,WA,45.6907,-122.6909
Lake Stevens,WA,48.0151,-122.0637
Lake Stickney,WA,47.8766,-122.2621
Lakeland North,WA,47.3334,-122.2769
Lakeland South,WA,47.2784,-122.2833
Lakewood,WA,47.1718,-122.5185
Langley,WA,48.0401,-122.4063
Larch Way,WA,47.8429,-122.2528
Lea Hill,WA,47.3262,-122.1815
Leavenworth,WA,47.5962,-120.6615
Lewisville,WA,45.8098,-122.5232
Liberty Lake,WA,47.6759,-117.1182
Lochsloy,WA,48.0515,-122.0321
Lofall,WA,47.8119,-122.6584
Long Beach,WA,46.3523,-124.0543
Longbranch,WA,47.2090,-122.7568
Longview,WA,46.1382,-122.9382
Longview Heights,WA,46.1804,-122.9571
Lynden,WA,48.9465,-122.4521
Lynnwood,WA,47.8209,-122.3151
Mabton,WA,46.2148,-119.9967
Machias,WA,47.9815,-122.0460
Maltby,WA,47.8051,-122.1132
Manchester,WA,47.5557,-122.5451
Manson,WA,47.8849,-120.1584
Maple Heights-Lake Desire,WA,47.4441,-122.0974
Maple Valley,WA,47.3927,-122.0464
Maplewood,WA,47.4018,-122.5571
Marietta,WA,48.7871,-122.5804
Marietta-Alderwood,WA,48.7897,-122.5537
Martha Lake,WA,47.8509,-122.2393
Marysville,WA,48.0518,-122.1771
Mattawa,WA,46.7379,-119.9028
McChord Air Force Base,WA,47.1340,-122.4916
McCleary,WA,47.0532,-123.2654
McMillin,WA,47.1398,-122.2365
Mead,WA,47.7674,-117.3549
Meadow Glade,WA,45.7585,-122.5604
Meadowdale,WA,47.8580,-122.3130
Medical Lake,WA,47.5729,-117.6822
Medina,WA,47.6209,-122.2276
Mercer Island,WA,47.5707,-122.2221
Midland,WA,47.1670,-122.4048
Mill Creek,WA,47.8601,-122.2043
Mill Creek East,WA,47.8360,-122.1877
Mill Plain,WA,45.6429,-122.4940
Millwood,WA,47.6813,-117.2827
Milton,WA,47.2482,-122.3129
Minnehaha,WA,45.6590,-122.6271
Mirrormont,WA,47.4623,-121.9957
Monroe,WA,47.8554,-121.9710
Monroe North,WA,47.8822,-121.9873
Montesano,WA,46.9812,-123.6027
Morton,WA,46.5584,-122.2751
Moses Lake,WA,47.1301,-119.2781
Moses Lake North,WA,47.1943,-119.3172
Mount Vernon,WA,48.4212,-122.3341
Mount Vista,WA,45.7343,-122.6329
Mountlake Terrace,WA,47.7882,-122.3087
Mukilteo,WA,47.9445,-122.3046
Napavine,WA,46.5746,-122.9082
Navy Yard City,WA,47.5534,-122.6646
Newcastle,WA,47.5390,-122.1557
Newport,WA,47.5712,-122.1807
Newport,WA,48.1796,-117.0433
Nooksack,WA,48.9276,-122.3216
Normandy Park,WA,47.4362,-122.3407
North Bend,WA,47.4957,-121.7868
North Creek,WA,47.8195,-122.1762
North Fort Lewis,WA,47.1213,-122.5945
North Puyallup,WA,47.2068,-122.2823
North Yelm,WA,46.9631,-122.6029
Oak Harbor,WA,48.2932,-122.6432
Ocean Park,WA,46.4918,-124.0521
Ocean Shores,WA,46.9737,-124.1563
Okanogan,WA,48.3613,-119.5834
Olympia,WA,47.0449,-122.9017
Omak,WA,48.4110,-119.5276
Orchards,WA,45.6665,-122.5609
Oroville,WA,48.9391,-119.4356
Orting,WA,47.0979,-122.2043
Othello,WA,46.8260,-119.1753
Otis Orchards-East Farms,WA,47.7099,-117.0798
Pacific,WA,47.2645,-122.2501
Palouse,WA,46.9102,-117.0757
Parkland,WA,47.1554,-122.4340
Parkwood,WA,47.5331,-122.6101
Pasco,WA,46.2396,-119.1006
Peaceful Valley,WA,48.9382,-122.1473
Picnic Point,WA,47.8811,-122.3284
Picnic Point-North Lynnwood,WA,47.8628,-122.2950
Point Roberts,WA,48.9854,-123.0780
Pomeroy,WA,46.4749,-117.6027
Port Angeles,WA,48.1181,-123.4307
Port Angeles East,WA,48.1067,-123.3717
Port Hadlock-Irondale,WA,48.0327,-122.7853
Port Ludlow,WA,47.9254,-122.6835
Port Orchard,WA,47.5404,-122.6363
Port Townsend,WA,48.1174,-122.7607
Poulsbo,WA,47.7359,-122.6465
Prairie Heights,WA,47.1493,-122.1053
Prairie Ridge,WA,47.1376,-122.1487
Prosser,WA,46.2068,-119.7689
Pullman,WA,46.7313,-117.1796
Purdy,WA,47.3890,-122.6254
Puyallup,WA,47.1854,-122.2929
Quincy,WA,47.2343,-119.8525
Rainier,WA,46.8882,-122.6885
Ravensdale,WA,47.3523,-121.9837
Raymond,WA,46.6865,-123.7329
Redmond,WA,47.6740,-122.1215
Renton,WA,47.4829,-122.2171
Republic,WA,48.6482,-118.7378
Richland,WA,46.2857,-119.2845
Ridgefield,WA,45.8151,-122.7426
Ritzville,WA,47.1275,-118.3800
Riverbend,WA,47.4665,-121.7504
Riverton,WA,47.4843,-122.2946
Rochester,WA,46.8218,-123.0962
Rocky Point,WA,47.5929,-122.6685
Rosedale,WA,47.3315,-122.6523
Royal City,WA,46.9010,-119.6306
Salmon Creek,WA,45.7107,-122.6490
Sammamish,WA,47.6418,-122.0804
SeaTac,WA,47.4485,-122.2922
Seabeck,WA,47.6395,-122.8285
Seattle,WA,47.6062,-122.3321
Sedro-Woolley,WA,48.5039,-122.2361
Selah,WA,46.6540,-120.5301
Sequim,WA,48.0796,-123.1023
Shelton,WA,47.2151,-123.1007
Shoreline,WA,47.7557,-122.3415
Silver Firs,WA,47.8660,-122.1551
Silverdale,WA,47.6445,-122.6949
Sisco Heights,WA,48.1154,-122.0971
Smokey Point,WA,48.1523,-122.1826
Snohomish,WA,47.9129,-122.0982
Snoqualmie,WA,47.5287,-121.8254
Soap Lake,WA,47.3893,-119.4906
South Bend,WA,46.6632,-123.8046
South Hill,WA,47.1412,-122.2701
South Wenatchee,WA,47.3901,-120.2896
Southworth,WA,47.5120,-122.5018
Spanaway,WA,47.1040,-122.4346
Spokane,WA,47.6597,-117.4291
Spokane Valley,WA,47.6732,-117.2394
Stanwood,WA,48.2412,-122.3707
Steilacoom,WA,47.1698,-122.6026
Stevenson,WA,45.6957,-121.8845
Sudden Valley,WA,48.7229,-122.3465
Sultan,WA,47.8626,-121.8165
Sumas,WA,49.0001,-122.2649
Summit,WA,47.1618,-122.3571
Summit View,WA,47.1363,-122.3520
Sumner,WA,47.2032,-122.2404
Sunnyside,WA,46.3237,-120.0087
Sunnyslope,WA,47.4729,-120.3367
Suquamish,WA,47.7312,-122.5524
Tacoma,WA,47.2529,-122.4443
Tanglewilde,WA,47.0515,-122.7824
Tanglewilde-Thompson Place,WA,47.0512,-122.7808
Tanner,WA,47.4754,-121.7462
Tenino,WA,46.8568,-122.8529
Terrace Heights,WA,46.6062,-120.4398
Three Lakes,WA,47.9448,-122.0115
Tieton,WA,46.7021,-120.7554
Tonasket,WA,48.7052,-119.4395
Toppenish,WA,46.3773,-120.3087
Town and Country,WA,47.7274,-117.4216
Tracyton,WA,47.6090,-122.6551
Tri-Cities,WA,46.2454,-119.1962
Tukwila,WA,47.4740,-122.2610
Tulalip,WA,48.0684,-122.2918
Tulalip Bay,WA,48.0373,-122.3101
Tumwater,WA,47.0073,-122.9093
Union Gap,WA,46.5573,-120.4751
Union Hill-Novelty Hill,WA,47.6789,-122.0283
University Place,WA,47.2356,-122.5504
Vancouver,WA,45.6387,-122.6615
Vashon,WA,47.4473,-122.4599
Venersborg,WA,45.7737,-122.4245
Waitsburg,WA,46.2704,-118.1533
Walla Walla,WA,46.0646,-118.3430
Walla Walla East,WA,46.0518,-118.3040
Waller,WA,47.2007,-122.3693
Walnut Grove,WA,45.6679,-122.5990
Wapato,WA,46.4476,-120.4203
Warden,WA,46.9676,-119.0397
Warm Beach,WA,48.1707,-122.3646
Washougal,WA,45.5826,-122.3534
Waterville,WA,47.6471,-120.0712
Wauna,WA,47.3790,-122.6426
Wenatchee,WA,47.4235,-120.3103
West Clarkston-Highland,WA,46.4029,-117.0640
West Lake Sammamish,WA,47.5776,-122.1012
West Lake Stevens,WA,47.9934,-122.1018
West Longview,WA,46.1679,-122.9990
West Pasco,WA,46.2454,-119.1828
West Richland,WA,46.3043,-119.3614
West Side Highway,WA,46.1840,-122.9172
West Valley,WA,46.5921,-120.6051
West Wenatchee,WA,47.4437,-120.3534
Westport,WA,46.8901,-124.1041
White Center,WA,47.5173,-122.3548
White Salmon,WA,45.7276,-121.4865
Wilderness Rim,WA,47.4470,-121.7686
Winlock,WA,46.4912,-122.9379
Wollochet,WA,47.2687,-122.5840
Woodinville,WA,47.7543,-122.1635
Woodland,WA,45.9046,-122.7440
Woods Creek,WA,47.8787,-121.8985
Woodway,WA,47.7962,-122.3829
Yacolt,WA,45.8659,-122.4062
Yakima,WA,46.6021,-120.5059
Yarrow Point,WA,47.6462,-122.2173
Yelm,WA,46.9420,-122.6060
Zillah,WA,46.4021,-120.2620
Abbotsford,WI,44.9464,-90.3160
Adams,WI,43.9561,-89.8182
Addison,WI,43.4228,-88.3745
Albany,WI,42.7078,-89.4371
Algoma,WI,44.6089,-87.4326
Allouez,WI,44.4775,-88.0162
Alma,WI,44.3200,-91.9149
Alto,WI,43.6767,-88.7951
Altoona,WI,44.8047,-91.4432
Amery,WI,45.3069,-92.3621
Amherst,WI,44.4508,-89.2848
Antigo,WI,45.1403,-89.1523
Appleton,WI,44.2619,-88.4154
Arcadia,WI,44.2527,-91.5015
Ashford,WI,43.5869,-88.3707
Ashland,WI,46.5924,-90.8838
Ashwaubenon,WI,44.4822,-88.0701
Athens,WI,45.0330,-90.0740
Augusta,WI,44.6802,-91.1199
Aztalan,WI,43.0728,-88.8623
Baldwin,WI,44.9666,-92.3744
Balsam Lake,WI,45.4522,-92.4546
Bangor,WI,43.8930,-90.9904
Baraboo,WI,43.4711,-89.7443
Barneveld,WI,43.0155,-89.8954
Barron,WI,45.4014,-91.8491
Barton,WI,43.4436,-88.1806
Bayside,WI,43.1806,-87.9006
Beaver Dam,WI,43.4578,-88.8373
Belgium,WI,43.4997,-87.8504
Belle Plaine,WI,44.7153,-88.6662
Belleville,WI,42.8597,-89.5382
Bellevue,WI,44.4442,-87.9201
Beloit,WI,42.5084,-89.0318
Berlin,WI,43.9680,-88.9434
Bevent,WI,44.7705,-89.3896
Big Bend,WI,42.8814,-88.2068
Black Creek,WI,44.4775,-88.4507
Black Earth,WI,43.1372,-89.7468
Black River Falls,WI,44.2947,-90.8515
Blair,WI,44.2944,-91.2352
Bloomer,WI,45.1002,-91.4888
Bohners Lake,WI,42.6231,-88.2804
Bonduel,WI,44.7403,-88.4448
Boscobel,WI,43.1344,-90.7054
Boyceville,WI,45.0436,-92.0410
Brice Prairie,WI,43.9386,-91.2999
Brillion,WI,44.1772,-88.0643
Bristol,WI,42.5589,-88.0493
Brodhead,WI,42.6183,-89.3762
Brookfield,WI,43.0606,-88.1065
Brooklyn,WI,42.8536,-89.3704
Brothertown,WI,43.9680,-88.3090
Brown Deer,WI,43.1633,-87.9645
Browns Lake,WI,42.6925,-88.2312
Brussels,WI,44.7361,-87.6209
Burlington,WI,42.6781,-88.2762
Butler,WI,43.1058,-88.0695
Cadott,WI,44.9480,-91.1507
Caledonia,WI,42.8078,-87.9243
Cambridge,WI,43.0036,-89.0165
Cameron,WI,45.4086,-91.7441
Camp Lake,WI,42.5347,-88.1437
Campbellsport,WI,43.5978,-88.2790
Cashton,WI,43.7419,-90.7793
Cato,WI,44.1428,-87.8612
Cedar Grove,WI,43.5697,-87.8234
Cedarburg,WI,43.2967,-87.9876
Chetek,WI,45.3141,-91.6510
Chilton,WI,44.0289,-88.1629
Chippewa Falls,WI,44.9369,-91.3929
Clear Lake,WI,45.2519,-92.2713
Cleveland,WI,43.9150,-87.7473
Clinton,WI,42.5578,-88.8651
Clintonville,WI,44.6205,-88.7623
Colby,WI,44.9100,-90.3157
Colfax,WI,44.9975,-91.7271
Columbus,WI,43.3381,-89.0154
Combined Locks,WI,44.2658,-88.3143
Como,WI,42.6122,-88.4823
Concord,WI,43.0695,-88.5987
Cooperstown,WI,44.3128,-87.7745
Cornell,WI,45.1672,-91.1493
Cottage Grove,WI,43.0761,-89.1996
Crandon,WI,45.5719,-88.9029
Cross Plains,WI,43.1144,-89.6557
Cuba City,WI,42.6056,-90.4299
Cudahy,WI,42.9597,-87.8615
Cumberland,WI,45.5322,-92.0194
Dakota,WI,43.9903,-89.3565
Dane,WI,43.2505,-89.5015
Darien,WI,42.6017,-88.7076
Darlington,WI,42.6831,-90.1176
De Pere,WI,44.4489,-88.0604
DeForest,WI,43.2478,-89.3437
Decatur,WI,42.6343,-89.4116
Deerfield,WI,43.0519,-89.0757
Delafield,WI,43.0608,-88.4037
Delavan,WI,42.6331,-88.6437
Delavan Lake,WI,42.5842,-88.6326
Denmark,WI,44.3478,-87.8273
Dickeyville,WI,42.6272,-90.5921
Dodgeville,WI,42.9603,-90.1301
Dousman,WI,43.0142,-88.4726
Durand,WI,44.6264,-91.9657
Eagle,WI,42.8795,-88.4743
Eagle Lake,WI,42.7070,-88.1281
Eagle River,WI,45.9172,-89.2443
East Troy,WI,42.7853,-88.4051
Easton,WI,43.8380,-89.8068
Eau Claire,WI,44.8113,-91.4985
Edgar,WI,44.9272,-89.9635
Edgerton,WI,42.8353,-89.0676
Eldorado,WI,43.8247,-88.6218
Elkhorn,WI,42.6728,-88.5445
Ellsworth,WI,44.7322,-92.4874
Elm Grove,WI,43.0431,-88.0790
Elroy,WI,43.7408,-90.2724
Evansville,WI,42.7803,-89.2993
Evergreen,WI,44.8425,-89.6376
Fall Creek,WI,44.7636,-91.2771
Fall River,WI,43.3844,-89.0451
Fennimore,WI,42.9836,-90.6554
Fitchburg,WI,42.9608,-89.4698
Florence,WI,45.9222,-88.2518
Fond du Lac,WI,43.7750,-88.4388
Fontana,WI,42.5514,-88.5751
Fort Atkinson,WI,42.9289,-88.8371
Fox Lake,WI,43.5655,-88.9065
Fox Point,WI,43.1575,-87.9018
Franklin,WI,42.8886,-88.0384
Franksville,WI,42.7600,-87.9134
Frederic,WI,45.6591,-92.4671
Fredonia,WI,43.4706,-87.9506
French Island,WI,43.8583,-91.2604
Friendship,WI,43.9705,-89.8168
Galesville,WI,44.0816,-91.3490
Genoa City,WI,42.4984,-88.3281
Germantown,WI,43.2286,-88.1104
Gillett,WI,44.8900,-88.3073
Glendale,WI,43.1353,-87.9356
Glenmore,WI,44.3858,-87.9273
Glenwood City,WI,45.0586,-92.1724
Grafton,WI,43.3197,-87.9534
Grantsburg,WI,45.7763,-92.6827
Green Bay,WI,44.5192,-88.0198
Green Lake,WI,43.8441,-88.9601
Greendale,WI,42.9406,-87.9959
Greenfield,WI,42.9614,-88.0126
Greenwood,WI,44.7702,-90.5993
Hales Corners,WI,42.9375,-88.0487
Hammond,WI,44.9789,-92.4357
Harrison,WI,44.2278,-88.3359
Hartford,WI,43.3178,-88.3790
Hartland,WI,43.1050,-88.3420
Hayward,WI,46.0130,-91.4846
Hazel Green,WI,42.5328,-90.4346
Hilbert,WI,44.1403,-88.1640
Hillsboro,WI,43.6522,-90.3440
Hobart,WI,44.4993,-88.1499
Holmen,WI,43.9633,-91.2562
Horicon,WI,43.4514,-88.6312
Hortonville,WI,44.3347,-88.6382
Howard,WI,44.5436,-88.0882
Howards Grove,WI,43.8339,-87.8201
Hudson,WI,44.9747,-92.7569
Hurley,WI,46.4497,-90.1866
Hustisford,WI,43.3461,-88.6007
Independence,WI,44.3569,-91.4204
Iola,WI,44.5080,-89.1307
Ixonia,WI,43.1439,-88.5973
Jackson,WI,43.3239,-88.1668
Janesville,WI,42.6828,-89.0187
Jefferson,WI,43.0056,-88.8073
Johnson Creek,WI,43.0761,-88.7743
Juneau,WI,43.4055,-88.7051
Kaukauna,WI,44.2780,-88.2720
Kenosha,WI,42.5847,-87.8212
Kenosha Streetcar,WI,42.5869,-87.8102
Keshena,WI,44.8839,-88.6337
Kewaskum,WI,43.5208,-88.2290
Kewaunee,WI,44.4583,-87.5031
Kiel,WI,43.9125,-88.0357
Kimberly,WI,44.2722,-88.3390
King,WI,44.3375,-89.1418
Kohler,WI,43.4964,-88.0234
Kohler,WI,43.7392,-87.7818
Kronenwetter,WI,44.8222,-89.5904
La Crosse,WI,43.8014,-91.2396
Lac du Flambeau,WI,45.9697,-89.8921
Ladysmith,WI,45.4630,-91.1040
Lake Delton,WI,43.6011,-89.7937
Lake Geneva,WI,42.5917,-88.4334
Lake Hallie,WI,44.8758,-91.4407
Lake Koshkonong,WI,42.9097,-88.9196
Lake Mills,WI,43.0814,-88.9118
Lake Nebagamon,WI,46.5149,-91.6999
Lake Ripley,WI,43.0058,-88.9862
Lake Wazeecha,WI,44.3711,-89.7565
Lake Wisconsin,WI,43.3736,-89.5757
Lake Wissota,WI,44.9263,-91.3010
Lamartine,WI,43.7333,-88.5687
Lancaster,WI,42.8475,-90.7107
Lannon,WI,43.1461,-88.1662
Legend Lake,WI,44.8909,-88.5441
Little Chute,WI,44.2800,-88.3184
Little Round Lake,WI,45.9650,-91.3679
Lodi,WI,43.3139,-89.5265
Lomira,WI,43.5914,-88.4437
Loyal,WI,44.7369,-90.4960
Luck,WI,45.5761,-92.4827
Luxemburg,WI,44.5386,-87.7040
Madison,WI,43.0731,-89.4012
Maine,WI,45.0272,-89.6904
Manawa,WI,44.4644,-88.9198
Manchester,WI,43.6905,-89.0485
Manitowoc,WI,44.0886,-87.6576
Maple Bluff,WI,43.1183,-89.3796
Marathon,WI,44.9291,-89.8404
Marinette,WI,45.1000,-87.6307
Marion,WI,44.6708,-88.8893
Markesan,WI,43.7072,-88.9901
Marshall,WI,43.1683,-89.0668
Marshfield,WI,44.6688,-90.1718
Mauston,WI,43.7972,-90.0773
Mayville,WI,43.4942,-88.5448
Mazomanie,WI,43.1767,-89.7948
McFarland,WI,43.0125,-89.2898
Medford,WI,45.1386,-90.3401
Meeme,WI,43.9205,-87.8315
Menasha,WI,44.2022,-88.4465
Menomonee Falls,WI,43.1789,-88.1173
Menomonie,WI,44.8755,-91.9193
Mequon,WI,43.2156,-88.0300
Merrill,WI,45.1805,-89.6835
Merton,WI,43.1467,-88.3068
Middleton,WI,43.0972,-89.5043
Milford,WI,43.1008,-88.8468
Milton,WI,42.7756,-88.9440
Milwaukee,WI,43.0389,-87.9065
Mineral Point,WI,42.8600,-90.1799
Mishicot,WI,44.2392,-87.6412
Mondovi,WI,44.5677,-91.6710
Monona,WI,43.0622,-89.3340
Monroe,WI,42.6011,-89.6385
Montello,WI,43.7914,-89.3198
Monticello,WI,42.7456,-89.5948
Mosinee,WI,44.7930,-89.7032
Mount Horeb,WI,43.0086,-89.7385
Mount Morris,WI,44.1144,-89.1907
Mount Pleasant,WI,42.6974,-87.8558
Mukwonago,WI,42.8667,-88.3334
Muscoda,WI,43.1850,-90.4432
Muskego,WI,42.9059,-88.1390
Nashotah,WI,43.0978,-88.4023
Nashville,WI,45.5227,-89.0248
Neenah,WI,44.1858,-88.4626
Neillsville,WI,44.5600,-90.5962
Nekoosa,WI,44.3125,-89.9043
New Berlin,WI,42.9764,-88.1084
New Glarus,WI,42.8145,-89.6351
New Holstein,WI,43.9500,-88.0843
New Lisbon,WI,43.8791,-90.1654
New London,WI,44.3928,-88.7398
New Richmond,WI,45.1230,-92.5366
Newburg,WI,43.4317,-88.0465
Niagara,WI,45.7713,-87.9948
North Fond du Lac,WI,43.8114,-88.4834
North Hudson,WI,44.9930,-92.7569
North La Crosse,WI,43.8464,-91.2482
North Prairie,WI,42.9345,-88.4054
Oak Creek,WI,42.8858,-87.8631
Oakfield,WI,43.6861,-88.5465
Oconomowoc,WI,43.1117,-88.4993
Oconto,WI,44.8872,-87.8645
Oconto Falls,WI,44.8739,-88.1429
Okauchee Lake,WI,43.1233,-88.4407
Omro,WI,44.0394,-88.7443
Onalaska,WI,43.8844,-91.2351
Oneida,WI,44.4986,-88.1829
Oostburg,WI,43.6228,-87.7945
Oregon,WI,42.9261,-89.3846
Orfordville,WI,42.6275,-89.2532
Osceola,WI,45.3205,-92.7049
Oshkosh,WI,44.0247,-88.5426
Osseo,WI,44.5722,-91.2274
Paddock Lake,WI,42.5775,-88.1051
Palmyra,WI,42.8778,-88.5862
Pardeeville,WI,43.5378,-89.3001
Park Falls,WI,45.9344,-90.4416
Pell Lake,WI,42.5381,-88.3509
Peshtigo,WI,45.0544,-87.7493
Pewaukee,WI,43.0806,-88.2612
Phillips,WI,45.6966,-90.4004
Pittsfield,WI,44.5994,-88.2451
Platteville,WI,42.7342,-90.4785
Pleasant Prairie,WI,42.5531,-87.9334
Plover,WI,44.4564,-89.5440
Plymouth,WI,43.7486,-87.9770
Port Edwards,WI,44.3508,-89.8654
Port Washington,WI,43.3872,-87.8756
Portage,WI,43.5391,-89.4626
Portland,WI,43.7689,-90.8582
Potter Lake,WI,42.8217,-88.3490
Powers Lake,WI,42.5536,-88.2945
Poynette,WI,43.3903,-89.4029
Prairie du Chien,WI,43.0517,-91.1412
Prairie du Sac,WI,43.2869,-89.7240
Prescott,WI,44.7489,-92.8021
Princeton,WI,43.8508,-89.1218
Pulaski,WI,44.6722,-88.2426
Racine,WI,42.7261,-87.7828
Randolph,WI,43.5391,-89.0068
Random Lake,WI,43.5522,-87.9618
Redgranite,WI,44.0419,-89.0984
Reedsburg,WI,43.5325,-90.0026
Reedsville,WI,44.1536,-87.9568
Rhinelander,WI,45.6366,-89.4121
Rib Mountain,WI,44.9128,-89.6754
Rice Lake,WI,45.5061,-91.7382
Richfield,WI,43.2561,-88.1940
Richland Center,WI,43.3347,-90.3868
Richmond,WI,42.7147,-88.7493
Rio,WI,43.4478,-89.2398
Ripon,WI,43.8422,-88.8359
River Falls,WI,44.8614,-92.6238
River Hills,WI,43.1742,-87.9243
Roberts,WI,44.9839,-92.5560
Rochester,WI,42.7414,-88.2243
Rome,WI,44.2206,-89.8084
Rosendale,WI,43.8078,-88.6748
Rothschild,WI,44.8872,-89.6201
Roxbury,WI,43.2494,-89.6754
Rutland,WI,42.8789,-89.3501
Saint Croix Falls,WI,45.4100,-92.6397
Saint Francis,WI,42.9675,-87.8776
Saint Peter,WI,43.8364,-88.3415
Salem,WI,42.5547,-88.1109
Sauk City,WI,43.2708,-89.7221
Saukville,WI,43.3817,-87.9407
Schofield,WI,44.9097,-89.6046
Seymour,WI,44.8266,-91.4313
Seymour,WI,44.5150,-88.3304
Sharon,WI,42.5025,-88.7290
Shawano,WI,44.7822,-88.6090
Sheboygan,WI,43.7508,-87.7145
Sheboygan Falls,WI,43.7320,-87.8221
Shell Lake,WI,45.7394,-91.9254
Sherwood,WI,44.1736,-88.2598
Shorewood,WI,43.0892,-87.8876
Shorewood Hills,WI,43.0775,-89.4457
Shullsburg,WI,42.5733,-90.2310
Silver Lake,WI,42.5461,-88.1656
Silver Lake,WI,44.0553,-89.2262
Siren,WI,45.7858,-92.3810
Slinger,WI,43.3336,-88.2862
Somers,WI,42.6403,-87.9104
Somerset,WI,45.1244,-92.6735
South Milwaukee,WI,42.9106,-87.8606
Sparta,WI,43.9441,-90.8129
Spencer,WI,44.7577,-90.2968
Spooner,WI,45.8225,-91.8893
Spring Green,WI,43.1753,-90.0679
Spring Valley,WI,44.8452,-92.2388
Stanley,WI,44.9600,-90.9371
Stevens Point,WI,44.5236,-89.5746
Stoughton,WI,42.9169,-89.2179
Stratford,WI,44.8011,-90.0793
Strum,WI,44.5497,-91.3927
Sturgeon Bay,WI,44.8342,-87.3770
Sturtevant,WI,42.6981,-87.8945
Suamico,WI,44.6319,-88.0393
Sun Prairie,WI,43.1836,-89.2137
Superior,WI,46.7208,-92.1041
Sussex,WI,43.1339,-88.2220
Tainter Lake,WI,44.9891,-91.8477
Theresa,WI,43.5172,-88.4512
Thiensville,WI,43.2375,-87.9787
Thorp,WI,44.9611,-90.7999
Tichigan,WI,42.8289,-88.1976
Tomah,WI,43.9786,-90.5040
Tomahawk,WI,45.4711,-89.7299
Trempealeau,WI,44.0055,-91.4421
Turtle Lake,WI,45.3944,-92.1424
Twin Lakes,WI,42.5311,-88.2481
Two Rivers,WI,44.1539,-87.5692
Union Grove,WI,42.6881,-88.0515
Verona,WI,42.9908,-89.5332
Viroqua,WI,43.5569,-90.8887
Wales,WI,43.0044,-88.3768
Walworth,WI,42.5311,-88.5995
Washburn,WI,46.6733,-90.8949
Waterford,WI,42.7631,-88.2143
Waterloo,WI,43.1839,-88.9884
Watertown,WI,43.1947,-88.7290
Waukesha,WI,43.0117,-88.2315
Waunakee,WI,43.1919,-89.4557
Waupaca,WI,44.3580,-89.0859
Waupun,WI,43.6333,-88.7296
Wausau,WI,44.9591,-89.6301
Wautoma,WI,44.0747,-89.2879
Wauwatosa,WI,43.0495,-88.0076
West Allis,WI,43.0167,-88.0070
West Baraboo,WI,43.4744,-89.7704
West Bend,WI,43.4253,-88.1834
West Milwaukee,WI,43.0125,-87.9726
West Salem,WI,43.8991,-91.0812
Westby,WI,43.6569,-90.8543
Westfield,WI,43.8836,-89.4935
Weston,WI,44.8908,-89.5476
Weyauwega,WI,44.3214,-88.9337
Whitefish Bay,WI,43.1133,-87.9001
Whitehall,WI,44.3675,-91.3166
Whitewater,WI,42.8336,-88.7323
Whiting,WI,44.4936,-89.5587
Williams Bay,WI,42.5781,-88.5409
Wind Lake,WI,42.8295,-88.1587
Wind Point,WI,42.7845,-87.7662
Windsor,WI,43.2183,-89.3415
Winneconne,WI,44.1108,-88.7126
Wisconsin Dells,WI,43.6275,-89.7710
Wisconsin Rapids,WI,44.3836,-89.8174
Wittenberg,WI,44.8272,-89.1696
Woodville,WI,44.9530,-92.2913
Wrightstown,WI,44.3258,-88.1629
Alderson,WV,37.7259,-80.6420
Alum Creek,WV,38.2860,-81.8110
Ansted,WV,38.1362,-81.0995
Augusta,WV,39.2954,-78.6378
Barboursville,WV,38.4095,-82.2946
Barrackville,WV,39.5037,-80.1667
Beaver,WV,37.7478,-81.1435
Beckley,WV,37.7782,-81.1882
Belington,WV,39.0251,-79.9356
Belle,WV,38.2321,-81.5376
Benwood,WV,40.0181,-80.7343
Berkeley Springs,WV,39.6248,-78.2247
Bethany,WV,40.2056,-80.5567
Bethlehem,WV,39.3920,-80.2806
Bethlehem,WV,40.0440,-80.6906
Blennerhassett,WV,39.2637,-81.6293
Bluefield,WV,37.2698,-81.2223
Bluewell,WV,37.3126,-81.2598
Boaz,WV,39.3615,-81.5021
Bolivar,WV,39.3234,-77.7528
Bradley,WV,37.8654,-81.1940
Bridgeport,WV,39.2865,-80.2562
Brookhaven,WV,39.6118,-79.9045
Brush Fork,WV,37.2809,-81.2559
Buckhannon,WV,38.9940,-80.2320
Buffalo,WV,38.6176,-81.9818
Ceredo,WV,38.3965,-82.5588
Chapmanville,WV,37.9737,-82.0173
Charles Town,WV,39.2890,-77.8597
Charleston,WV,38.3498,-81.6326
Cheat Lake,WV,39.6720,-79.8534
Chesapeake,WV,38.2234,-81.5362
Chester,WV,40.6131,-80.5628
Clarksburg,WV,39.2807,-80.3445
Clay,WV,38.4604,-81.0851
Clendenin,WV,38.4887,-81.3482
Coal City,WV,37.6790,-81.2104
Coal Fork,WV,38.3176,-81.5209
Crab Orchard,WV,37.7407,-81.2307
Craigsville,WV,38.3307,-80.6531
Cross Lanes,WV,38.4204,-81.7907
Culloden,WV,38.4201,-82.0554
Daniels,WV,37.7433,-81.1241
Despard,WV,39.2887,-80.3059
Dunbar,WV,38.3606,-81.7374
Eleanor,WV,38.5376,-81.9324
Elizabeth,WV,39.0634,-81.3951
Elkins,WV,38.9259,-79.8467
Elkview,WV,38.4429,-81.4804
Fairlea,WV,37.7807,-80.4570
Fairmont,WV,39.4851,-80.1426
Fayetteville,WV,38.0529,-81.1040
Follansbee,WV,40.3276,-80.5959
Fort Ashby,WV,39.5031,-78.7686
Franklin,WV,38.6429,-79.3311
Gilbert Creek,WV,37.5759,-81.8948
Glendale,WV,39.9492,-80.7542
Glenville,WV,38.9343,-80.8376
Grafton,WV,39.3409,-80.0190
Grantsville,WV,38.9234,-81.0960
Granville,WV,39.6459,-79.9873
Hamlin,WV,38.2787,-82.1029
Harrisville,WV,39.2095,-81.0518
Hinton,WV,37.6740,-80.8893
Hooverson Heights,WV,40.3248,-80.5776
Huntington,WV,38.4192,-82.4451
Hurricane,WV,38.4326,-82.0201
Inwood,WV,39.3579,-78.0400
Kenova,WV,38.3990,-82.5782
Keyser,WV,39.4409,-78.9739
Kingwood,WV,39.4718,-79.6834
Lavalette,WV,38.3229,-82.4468
Lesage,WV,38.5065,-82.2985
Lewisburg,WV,37.8018,-80.4456
Logan,WV,37.8487,-81.9935
Lubeck,WV,39.2353,-81.6312
Mabscott,WV,37.7709,-81.2084
MacArthur,WV,37.7585,-81.2126
Madison,WV,38.0671,-81.8193
Mallory,WV,37.7307,-81.8379
Mannington,WV,39.5309,-80.3434
Marlinton,WV,38.2234,-80.0945
Marmet,WV,38.2454,-81.5671
Martinsburg,WV,39.4562,-77.9639
McMechen,WV,39.9881,-80.7315
Middlebourne,WV,39.4923,-80.9037
Milton,WV,38.4345,-82.1324
Mineral Wells,WV,39.1780,-81.5121
Monongah,WV,39.4626,-80.2181
Montgomery,WV,38.1804,-81.3285
Moorefield,WV,39.0623,-78.9695
Morgantown,WV,39.6295,-79.9559
Moundsville,WV,39.9203,-80.7431
Mount Gay-Shamrock,WV,37.8386,-82.0297
Mount Hope,WV,37.8954,-81.1643
Mullens,WV,37.5832,-81.3804
New Cumberland,WV,40.4967,-80.6067
New Haven,WV,38.9865,-81.9735
New Martinsville,WV,39.6445,-80.8576
Newell,WV,40.6184,-80.6042
Nitro,WV,38.4148,-81.8440
Nutter Fort,WV,39.2634,-80.3198
Oak Hill,WV,37.9723,-81.1487
Oceana,WV,37.6921,-81.6240
Paden City,WV,39.6028,-80.9368
Parkersburg,WV,39.2667,-81.5615
Parsons,WV,39.0965,-79.6809
Pea Ridge,WV,38.4140,-82.3199
Pennsboro,WV,39.2851,-80.9684
Petersburg,WV,38.9926,-79.1239
Philippi,WV,39.1523,-80.0404
Pinch,WV,38.4087,-81.4818
Pineville,WV,37.5832,-81.5370
Pleasant Valley,WV,39.4554,-80.1418
Point Pleasant,WV,38.8445,-82.1371
Princeton,WV,37.3662,-81.1026
Prosperity,WV,37.8365,-81.2018
Rainelle,WV,37.9687,-80.7670
Rand,WV,38.2826,-81.5623
Ranson,WV,39.2951,-77.8606
Ravenswood,WV,38.9481,-81.7610
Richwood,WV,38.2248,-80.5331
Ripley,WV,38.8187,-81.7107
Romney,WV,39.3420,-78.7567
Ronceverte,WV,37.7498,-80.4629
Saint Albans,WV,38.3856,-81.8362
Saint Marys,WV,39.3917,-81.2051
Salem,WV,39.2829,-80.5590
Shady Spring,WV,37.7057,-81.0984
Shannondale,WV,39.2171,-77.8075
Shepherdstown,WV,39.4301,-77.8042
Shinnston,WV,39.3956,-80.3001
Sissonville,WV,38.5281,-81.6310
Sistersville,WV,39.5642,-80.9959
Sophia,WV,37.7076,-81.2507
South Charleston,WV,38.3684,-81.6996
Spencer,WV,38.8020,-81.3509
Stanaford,WV,37.8160,-81.1523
Star City,WV,39.6584,-79.9865
Stonewood,WV,39.2509,-80.3123
Summersville,WV,38.2812,-80.8526
Sutton,WV,38.6645,-80.7098
Teays Valley,WV,38.4501,-81.9293
Terra Alta,WV,39.4457,-79.5464
Tornado,WV,38.3429,-81.8443
Union,WV,37.5915,-80.5437
Vienna,WV,39.3270,-81.5485
Washington,WV,39.2612,-81.6718
Wayne,WV,38.2215,-82.4424
Webster Springs,WV,38.4793,-80.4134
Weirton,WV,40.4190,-80.5895
Weirton Heights,WV,40.4084,-80.5392
Welch,WV,37.4329,-81.5845
Wellsburg,WV,40.2720,-80.6095
West Liberty,WV,40.1698,-80.5937
West Union,WV,39.2965,-80.7771
Weston,WV,39.0384,-80.4673
Westover,WV,39.6345,-79.9698
Wheeling,WV,40.0640,-80.7209
White Sulphur Springs,WV,37.7965,-80.2976
Wiley Ford,WV,39.6145,-78.7750
Williamson,WV,37.6743,-82.2774
Williamstown,WV,39.4006,-81.4482
Winfield,WV,38.5331,-81.8935
Afton,WY,42.7249,-110.9319
Antelope Valley-Crestview,WY,44.2249,-105.4741
Arapahoe,WY,42.9622,-108.4898
Bar Nunn,WY,42.9136,-106.3434
Basin,WY,44.3800,-108.0390
Buffalo,WY,44.3483,-106.6989
Casper,WY,42.8666,-106.3131
Cheyenne,WY,41.1400,-104.8203
Cody,WY,44.5263,-109.0565
Douglas,WY,42.7597,-105.3822
Ethete,WY,43.0250,-108.7726
Evanston,WY,41.2683,-110.9632
Evansville,WY,42.8600,-106.2684
Fort Washakie,WY,43.0063,-108.8824
Fox Farm-College,WY,41.1120,-104.7855
Gillette,WY,44.2911,-105.5022
Glenrock,WY,42.8614,-105.8722
Green River,WY,41.5286,-109.4663
Greybull,WY,44.4891,-108.0562
Guernsey,WY,42.2697,-104.7416
Hoback,WY,43.2819,-110.7838
Jackson,WY,43.4799,-110.7624
Kemmerer,WY,41.7925,-110.5377
Lander,WY,42.8330,-108.7307
Laramie,WY,41.3114,-105.5911
Lovell,WY,44.8374,-108.3896
Lusk,WY,42.7625,-104.4522
Lyman,WY,41.3274,-110.2929
Marbleton,WY,42.5536,-110.1093
Mills,WY,42.8405,-106.3659
Moorcroft,WY,44.2633,-104.9502
Moose Wilson Road,WY,43.5252,-110.8447
Mountain View,WY,41.2688,-110.3399
Newcastle,WY,43.8547,-104.2049
North Rock Springs,WY,41.6436,-109.2657
Pine Bluffs,WY,41.1819,-104.0691
Pinedale,WY,42.8666,-109.8610
Powell,WY,44.7538,-108.7574
Rafter J Ranch,WY,43.4260,-110.7991
Ranchettes,WY,41.2186,-104.7903
Rawlins,WY,41.7911,-107.2387
Riverton,WY,43.0250,-108.3801
Rock Springs,WY,41.5875,-109.2029
Saratoga,WY,41.4550,-106.8064
Sheridan,WY,44.7972,-106.9562
Sleepy Hollow,WY,44.2330,-105.4270
South Greeley,WY,41.0969,-104.8064
South Park,WY,43.4222,-110.7933
Star Valley Ranch,WY,42.9714,-110.9556
Sundance,WY,44.4064,-104.3758
Thermopolis,WY,43.6461,-108.2120
Torrington,WY,42.0625,-104.1844
Upton,WY,44.0997,-104.6280
Wheatland,WY,42.0541,-104.9530
Wilson,WY,43.5008,-110.8752
Worland,WY,44.0169,-107.9554
Wright,WY,43.7512,-105.4920
Dawson City,YT,64.0601,-139.4333
Watson Lake,YT,60.0635,-128.7089
Whitehorse,YT,60.7161,-135.0538
